2023-07-20 09:57:48,543 - Content Certificate Generation Utility started (Logging to sb_content_cert.log)
2023-07-20 09:57:48,543 - Parsing config file: cert/cfg/ICVSBContent.cfg
2023-07-20 09:57:48,543 - Parsed config items:
cert-keypair:	cert/key/ICVSBContent.pem
cert-keypair-pwd:	cert/key/ICVSBContent.pwd
load-verify-scheme:	0
crypto-type:	0
aes-ce-id:	0
aes-enc-key:	cert/key/KCEICV.txt
images-table:	cert/Images.txt
nvcounter-val:	1
cert-pkg:	cert/ICVSBContent.crt
2023-07-20 09:57:48,543 - **** Creating Content Certificate ****
2023-07-20 09:57:48,549 - **** Certificate file (context) creation has been completed successfully ****
2023-07-20 09:57:48,736 - Content Certificate Generation Utility started (Logging to sb_content_cert.log)
2023-07-20 09:57:48,736 - Parsing config file: cert/cfg/ICVSBContent.cfg
2023-07-20 09:57:48,737 - Parsed config items:
cert-keypair:	cert/key/ICVSBContent.pem
cert-keypair-pwd:	cert/key/ICVSBContent.pwd
load-verify-scheme:	0
crypto-type:	0
aes-ce-id:	0
aes-enc-key:	cert/key/KCEICV.txt
images-table:	cert/Images.txt
nvcounter-val:	1
cert-pkg:	cert/ICVSBContent.crt
2023-07-20 09:57:48,737 - **** Creating Content Certificate ****
2023-07-20 09:57:48,750 - **** Certificate file (context) creation has been completed successfully ****
2023-07-20 09:58:11,566 - Content Certificate Generation Utility started (Logging to sb_content_cert.log)
2023-07-20 09:58:11,566 - Parsing config file: cert/cfg/ICVSBContent.cfg
2023-07-20 09:58:11,566 - Parsed config items:
cert-keypair:	cert/key/ICVSBContent.pem
cert-keypair-pwd:	cert/key/ICVSBContent.pwd
load-verify-scheme:	0
crypto-type:	0
aes-ce-id:	0
aes-enc-key:	cert/key/KCEICV.txt
images-table:	cert/Images.txt
nvcounter-val:	1
cert-pkg:	cert/ICVSBContent.crt
2023-07-20 09:58:11,566 - **** Creating Content Certificate ****
2023-07-20 09:58:11,571 - **** Certificate file (context) creation has been completed successfully ****
2023-07-20 09:58:11,745 - Content Certificate Generation Utility started (Logging to sb_content_cert.log)
2023-07-20 09:58:11,745 - Parsing config file: cert/cfg/ICVSBContent.cfg
2023-07-20 09:58:11,745 - Parsed config items:
cert-keypair:	cert/key/ICVSBContent.pem
cert-keypair-pwd:	cert/key/ICVSBContent.pwd
load-verify-scheme:	0
crypto-type:	0
aes-ce-id:	0
aes-enc-key:	cert/key/KCEICV.txt
images-table:	cert/Images.txt
nvcounter-val:	1
cert-pkg:	cert/ICVSBContent.crt
2023-07-20 09:58:11,746 - **** Creating Content Certificate ****
2023-07-20 09:58:11,751 - **** Certificate file (context) creation has been completed successfully ****
2023-07-20 09:58:11,940 - Content Certificate Generation Utility started (Logging to sb_content_cert.log)
2023-07-20 09:58:11,940 - Parsing config file: cert/cfg/ICVSBContent.cfg
2023-07-20 09:58:11,940 - Parsed config items:
cert-keypair:	cert/key/ICVSBContent.pem
cert-keypair-pwd:	cert/key/ICVSBContent.pwd
load-verify-scheme:	0
crypto-type:	0
aes-ce-id:	0
aes-enc-key:	cert/key/KCEICV.txt
images-table:	cert/Images.txt
nvcounter-val:	1
cert-pkg:	cert/ICVSBContent.crt
2023-07-20 09:58:11,941 - **** Creating Content Certificate ****
2023-07-20 09:58:11,946 - **** Certificate file (context) creation has been completed successfully ****
2023-07-20 09:58:12,121 - Content Certificate Generation Utility started (Logging to sb_content_cert.log)
2023-07-20 09:58:12,121 - Parsing config file: cert/cfg/ICVSBContent.cfg
2023-07-20 09:58:12,121 - Parsed config items:
cert-keypair:	cert/key/ICVSBContent.pem
cert-keypair-pwd:	cert/key/ICVSBContent.pwd
load-verify-scheme:	0
crypto-type:	0
aes-ce-id:	0
aes-enc-key:	cert/key/KCEICV.txt
images-table:	cert/Images.txt
nvcounter-val:	1
cert-pkg:	cert/ICVSBContent.crt
2023-07-20 09:58:12,122 - **** Creating Content Certificate ****
2023-07-20 09:58:12,126 - **** Certificate file (context) creation has been completed successfully ****
2023-07-20 09:58:13,028 - Content Certificate Generation Utility started (Logging to sb_content_cert.log)
2023-07-20 09:58:13,028 - Parsing config file: cert/cfg/ICVSBContent.cfg
2023-07-20 09:58:13,029 - Parsed config items:
cert-keypair:	cert/key/ICVSBContent.pem
cert-keypair-pwd:	cert/key/ICVSBContent.pwd
load-verify-scheme:	0
crypto-type:	0
aes-ce-id:	0
aes-enc-key:	cert/key/KCEICV.txt
images-table:	cert/Images.txt
nvcounter-val:	1
cert-pkg:	cert/ICVSBContent.crt
2023-07-20 09:58:13,029 - **** Creating Content Certificate ****
2023-07-20 09:58:13,034 - **** Certificate file (context) creation has been completed successfully ****
2023-07-20 11:00:17,418 - Content Certificate Generation Utility started (Logging to sb_content_cert.log)
2023-07-20 11:00:17,419 - Parsing config file: cert/cfg/ICVSBContent.cfg
2023-07-20 11:00:17,419 - Parsed config items:
cert-keypair:	cert/key/ICVSBContent.pem
cert-keypair-pwd:	cert/key/ICVSBContent.pwd
load-verify-scheme:	0
crypto-type:	0
aes-ce-id:	0
aes-enc-key:	cert/key/KCEICV.txt
images-table:	cert/Images.txt
nvcounter-val:	1
cert-pkg:	cert/ICVSBContent.crt
2023-07-20 11:00:17,419 - **** Creating Content Certificate ****
2023-07-20 11:00:17,424 - **** Certificate file (context) creation has been completed successfully ****
2023-07-20 11:00:17,606 - Content Certificate Generation Utility started (Logging to sb_content_cert.log)
2023-07-20 11:00:17,607 - Parsing config file: cert/cfg/ICVSBContent.cfg
2023-07-20 11:00:17,607 - Parsed config items:
cert-keypair:	cert/key/ICVSBContent.pem
cert-keypair-pwd:	cert/key/ICVSBContent.pwd
load-verify-scheme:	0
crypto-type:	0
aes-ce-id:	0
aes-enc-key:	cert/key/KCEICV.txt
images-table:	cert/Images.txt
nvcounter-val:	1
cert-pkg:	cert/ICVSBContent.crt
2023-07-20 11:00:17,607 - **** Creating Content Certificate ****
2023-07-20 11:00:17,612 - **** Certificate file (context) creation has been completed successfully ****
2023-07-20 11:00:17,816 - Content Certificate Generation Utility started (Logging to sb_content_cert.log)
2023-07-20 11:00:17,817 - Parsing config file: cert/cfg/ICVSBContent.cfg
2023-07-20 11:00:17,817 - Parsed config items:
cert-keypair:	cert/key/ICVSBContent.pem
cert-keypair-pwd:	cert/key/ICVSBContent.pwd
load-verify-scheme:	0
crypto-type:	0
aes-ce-id:	0
aes-enc-key:	cert/key/KCEICV.txt
images-table:	cert/Images.txt
nvcounter-val:	1
cert-pkg:	cert/ICVSBContent.crt
2023-07-20 11:00:17,817 - **** Creating Content Certificate ****
2023-07-20 11:00:17,823 - **** Certificate file (context) creation has been completed successfully ****
2023-07-20 11:00:18,007 - Content Certificate Generation Utility started (Logging to sb_content_cert.log)
2023-07-20 11:00:18,007 - Parsing config file: cert/cfg/ICVSBContent.cfg
2023-07-20 11:00:18,007 - Parsed config items:
cert-keypair:	cert/key/ICVSBContent.pem
cert-keypair-pwd:	cert/key/ICVSBContent.pwd
load-verify-scheme:	0
crypto-type:	0
aes-ce-id:	0
aes-enc-key:	cert/key/KCEICV.txt
images-table:	cert/Images.txt
nvcounter-val:	1
cert-pkg:	cert/ICVSBContent.crt
2023-07-20 11:00:18,007 - **** Creating Content Certificate ****
2023-07-20 11:00:18,013 - **** Certificate file (context) creation has been completed successfully ****
2023-07-20 11:00:18,655 - Content Certificate Generation Utility started (Logging to sb_content_cert.log)
2023-07-20 11:00:18,655 - Parsing config file: cert/cfg/ICVSBContent.cfg
2023-07-20 11:00:18,655 - Parsed config items:
cert-keypair:	cert/key/ICVSBContent.pem
cert-keypair-pwd:	cert/key/ICVSBContent.pwd
load-verify-scheme:	0
crypto-type:	0
aes-ce-id:	0
aes-enc-key:	cert/key/KCEICV.txt
images-table:	cert/Images.txt
nvcounter-val:	1
cert-pkg:	cert/ICVSBContent.crt
2023-07-20 11:00:18,655 - **** Creating Content Certificate ****
2023-07-20 11:00:18,661 - **** Certificate file (context) creation has been completed successfully ****
2023-07-20 11:23:41,093 - Content Certificate Generation Utility started (Logging to sb_content_cert.log)
2023-07-20 11:23:41,094 - Parsing config file: cert/cfg/ICVSBContent.cfg
2023-07-20 11:23:41,094 - Parsed config items:
cert-keypair:	cert/key/ICVSBContent.pem
cert-keypair-pwd:	cert/key/ICVSBContent.pwd
load-verify-scheme:	0
crypto-type:	0
aes-ce-id:	0
aes-enc-key:	cert/key/KCEICV.txt
images-table:	cert/Images.txt
nvcounter-val:	1
cert-pkg:	cert/ICVSBContent.crt
2023-07-20 11:23:41,094 - **** Creating Content Certificate ****
2023-07-20 11:23:41,099 - **** Certificate file (context) creation has been completed successfully ****
2023-07-20 11:23:41,282 - Content Certificate Generation Utility started (Logging to sb_content_cert.log)
2023-07-20 11:23:41,282 - Parsing config file: cert/cfg/ICVSBContent.cfg
2023-07-20 11:23:41,282 - Parsed config items:
cert-keypair:	cert/key/ICVSBContent.pem
cert-keypair-pwd:	cert/key/ICVSBContent.pwd
load-verify-scheme:	0
crypto-type:	0
aes-ce-id:	0
aes-enc-key:	cert/key/KCEICV.txt
images-table:	cert/Images.txt
nvcounter-val:	1
cert-pkg:	cert/ICVSBContent.crt
2023-07-20 11:23:41,282 - **** Creating Content Certificate ****
2023-07-20 11:23:41,287 - **** Certificate file (context) creation has been completed successfully ****
2023-07-20 11:23:41,494 - Content Certificate Generation Utility started (Logging to sb_content_cert.log)
2023-07-20 11:23:41,495 - Parsing config file: cert/cfg/ICVSBContent.cfg
2023-07-20 11:23:41,495 - Parsed config items:
cert-keypair:	cert/key/ICVSBContent.pem
cert-keypair-pwd:	cert/key/ICVSBContent.pwd
load-verify-scheme:	0
crypto-type:	0
aes-ce-id:	0
aes-enc-key:	cert/key/KCEICV.txt
images-table:	cert/Images.txt
nvcounter-val:	1
cert-pkg:	cert/ICVSBContent.crt
2023-07-20 11:23:41,495 - **** Creating Content Certificate ****
2023-07-20 11:23:41,500 - **** Certificate file (context) creation has been completed successfully ****
2023-07-20 11:23:41,681 - Content Certificate Generation Utility started (Logging to sb_content_cert.log)
2023-07-20 11:23:41,681 - Parsing config file: cert/cfg/ICVSBContent.cfg
2023-07-20 11:23:41,682 - Parsed config items:
cert-keypair:	cert/key/ICVSBContent.pem
cert-keypair-pwd:	cert/key/ICVSBContent.pwd
load-verify-scheme:	0
crypto-type:	0
aes-ce-id:	0
aes-enc-key:	cert/key/KCEICV.txt
images-table:	cert/Images.txt
nvcounter-val:	1
cert-pkg:	cert/ICVSBContent.crt
2023-07-20 11:23:41,682 - **** Creating Content Certificate ****
2023-07-20 11:23:41,687 - **** Certificate file (context) creation has been completed successfully ****
2023-07-20 11:23:42,308 - Content Certificate Generation Utility started (Logging to sb_content_cert.log)
2023-07-20 11:23:42,308 - Parsing config file: cert/cfg/ICVSBContent.cfg
2023-07-20 11:23:42,308 - Parsed config items:
cert-keypair:	cert/key/ICVSBContent.pem
cert-keypair-pwd:	cert/key/ICVSBContent.pwd
load-verify-scheme:	0
crypto-type:	0
aes-ce-id:	0
aes-enc-key:	cert/key/KCEICV.txt
images-table:	cert/Images.txt
nvcounter-val:	1
cert-pkg:	cert/ICVSBContent.crt
2023-07-20 11:23:42,308 - **** Creating Content Certificate ****
2023-07-20 11:23:42,313 - **** Certificate file (context) creation has been completed successfully ****
2023-07-20 13:19:27,988 - Content Certificate Generation Utility started (Logging to sb_content_cert.log)
2023-07-20 13:19:27,988 - Parsing config file: cert/cfg/ICVSBContent.cfg
2023-07-20 13:19:27,988 - Parsed config items:
cert-keypair:	cert/key/ICVSBContent.pem
cert-keypair-pwd:	cert/key/ICVSBContent.pwd
load-verify-scheme:	0
crypto-type:	0
aes-ce-id:	0
aes-enc-key:	cert/key/KCEICV.txt
images-table:	cert/Images.txt
nvcounter-val:	1
cert-pkg:	cert/ICVSBContent.crt
2023-07-20 13:19:27,988 - **** Creating Content Certificate ****
2023-07-20 13:19:27,995 - **** Certificate file (context) creation has been completed successfully ****
2023-07-20 13:19:28,179 - Content Certificate Generation Utility started (Logging to sb_content_cert.log)
2023-07-20 13:19:28,179 - Parsing config file: cert/cfg/ICVSBContent.cfg
2023-07-20 13:19:28,179 - Parsed config items:
cert-keypair:	cert/key/ICVSBContent.pem
cert-keypair-pwd:	cert/key/ICVSBContent.pwd
load-verify-scheme:	0
crypto-type:	0
aes-ce-id:	0
aes-enc-key:	cert/key/KCEICV.txt
images-table:	cert/Images.txt
nvcounter-val:	1
cert-pkg:	cert/ICVSBContent.crt
2023-07-20 13:19:28,179 - **** Creating Content Certificate ****
2023-07-20 13:19:28,187 - **** Certificate file (context) creation has been completed successfully ****
2023-07-20 13:19:28,390 - Content Certificate Generation Utility started (Logging to sb_content_cert.log)
2023-07-20 13:19:28,390 - Parsing config file: cert/cfg/ICVSBContent.cfg
2023-07-20 13:19:28,390 - Parsed config items:
cert-keypair:	cert/key/ICVSBContent.pem
cert-keypair-pwd:	cert/key/ICVSBContent.pwd
load-verify-scheme:	0
crypto-type:	0
aes-ce-id:	0
aes-enc-key:	cert/key/KCEICV.txt
images-table:	cert/Images.txt
nvcounter-val:	1
cert-pkg:	cert/ICVSBContent.crt
2023-07-20 13:19:28,391 - **** Creating Content Certificate ****
2023-07-20 13:19:28,396 - **** Certificate file (context) creation has been completed successfully ****
2023-07-20 13:19:28,577 - Content Certificate Generation Utility started (Logging to sb_content_cert.log)
2023-07-20 13:19:28,577 - Parsing config file: cert/cfg/ICVSBContent.cfg
2023-07-20 13:19:28,578 - Parsed config items:
cert-keypair:	cert/key/ICVSBContent.pem
cert-keypair-pwd:	cert/key/ICVSBContent.pwd
load-verify-scheme:	0
crypto-type:	0
aes-ce-id:	0
aes-enc-key:	cert/key/KCEICV.txt
images-table:	cert/Images.txt
nvcounter-val:	1
cert-pkg:	cert/ICVSBContent.crt
2023-07-20 13:19:28,578 - **** Creating Content Certificate ****
2023-07-20 13:19:28,583 - **** Certificate file (context) creation has been completed successfully ****
2023-07-20 13:19:29,205 - Content Certificate Generation Utility started (Logging to sb_content_cert.log)
2023-07-20 13:19:29,205 - Parsing config file: cert/cfg/ICVSBContent.cfg
2023-07-20 13:19:29,205 - Parsed config items:
cert-keypair:	cert/key/ICVSBContent.pem
cert-keypair-pwd:	cert/key/ICVSBContent.pwd
load-verify-scheme:	0
crypto-type:	0
aes-ce-id:	0
aes-enc-key:	cert/key/KCEICV.txt
images-table:	cert/Images.txt
nvcounter-val:	1
cert-pkg:	cert/ICVSBContent.crt
2023-07-20 13:19:29,205 - **** Creating Content Certificate ****
2023-07-20 13:19:29,210 - **** Certificate file (context) creation has been completed successfully ****
2023-07-20 13:33:45,710 - Content Certificate Generation Utility started (Logging to sb_content_cert.log)
2023-07-20 13:33:45,710 - Parsing config file: cert/cfg/ICVSBContent.cfg
2023-07-20 13:33:45,710 - Parsed config items:
cert-keypair:	cert/key/ICVSBContent.pem
cert-keypair-pwd:	cert/key/ICVSBContent.pwd
load-verify-scheme:	0
crypto-type:	0
aes-ce-id:	0
aes-enc-key:	cert/key/KCEICV.txt
images-table:	cert/Images.txt
nvcounter-val:	1
cert-pkg:	cert/ICVSBContent.crt
2023-07-20 13:33:45,710 - **** Creating Content Certificate ****
2023-07-20 13:33:45,715 - **** Certificate file (context) creation has been completed successfully ****
2023-07-20 13:33:45,895 - Content Certificate Generation Utility started (Logging to sb_content_cert.log)
2023-07-20 13:33:45,895 - Parsing config file: cert/cfg/ICVSBContent.cfg
2023-07-20 13:33:45,896 - Parsed config items:
cert-keypair:	cert/key/ICVSBContent.pem
cert-keypair-pwd:	cert/key/ICVSBContent.pwd
load-verify-scheme:	0
crypto-type:	0
aes-ce-id:	0
aes-enc-key:	cert/key/KCEICV.txt
images-table:	cert/Images.txt
nvcounter-val:	1
cert-pkg:	cert/ICVSBContent.crt
2023-07-20 13:33:45,896 - **** Creating Content Certificate ****
2023-07-20 13:33:45,901 - **** Certificate file (context) creation has been completed successfully ****
2023-07-20 13:33:46,104 - Content Certificate Generation Utility started (Logging to sb_content_cert.log)
2023-07-20 13:33:46,104 - Parsing config file: cert/cfg/ICVSBContent.cfg
2023-07-20 13:33:46,104 - Parsed config items:
cert-keypair:	cert/key/ICVSBContent.pem
cert-keypair-pwd:	cert/key/ICVSBContent.pwd
load-verify-scheme:	0
crypto-type:	0
aes-ce-id:	0
aes-enc-key:	cert/key/KCEICV.txt
images-table:	cert/Images.txt
nvcounter-val:	1
cert-pkg:	cert/ICVSBContent.crt
2023-07-20 13:33:46,105 - **** Creating Content Certificate ****
2023-07-20 13:33:46,111 - **** Certificate file (context) creation has been completed successfully ****
2023-07-20 13:33:46,289 - Content Certificate Generation Utility started (Logging to sb_content_cert.log)
2023-07-20 13:33:46,290 - Parsing config file: cert/cfg/ICVSBContent.cfg
2023-07-20 13:33:46,290 - Parsed config items:
cert-keypair:	cert/key/ICVSBContent.pem
cert-keypair-pwd:	cert/key/ICVSBContent.pwd
load-verify-scheme:	0
crypto-type:	0
aes-ce-id:	0
aes-enc-key:	cert/key/KCEICV.txt
images-table:	cert/Images.txt
nvcounter-val:	1
cert-pkg:	cert/ICVSBContent.crt
2023-07-20 13:33:46,290 - **** Creating Content Certificate ****
2023-07-20 13:33:46,295 - **** Certificate file (context) creation has been completed successfully ****
2023-07-20 13:33:47,470 - Content Certificate Generation Utility started (Logging to sb_content_cert.log)
2023-07-20 13:33:47,471 - Parsing config file: cert/cfg/ICVSBContent.cfg
2023-07-20 13:33:47,471 - Parsed config items:
cert-keypair:	cert/key/ICVSBContent.pem
cert-keypair-pwd:	cert/key/ICVSBContent.pwd
load-verify-scheme:	0
crypto-type:	0
aes-ce-id:	0
aes-enc-key:	cert/key/KCEICV.txt
images-table:	cert/Images.txt
nvcounter-val:	1
cert-pkg:	cert/ICVSBContent.crt
2023-07-20 13:33:47,471 - **** Creating Content Certificate ****
2023-07-20 13:33:47,476 - **** Certificate file (context) creation has been completed successfully ****
2023-07-20 14:21:03,083 - Content Certificate Generation Utility started (Logging to sb_content_cert.log)
2023-07-20 14:21:03,083 - Parsing config file: cert/cfg/ICVSBContent.cfg
2023-07-20 14:21:03,083 - Parsed config items:
cert-keypair:	cert/key/ICVSBContent.pem
cert-keypair-pwd:	cert/key/ICVSBContent.pwd
load-verify-scheme:	0
crypto-type:	0
aes-ce-id:	0
aes-enc-key:	cert/key/KCEICV.txt
images-table:	cert/Images.txt
nvcounter-val:	1
cert-pkg:	cert/ICVSBContent.crt
2023-07-20 14:21:03,083 - **** Creating Content Certificate ****
2023-07-20 14:21:03,089 - **** Certificate file (context) creation has been completed successfully ****
2023-07-20 14:21:03,273 - Content Certificate Generation Utility started (Logging to sb_content_cert.log)
2023-07-20 14:21:03,273 - Parsing config file: cert/cfg/ICVSBContent.cfg
2023-07-20 14:21:03,274 - Parsed config items:
cert-keypair:	cert/key/ICVSBContent.pem
cert-keypair-pwd:	cert/key/ICVSBContent.pwd
load-verify-scheme:	0
crypto-type:	0
aes-ce-id:	0
aes-enc-key:	cert/key/KCEICV.txt
images-table:	cert/Images.txt
nvcounter-val:	1
cert-pkg:	cert/ICVSBContent.crt
2023-07-20 14:21:03,274 - **** Creating Content Certificate ****
2023-07-20 14:21:03,279 - **** Certificate file (context) creation has been completed successfully ****
2023-07-20 14:21:03,513 - Content Certificate Generation Utility started (Logging to sb_content_cert.log)
2023-07-20 14:21:03,514 - Parsing config file: cert/cfg/ICVSBContent.cfg
2023-07-20 14:21:03,514 - Parsed config items:
cert-keypair:	cert/key/ICVSBContent.pem
cert-keypair-pwd:	cert/key/ICVSBContent.pwd
load-verify-scheme:	0
crypto-type:	0
aes-ce-id:	0
aes-enc-key:	cert/key/KCEICV.txt
images-table:	cert/Images.txt
nvcounter-val:	1
cert-pkg:	cert/ICVSBContent.crt
2023-07-20 14:21:03,514 - **** Creating Content Certificate ****
2023-07-20 14:21:03,521 - **** Certificate file (context) creation has been completed successfully ****
2023-07-20 14:21:03,709 - Content Certificate Generation Utility started (Logging to sb_content_cert.log)
2023-07-20 14:21:03,709 - Parsing config file: cert/cfg/ICVSBContent.cfg
2023-07-20 14:21:03,709 - Parsed config items:
cert-keypair:	cert/key/ICVSBContent.pem
cert-keypair-pwd:	cert/key/ICVSBContent.pwd
load-verify-scheme:	0
crypto-type:	0
aes-ce-id:	0
aes-enc-key:	cert/key/KCEICV.txt
images-table:	cert/Images.txt
nvcounter-val:	1
cert-pkg:	cert/ICVSBContent.crt
2023-07-20 14:21:03,710 - **** Creating Content Certificate ****
2023-07-20 14:21:03,715 - **** Certificate file (context) creation has been completed successfully ****
2023-07-20 14:21:03,902 - Content Certificate Generation Utility started (Logging to sb_content_cert.log)
2023-07-20 14:21:03,902 - Parsing config file: cert/cfg/ICVSBContent.cfg
2023-07-20 14:21:03,903 - Parsed config items:
cert-keypair:	cert/key/ICVSBContent.pem
cert-keypair-pwd:	cert/key/ICVSBContent.pwd
load-verify-scheme:	0
crypto-type:	0
aes-ce-id:	0
aes-enc-key:	cert/key/KCEICV.txt
images-table:	cert/Images.txt
nvcounter-val:	1
cert-pkg:	cert/ICVSBContent.crt
2023-07-20 14:21:03,903 - **** Creating Content Certificate ****
2023-07-20 14:21:03,908 - **** Certificate file (context) creation has been completed successfully ****
2023-07-20 14:21:04,092 - Content Certificate Generation Utility started (Logging to sb_content_cert.log)
2023-07-20 14:21:04,093 - Parsing config file: cert/cfg/ICVSBContent.cfg
2023-07-20 14:21:04,093 - Parsed config items:
cert-keypair:	cert/key/ICVSBContent.pem
cert-keypair-pwd:	cert/key/ICVSBContent.pwd
load-verify-scheme:	0
crypto-type:	0
aes-ce-id:	0
aes-enc-key:	cert/key/KCEICV.txt
images-table:	cert/Images.txt
nvcounter-val:	1
cert-pkg:	cert/ICVSBContent.crt
2023-07-20 14:21:04,093 - **** Creating Content Certificate ****
2023-07-20 14:21:04,098 - **** Certificate file (context) creation has been completed successfully ****
2023-07-20 14:21:05,423 - Content Certificate Generation Utility started (Logging to sb_content_cert.log)
2023-07-20 14:21:05,423 - Parsing config file: cert/cfg/ICVSBContent.cfg
2023-07-20 14:21:05,424 - Parsed config items:
cert-keypair:	cert/key/ICVSBContent.pem
cert-keypair-pwd:	cert/key/ICVSBContent.pwd
load-verify-scheme:	0
crypto-type:	0
aes-ce-id:	0
aes-enc-key:	cert/key/KCEICV.txt
images-table:	cert/Images.txt
nvcounter-val:	1
cert-pkg:	cert/ICVSBContent.crt
2023-07-20 14:21:05,424 - **** Creating Content Certificate ****
2023-07-20 14:21:05,429 - **** Certificate file (context) creation has been completed successfully ****
2023-07-20 15:56:06,008 - Content Certificate Generation Utility started (Logging to sb_content_cert.log)
2023-07-20 15:56:06,008 - Parsing config file: cert/cfg/ICVSBContent.cfg
2023-07-20 15:56:06,009 - Parsed config items:
cert-keypair:	cert/key/ICVSBContent.pem
cert-keypair-pwd:	cert/key/ICVSBContent.pwd
load-verify-scheme:	0
crypto-type:	0
aes-ce-id:	0
aes-enc-key:	cert/key/KCEICV.txt
images-table:	cert/Images.txt
nvcounter-val:	1
cert-pkg:	cert/ICVSBContent.crt
2023-07-20 15:56:06,009 - **** Creating Content Certificate ****
2023-07-20 15:56:06,014 - **** Certificate file (context) creation has been completed successfully ****
2023-07-20 15:56:06,192 - Content Certificate Generation Utility started (Logging to sb_content_cert.log)
2023-07-20 15:56:06,193 - Parsing config file: cert/cfg/ICVSBContent.cfg
2023-07-20 15:56:06,193 - Parsed config items:
cert-keypair:	cert/key/ICVSBContent.pem
cert-keypair-pwd:	cert/key/ICVSBContent.pwd
load-verify-scheme:	0
crypto-type:	0
aes-ce-id:	0
aes-enc-key:	cert/key/KCEICV.txt
images-table:	cert/Images.txt
nvcounter-val:	1
cert-pkg:	cert/ICVSBContent.crt
2023-07-20 15:56:06,193 - **** Creating Content Certificate ****
2023-07-20 15:56:06,198 - **** Certificate file (context) creation has been completed successfully ****
2023-07-20 15:56:06,425 - Content Certificate Generation Utility started (Logging to sb_content_cert.log)
2023-07-20 15:56:06,425 - Parsing config file: cert/cfg/ICVSBContent.cfg
2023-07-20 15:56:06,426 - Parsed config items:
cert-keypair:	cert/key/ICVSBContent.pem
cert-keypair-pwd:	cert/key/ICVSBContent.pwd
load-verify-scheme:	0
crypto-type:	0
aes-ce-id:	0
aes-enc-key:	cert/key/KCEICV.txt
images-table:	cert/Images.txt
nvcounter-val:	1
cert-pkg:	cert/ICVSBContent.crt
2023-07-20 15:56:06,426 - **** Creating Content Certificate ****
2023-07-20 15:56:06,432 - **** Certificate file (context) creation has been completed successfully ****
2023-07-20 15:56:06,612 - Content Certificate Generation Utility started (Logging to sb_content_cert.log)
2023-07-20 15:56:06,612 - Parsing config file: cert/cfg/ICVSBContent.cfg
2023-07-20 15:56:06,613 - Parsed config items:
cert-keypair:	cert/key/ICVSBContent.pem
cert-keypair-pwd:	cert/key/ICVSBContent.pwd
load-verify-scheme:	0
crypto-type:	0
aes-ce-id:	0
aes-enc-key:	cert/key/KCEICV.txt
images-table:	cert/Images.txt
nvcounter-val:	1
cert-pkg:	cert/ICVSBContent.crt
2023-07-20 15:56:06,613 - **** Creating Content Certificate ****
2023-07-20 15:56:06,618 - **** Certificate file (context) creation has been completed successfully ****
2023-07-20 15:56:06,799 - Content Certificate Generation Utility started (Logging to sb_content_cert.log)
2023-07-20 15:56:06,799 - Parsing config file: cert/cfg/ICVSBContent.cfg
2023-07-20 15:56:06,799 - Parsed config items:
cert-keypair:	cert/key/ICVSBContent.pem
cert-keypair-pwd:	cert/key/ICVSBContent.pwd
load-verify-scheme:	0
crypto-type:	0
aes-ce-id:	0
aes-enc-key:	cert/key/KCEICV.txt
images-table:	cert/Images.txt
nvcounter-val:	1
cert-pkg:	cert/ICVSBContent.crt
2023-07-20 15:56:06,799 - **** Creating Content Certificate ****
2023-07-20 15:56:06,805 - **** Certificate file (context) creation has been completed successfully ****
2023-07-20 15:56:06,984 - Content Certificate Generation Utility started (Logging to sb_content_cert.log)
2023-07-20 15:56:06,984 - Parsing config file: cert/cfg/ICVSBContent.cfg
2023-07-20 15:56:06,984 - Parsed config items:
cert-keypair:	cert/key/ICVSBContent.pem
cert-keypair-pwd:	cert/key/ICVSBContent.pwd
load-verify-scheme:	0
crypto-type:	0
aes-ce-id:	0
aes-enc-key:	cert/key/KCEICV.txt
images-table:	cert/Images.txt
nvcounter-val:	1
cert-pkg:	cert/ICVSBContent.crt
2023-07-20 15:56:06,984 - **** Creating Content Certificate ****
2023-07-20 15:56:06,989 - **** Certificate file (context) creation has been completed successfully ****
2023-07-20 15:56:08,312 - Content Certificate Generation Utility started (Logging to sb_content_cert.log)
2023-07-20 15:56:08,312 - Parsing config file: cert/cfg/ICVSBContent.cfg
2023-07-20 15:56:08,312 - Parsed config items:
cert-keypair:	cert/key/ICVSBContent.pem
cert-keypair-pwd:	cert/key/ICVSBContent.pwd
load-verify-scheme:	0
crypto-type:	0
aes-ce-id:	0
aes-enc-key:	cert/key/KCEICV.txt
images-table:	cert/Images.txt
nvcounter-val:	1
cert-pkg:	cert/ICVSBContent.crt
2023-07-20 15:56:08,312 - **** Creating Content Certificate ****
2023-07-20 15:56:08,317 - **** Certificate file (context) creation has been completed successfully ****
2023-07-24 14:13:32,977 - Content Certificate Generation Utility started (Logging to sb_content_cert.log)
2023-07-24 14:13:32,978 - Parsing config file: cert/cfg/ICVSBContent.cfg
2023-07-24 14:13:32,978 - Parsed config items:
cert-keypair:	cert/key/ICVSBContent.pem
cert-keypair-pwd:	cert/key/ICVSBContent.pwd
load-verify-scheme:	0
crypto-type:	0
aes-ce-id:	0
aes-enc-key:	cert/key/KCEICV.txt
images-table:	cert/Images.txt
nvcounter-val:	1
cert-pkg:	cert/ICVSBContent.crt
2023-07-24 14:13:32,978 - **** Creating Content Certificate ****
2023-07-24 14:13:32,983 - **** Certificate file (context) creation has been completed successfully ****
2023-07-24 14:13:33,166 - Content Certificate Generation Utility started (Logging to sb_content_cert.log)
2023-07-24 14:13:33,166 - Parsing config file: cert/cfg/ICVSBContent.cfg
2023-07-24 14:13:33,166 - Parsed config items:
cert-keypair:	cert/key/ICVSBContent.pem
cert-keypair-pwd:	cert/key/ICVSBContent.pwd
load-verify-scheme:	0
crypto-type:	0
aes-ce-id:	0
aes-enc-key:	cert/key/KCEICV.txt
images-table:	cert/Images.txt
nvcounter-val:	1
cert-pkg:	cert/ICVSBContent.crt
2023-07-24 14:13:33,166 - **** Creating Content Certificate ****
2023-07-24 14:13:33,171 - **** Certificate file (context) creation has been completed successfully ****
2023-07-24 14:13:33,407 - Content Certificate Generation Utility started (Logging to sb_content_cert.log)
2023-07-24 14:13:33,407 - Parsing config file: cert/cfg/ICVSBContent.cfg
2023-07-24 14:13:33,408 - Parsed config items:
cert-keypair:	cert/key/ICVSBContent.pem
cert-keypair-pwd:	cert/key/ICVSBContent.pwd
load-verify-scheme:	0
crypto-type:	0
aes-ce-id:	0
aes-enc-key:	cert/key/KCEICV.txt
images-table:	cert/Images.txt
nvcounter-val:	1
cert-pkg:	cert/ICVSBContent.crt
2023-07-24 14:13:33,408 - **** Creating Content Certificate ****
2023-07-24 14:13:33,414 - **** Certificate file (context) creation has been completed successfully ****
2023-07-24 14:13:33,598 - Content Certificate Generation Utility started (Logging to sb_content_cert.log)
2023-07-24 14:13:33,598 - Parsing config file: cert/cfg/ICVSBContent.cfg
2023-07-24 14:13:33,598 - Parsed config items:
cert-keypair:	cert/key/ICVSBContent.pem
cert-keypair-pwd:	cert/key/ICVSBContent.pwd
load-verify-scheme:	0
crypto-type:	0
aes-ce-id:	0
aes-enc-key:	cert/key/KCEICV.txt
images-table:	cert/Images.txt
nvcounter-val:	1
cert-pkg:	cert/ICVSBContent.crt
2023-07-24 14:13:33,598 - **** Creating Content Certificate ****
2023-07-24 14:13:33,603 - **** Certificate file (context) creation has been completed successfully ****
2023-07-24 14:13:33,782 - Content Certificate Generation Utility started (Logging to sb_content_cert.log)
2023-07-24 14:13:33,782 - Parsing config file: cert/cfg/ICVSBContent.cfg
2023-07-24 14:13:33,782 - Parsed config items:
cert-keypair:	cert/key/ICVSBContent.pem
cert-keypair-pwd:	cert/key/ICVSBContent.pwd
load-verify-scheme:	0
crypto-type:	0
aes-ce-id:	0
aes-enc-key:	cert/key/KCEICV.txt
images-table:	cert/Images.txt
nvcounter-val:	1
cert-pkg:	cert/ICVSBContent.crt
2023-07-24 14:13:33,783 - **** Creating Content Certificate ****
2023-07-24 14:13:33,788 - **** Certificate file (context) creation has been completed successfully ****
2023-07-24 14:13:33,967 - Content Certificate Generation Utility started (Logging to sb_content_cert.log)
2023-07-24 14:13:33,967 - Parsing config file: cert/cfg/ICVSBContent.cfg
2023-07-24 14:13:33,967 - Parsed config items:
cert-keypair:	cert/key/ICVSBContent.pem
cert-keypair-pwd:	cert/key/ICVSBContent.pwd
load-verify-scheme:	0
crypto-type:	0
aes-ce-id:	0
aes-enc-key:	cert/key/KCEICV.txt
images-table:	cert/Images.txt
nvcounter-val:	1
cert-pkg:	cert/ICVSBContent.crt
2023-07-24 14:13:33,967 - **** Creating Content Certificate ****
2023-07-24 14:13:33,972 - **** Certificate file (context) creation has been completed successfully ****
2023-07-24 14:13:35,307 - Content Certificate Generation Utility started (Logging to sb_content_cert.log)
2023-07-24 14:13:35,307 - Parsing config file: cert/cfg/ICVSBContent.cfg
2023-07-24 14:13:35,307 - Parsed config items:
cert-keypair:	cert/key/ICVSBContent.pem
cert-keypair-pwd:	cert/key/ICVSBContent.pwd
load-verify-scheme:	0
crypto-type:	0
aes-ce-id:	0
aes-enc-key:	cert/key/KCEICV.txt
images-table:	cert/Images.txt
nvcounter-val:	1
cert-pkg:	cert/ICVSBContent.crt
2023-07-24 14:13:35,307 - **** Creating Content Certificate ****
2023-07-24 14:13:35,312 - **** Certificate file (context) creation has been completed successfully ****
2023-07-24 14:27:27,250 - Content Certificate Generation Utility started (Logging to sb_content_cert.log)
2023-07-24 14:27:27,250 - Parsing config file: cert/cfg/ICVSBContent.cfg
2023-07-24 14:27:27,250 - Parsed config items:
cert-keypair:	cert/key/ICVSBContent.pem
cert-keypair-pwd:	cert/key/ICVSBContent.pwd
load-verify-scheme:	0
crypto-type:	0
aes-ce-id:	0
aes-enc-key:	cert/key/KCEICV.txt
images-table:	cert/Images.txt
nvcounter-val:	1
cert-pkg:	cert/ICVSBContent.crt
2023-07-24 14:27:27,251 - **** Creating Content Certificate ****
2023-07-24 14:27:27,256 - **** Certificate file (context) creation has been completed successfully ****
2023-07-24 14:27:27,444 - Content Certificate Generation Utility started (Logging to sb_content_cert.log)
2023-07-24 14:27:27,444 - Parsing config file: cert/cfg/ICVSBContent.cfg
2023-07-24 14:27:27,445 - Parsed config items:
cert-keypair:	cert/key/ICVSBContent.pem
cert-keypair-pwd:	cert/key/ICVSBContent.pwd
load-verify-scheme:	0
crypto-type:	0
aes-ce-id:	0
aes-enc-key:	cert/key/KCEICV.txt
images-table:	cert/Images.txt
nvcounter-val:	1
cert-pkg:	cert/ICVSBContent.crt
2023-07-24 14:27:27,445 - **** Creating Content Certificate ****
2023-07-24 14:27:27,450 - **** Certificate file (context) creation has been completed successfully ****
2023-07-24 14:27:27,668 - Content Certificate Generation Utility started (Logging to sb_content_cert.log)
2023-07-24 14:27:27,669 - Parsing config file: cert/cfg/ICVSBContent.cfg
2023-07-24 14:27:27,669 - Parsed config items:
cert-keypair:	cert/key/ICVSBContent.pem
cert-keypair-pwd:	cert/key/ICVSBContent.pwd
load-verify-scheme:	0
crypto-type:	0
aes-ce-id:	0
aes-enc-key:	cert/key/KCEICV.txt
images-table:	cert/Images.txt
nvcounter-val:	1
cert-pkg:	cert/ICVSBContent.crt
2023-07-24 14:27:27,669 - **** Creating Content Certificate ****
2023-07-24 14:27:27,675 - **** Certificate file (context) creation has been completed successfully ****
2023-07-24 14:27:27,864 - Content Certificate Generation Utility started (Logging to sb_content_cert.log)
2023-07-24 14:27:27,864 - Parsing config file: cert/cfg/ICVSBContent.cfg
2023-07-24 14:27:27,864 - Parsed config items:
cert-keypair:	cert/key/ICVSBContent.pem
cert-keypair-pwd:	cert/key/ICVSBContent.pwd
load-verify-scheme:	0
crypto-type:	0
aes-ce-id:	0
aes-enc-key:	cert/key/KCEICV.txt
images-table:	cert/Images.txt
nvcounter-val:	1
cert-pkg:	cert/ICVSBContent.crt
2023-07-24 14:27:27,864 - **** Creating Content Certificate ****
2023-07-24 14:27:27,870 - **** Certificate file (context) creation has been completed successfully ****
2023-07-24 14:27:28,538 - Content Certificate Generation Utility started (Logging to sb_content_cert.log)
2023-07-24 14:27:28,538 - Parsing config file: cert/cfg/ICVSBContent.cfg
2023-07-24 14:27:28,539 - Parsed config items:
cert-keypair:	cert/key/ICVSBContent.pem
cert-keypair-pwd:	cert/key/ICVSBContent.pwd
load-verify-scheme:	0
crypto-type:	0
aes-ce-id:	0
aes-enc-key:	cert/key/KCEICV.txt
images-table:	cert/Images.txt
nvcounter-val:	1
cert-pkg:	cert/ICVSBContent.crt
2023-07-24 14:27:28,539 - **** Creating Content Certificate ****
2023-07-24 14:27:28,544 - **** Certificate file (context) creation has been completed successfully ****
2023-09-14 15:53:26,432 - Content Certificate Generation Utility started (Logging to sb_content_cert.log)
2023-09-14 15:53:26,432 - Parsing config file: cert/cfg/ICVSBContent.cfg
2023-09-14 15:53:26,432 - Parsed config items:
cert-keypair:	cert/key/ICVSBContent.pem
cert-keypair-pwd:	cert/key/ICVSBContent.pwd
load-verify-scheme:	0
crypto-type:	0
aes-ce-id:	0
aes-enc-key:	cert/key/KCEICV.txt
images-table:	cert/Images.txt
nvcounter-val:	1
cert-pkg:	cert/ICVSBContent.crt
2023-09-14 15:53:26,432 - **** Creating Content Certificate ****
2023-09-14 15:53:26,439 - **** Certificate file (context) creation has been completed successfully ****
2023-09-14 15:53:26,662 - Content Certificate Generation Utility started (Logging to sb_content_cert.log)
2023-09-14 15:53:26,662 - Parsing config file: cert/cfg/ICVSBContent.cfg
2023-09-14 15:53:26,662 - Parsed config items:
cert-keypair:	cert/key/ICVSBContent.pem
cert-keypair-pwd:	cert/key/ICVSBContent.pwd
load-verify-scheme:	0
crypto-type:	0
aes-ce-id:	0
aes-enc-key:	cert/key/KCEICV.txt
images-table:	cert/Images.txt
nvcounter-val:	1
cert-pkg:	cert/ICVSBContent.crt
2023-09-14 15:53:26,663 - **** Creating Content Certificate ****
2023-09-14 15:53:26,670 - **** Certificate file (context) creation has been completed successfully ****
2023-09-14 15:53:26,987 - Content Certificate Generation Utility started (Logging to sb_content_cert.log)
2023-09-14 15:53:26,987 - Parsing config file: cert/cfg/ICVSBContent.cfg
2023-09-14 15:53:26,987 - Parsed config items:
cert-keypair:	cert/key/ICVSBContent.pem
cert-keypair-pwd:	cert/key/ICVSBContent.pwd
load-verify-scheme:	0
crypto-type:	0
aes-ce-id:	0
aes-enc-key:	cert/key/KCEICV.txt
images-table:	cert/Images.txt
nvcounter-val:	1
cert-pkg:	cert/ICVSBContent.crt
2023-09-14 15:53:26,988 - **** Creating Content Certificate ****
2023-09-14 15:53:26,999 - **** Certificate file (context) creation has been completed successfully ****
2023-09-14 15:53:27,231 - Content Certificate Generation Utility started (Logging to sb_content_cert.log)
2023-09-14 15:53:27,232 - Parsing config file: cert/cfg/ICVSBContent.cfg
2023-09-14 15:53:27,232 - Parsed config items:
cert-keypair:	cert/key/ICVSBContent.pem
cert-keypair-pwd:	cert/key/ICVSBContent.pwd
load-verify-scheme:	0
crypto-type:	0
aes-ce-id:	0
aes-enc-key:	cert/key/KCEICV.txt
images-table:	cert/Images.txt
nvcounter-val:	1
cert-pkg:	cert/ICVSBContent.crt
2023-09-14 15:53:27,232 - **** Creating Content Certificate ****
2023-09-14 15:53:27,239 - **** Certificate file (context) creation has been completed successfully ****
2023-09-14 15:53:28,917 - Content Certificate Generation Utility started (Logging to sb_content_cert.log)
2023-09-14 15:53:28,917 - Parsing config file: cert/cfg/ICVSBContent.cfg
2023-09-14 15:53:28,917 - Parsed config items:
cert-keypair:	cert/key/ICVSBContent.pem
cert-keypair-pwd:	cert/key/ICVSBContent.pwd
load-verify-scheme:	0
crypto-type:	0
aes-ce-id:	0
aes-enc-key:	cert/key/KCEICV.txt
images-table:	cert/Images.txt
nvcounter-val:	1
cert-pkg:	cert/ICVSBContent.crt
2023-09-14 15:53:28,917 - **** Creating Content Certificate ****
2023-09-14 15:53:28,924 - **** Certificate file (context) creation has been completed successfully ****
2023-09-14 16:00:35,813 - Content Certificate Generation Utility started (Logging to sb_content_cert.log)
2023-09-14 16:00:35,813 - Parsing config file: cert/cfg/ICVSBContent.cfg
2023-09-14 16:00:35,813 - Parsed config items:
cert-keypair:	cert/key/ICVSBContent.pem
cert-keypair-pwd:	cert/key/ICVSBContent.pwd
load-verify-scheme:	0
crypto-type:	0
aes-ce-id:	0
aes-enc-key:	cert/key/KCEICV.txt
images-table:	cert/Images.txt
nvcounter-val:	1
cert-pkg:	cert/ICVSBContent.crt
2023-09-14 16:00:35,814 - **** Creating Content Certificate ****
2023-09-14 16:00:35,821 - **** Certificate file (context) creation has been completed successfully ****
2023-09-14 16:00:36,108 - Content Certificate Generation Utility started (Logging to sb_content_cert.log)
2023-09-14 16:00:36,108 - Parsing config file: cert/cfg/ICVSBContent.cfg
2023-09-14 16:00:36,108 - Parsed config items:
cert-keypair:	cert/key/ICVSBContent.pem
cert-keypair-pwd:	cert/key/ICVSBContent.pwd
load-verify-scheme:	0
crypto-type:	0
aes-ce-id:	0
aes-enc-key:	cert/key/KCEICV.txt
images-table:	cert/Images.txt
nvcounter-val:	1
cert-pkg:	cert/ICVSBContent.crt
2023-09-14 16:00:36,109 - **** Creating Content Certificate ****
2023-09-14 16:00:36,118 - **** Certificate file (context) creation has been completed successfully ****
2023-09-14 16:00:36,462 - Content Certificate Generation Utility started (Logging to sb_content_cert.log)
2023-09-14 16:00:36,462 - Parsing config file: cert/cfg/ICVSBContent.cfg
2023-09-14 16:00:36,463 - Parsed config items:
cert-keypair:	cert/key/ICVSBContent.pem
cert-keypair-pwd:	cert/key/ICVSBContent.pwd
load-verify-scheme:	0
crypto-type:	0
aes-ce-id:	0
aes-enc-key:	cert/key/KCEICV.txt
images-table:	cert/Images.txt
nvcounter-val:	1
cert-pkg:	cert/ICVSBContent.crt
2023-09-14 16:00:36,463 - **** Creating Content Certificate ****
2023-09-14 16:00:36,471 - **** Certificate file (context) creation has been completed successfully ****
2023-09-14 16:00:36,757 - Content Certificate Generation Utility started (Logging to sb_content_cert.log)
2023-09-14 16:00:36,757 - Parsing config file: cert/cfg/ICVSBContent.cfg
2023-09-14 16:00:36,758 - Parsed config items:
cert-keypair:	cert/key/ICVSBContent.pem
cert-keypair-pwd:	cert/key/ICVSBContent.pwd
load-verify-scheme:	0
crypto-type:	0
aes-ce-id:	0
aes-enc-key:	cert/key/KCEICV.txt
images-table:	cert/Images.txt
nvcounter-val:	1
cert-pkg:	cert/ICVSBContent.crt
2023-09-14 16:00:36,758 - **** Creating Content Certificate ****
2023-09-14 16:00:36,764 - **** Certificate file (context) creation has been completed successfully ****
2023-09-14 16:00:37,045 - Content Certificate Generation Utility started (Logging to sb_content_cert.log)
2023-09-14 16:00:37,046 - Parsing config file: cert/cfg/ICVSBContent.cfg
2023-09-14 16:00:37,046 - Parsed config items:
cert-keypair:	cert/key/ICVSBContent.pem
cert-keypair-pwd:	cert/key/ICVSBContent.pwd
load-verify-scheme:	0
crypto-type:	0
aes-ce-id:	0
aes-enc-key:	cert/key/KCEICV.txt
images-table:	cert/Images.txt
nvcounter-val:	1
cert-pkg:	cert/ICVSBContent.crt
2023-09-14 16:00:37,046 - **** Creating Content Certificate ****
2023-09-14 16:00:37,056 - **** Certificate file (context) creation has been completed successfully ****
2023-09-14 16:00:37,286 - Content Certificate Generation Utility started (Logging to sb_content_cert.log)
2023-09-14 16:00:37,286 - Parsing config file: cert/cfg/ICVSBContent.cfg
2023-09-14 16:00:37,286 - Parsed config items:
cert-keypair:	cert/key/ICVSBContent.pem
cert-keypair-pwd:	cert/key/ICVSBContent.pwd
load-verify-scheme:	0
crypto-type:	0
aes-ce-id:	0
aes-enc-key:	cert/key/KCEICV.txt
images-table:	cert/Images.txt
nvcounter-val:	1
cert-pkg:	cert/ICVSBContent.crt
2023-09-14 16:00:37,286 - **** Creating Content Certificate ****
2023-09-14 16:00:37,293 - **** Certificate file (context) creation has been completed successfully ****
2023-09-14 16:00:39,198 - Content Certificate Generation Utility started (Logging to sb_content_cert.log)
2023-09-14 16:00:39,198 - Parsing config file: cert/cfg/ICVSBContent.cfg
2023-09-14 16:00:39,199 - Parsed config items:
cert-keypair:	cert/key/ICVSBContent.pem
cert-keypair-pwd:	cert/key/ICVSBContent.pwd
load-verify-scheme:	0
crypto-type:	0
aes-ce-id:	0
aes-enc-key:	cert/key/KCEICV.txt
images-table:	cert/Images.txt
nvcounter-val:	1
cert-pkg:	cert/ICVSBContent.crt
2023-09-14 16:00:39,199 - **** Creating Content Certificate ****
2023-09-14 16:00:39,205 - **** Certificate file (context) creation has been completed successfully ****
2023-10-18 18:00:35,588 - Content Certificate Generation Utility started (Logging to sb_content_cert.log)
2023-10-18 18:00:35,589 - Parsing config file: cert\cfg\ICVSBContent.cfg
2023-10-18 18:00:35,600 - Parsed config items:
cert-keypair:	cert/key/ICVSBContent.pem
cert-keypair-pwd:	cert/key/ICVSBContent.pwd
load-verify-scheme:	0
crypto-type:	0
aes-ce-id:	0
aes-enc-key:	cert/key/KCEICV.txt
images-table:	cert/Images.txt
nvcounter-val:	1
cert-pkg:	cert/ICVSBContent.crt
2023-10-18 18:00:35,601 - **** Creating Content Certificate ****
2023-10-18 18:00:35,640 - **** Certificate file (context) creation has been completed successfully ****
2023-10-18 18:00:37,515 - Content Certificate Generation Utility started (Logging to sb_content_cert.log)
2023-10-18 18:00:37,516 - Parsing config file: cert\cfg\ICVSBContent.cfg
2023-10-18 18:00:37,517 - Parsed config items:
cert-keypair:	cert/key/ICVSBContent.pem
cert-keypair-pwd:	cert/key/ICVSBContent.pwd
load-verify-scheme:	0
crypto-type:	0
aes-ce-id:	0
aes-enc-key:	cert/key/KCEICV.txt
images-table:	cert/Images.txt
nvcounter-val:	1
cert-pkg:	cert/ICVSBContent.crt
2023-10-18 18:00:37,519 - **** Creating Content Certificate ****
2023-10-18 18:00:37,549 - **** Certificate file (context) creation has been completed successfully ****
2023-10-18 18:00:41,743 - Content Certificate Generation Utility started (Logging to sb_content_cert.log)
2023-10-18 18:00:41,744 - Parsing config file: cert\cfg\ICVSBContent.cfg
2023-10-18 18:00:41,747 - Parsed config items:
cert-keypair:	cert/key/ICVSBContent.pem
cert-keypair-pwd:	cert/key/ICVSBContent.pwd
load-verify-scheme:	0
crypto-type:	0
aes-ce-id:	0
aes-enc-key:	cert/key/KCEICV.txt
images-table:	cert/Images.txt
nvcounter-val:	1
cert-pkg:	cert/ICVSBContent.crt
2023-10-18 18:00:41,750 - **** Creating Content Certificate ****
2023-10-18 18:00:41,784 - **** Certificate file (context) creation has been completed successfully ****
2023-10-18 18:00:44,408 - Content Certificate Generation Utility started (Logging to sb_content_cert.log)
2023-10-18 18:00:44,410 - Parsing config file: cert\cfg\ICVSBContent.cfg
2023-10-18 18:00:44,411 - Parsed config items:
cert-keypair:	cert/key/ICVSBContent.pem
cert-keypair-pwd:	cert/key/ICVSBContent.pwd
load-verify-scheme:	0
crypto-type:	0
aes-ce-id:	0
aes-enc-key:	cert/key/KCEICV.txt
images-table:	cert/Images.txt
nvcounter-val:	1
cert-pkg:	cert/ICVSBContent.crt
2023-10-18 18:00:44,413 - **** Creating Content Certificate ****
2023-10-18 18:00:44,447 - **** Certificate file (context) creation has been completed successfully ****
2023-10-18 18:00:52,386 - Content Certificate Generation Utility started (Logging to sb_content_cert.log)
2023-10-18 18:00:52,387 - Parsing config file: cert\cfg\ICVSBContent.cfg
2023-10-18 18:00:52,388 - Parsed config items:
cert-keypair:	cert/key/ICVSBContent.pem
cert-keypair-pwd:	cert/key/ICVSBContent.pwd
load-verify-scheme:	0
crypto-type:	0
aes-ce-id:	0
aes-enc-key:	cert/key/KCEICV.txt
images-table:	cert/Images.txt
nvcounter-val:	1
cert-pkg:	cert/ICVSBContent.crt
2023-10-18 18:00:52,390 - **** Creating Content Certificate ****
2023-10-18 18:00:52,413 - **** Certificate file (context) creation has been completed successfully ****
2023-10-18 18:00:54,951 - Content Certificate Generation Utility started (Logging to sb_content_cert.log)
2023-10-18 18:00:54,953 - Parsing config file: cert\cfg\ICVSBContent.cfg
2023-10-18 18:00:54,958 - Parsed config items:
cert-keypair:	cert/key/ICVSBContent.pem
cert-keypair-pwd:	cert/key/ICVSBContent.pwd
load-verify-scheme:	0
crypto-type:	0
aes-ce-id:	0
aes-enc-key:	cert/key/KCEICV.txt
images-table:	cert/Images.txt
nvcounter-val:	1
cert-pkg:	cert/ICVSBContent.crt
2023-10-18 18:00:54,959 - **** Creating Content Certificate ****
2023-10-18 18:00:55,017 - **** Certificate file (context) creation has been completed successfully ****
2023-12-01 09:20:35,873 - Content Certificate Generation Utility started (Logging to sb_content_cert.log)
2023-12-01 09:20:35,874 - Parsing config file: cert/cfg/ICVSBContent.cfg
2023-12-01 09:20:35,874 - Parsed config items:
cert-keypair:	cert/key/ICVSBContent.pem
cert-keypair-pwd:	cert/key/ICVSBContent.pwd
load-verify-scheme:	0
crypto-type:	0
aes-ce-id:	0
aes-enc-key:	cert/key/KCEICV.txt
images-table:	cert/Images.txt
nvcounter-val:	1
cert-pkg:	cert/ICVSBContent.crt
2023-12-01 09:20:35,875 - **** Creating Content Certificate ****
2023-12-01 09:20:35,884 - **** Certificate file (context) creation has been completed successfully ****
2023-12-01 09:20:36,172 - Content Certificate Generation Utility started (Logging to sb_content_cert.log)
2023-12-01 09:20:36,172 - Parsing config file: cert/cfg/ICVSBContent.cfg
2023-12-01 09:20:36,173 - Parsed config items:
cert-keypair:	cert/key/ICVSBContent.pem
cert-keypair-pwd:	cert/key/ICVSBContent.pwd
load-verify-scheme:	0
crypto-type:	0
aes-ce-id:	0
aes-enc-key:	cert/key/KCEICV.txt
images-table:	cert/Images.txt
nvcounter-val:	1
cert-pkg:	cert/ICVSBContent.crt
2023-12-01 09:20:36,173 - **** Creating Content Certificate ****
2023-12-01 09:20:36,180 - **** Certificate file (context) creation has been completed successfully ****
2023-12-01 09:20:36,528 - Content Certificate Generation Utility started (Logging to sb_content_cert.log)
2023-12-01 09:20:36,528 - Parsing config file: cert/cfg/ICVSBContent.cfg
2023-12-01 09:20:36,528 - Parsed config items:
cert-keypair:	cert/key/ICVSBContent.pem
cert-keypair-pwd:	cert/key/ICVSBContent.pwd
load-verify-scheme:	0
crypto-type:	0
aes-ce-id:	0
aes-enc-key:	cert/key/KCEICV.txt
images-table:	cert/Images.txt
nvcounter-val:	1
cert-pkg:	cert/ICVSBContent.crt
2023-12-01 09:20:36,529 - **** Creating Content Certificate ****
2023-12-01 09:20:36,538 - **** Certificate file (context) creation has been completed successfully ****
2023-12-01 09:20:36,807 - Content Certificate Generation Utility started (Logging to sb_content_cert.log)
2023-12-01 09:20:36,807 - Parsing config file: cert/cfg/ICVSBContent.cfg
2023-12-01 09:20:36,807 - Parsed config items:
cert-keypair:	cert/key/ICVSBContent.pem
cert-keypair-pwd:	cert/key/ICVSBContent.pwd
load-verify-scheme:	0
crypto-type:	0
aes-ce-id:	0
aes-enc-key:	cert/key/KCEICV.txt
images-table:	cert/Images.txt
nvcounter-val:	1
cert-pkg:	cert/ICVSBContent.crt
2023-12-01 09:20:36,808 - **** Creating Content Certificate ****
2023-12-01 09:20:36,815 - **** Certificate file (context) creation has been completed successfully ****
2023-12-01 09:20:38,486 - Content Certificate Generation Utility started (Logging to sb_content_cert.log)
2023-12-01 09:20:38,486 - Parsing config file: cert/cfg/ICVSBContent.cfg
2023-12-01 09:20:38,486 - Parsed config items:
cert-keypair:	cert/key/ICVSBContent.pem
cert-keypair-pwd:	cert/key/ICVSBContent.pwd
load-verify-scheme:	0
crypto-type:	0
aes-ce-id:	0
aes-enc-key:	cert/key/KCEICV.txt
images-table:	cert/Images.txt
nvcounter-val:	1
cert-pkg:	cert/ICVSBContent.crt
2023-12-01 09:20:38,487 - **** Creating Content Certificate ****
2023-12-01 09:20:38,493 - **** Certificate file (context) creation has been completed successfully ****
2023-12-01 09:20:38,765 - Content Certificate Generation Utility started (Logging to sb_content_cert.log)
2023-12-01 09:20:38,765 - Parsing config file: cert/cfg/ICVSBContent.cfg
2023-12-01 09:20:38,765 - Parsed config items:
cert-keypair:	cert/key/ICVSBContent.pem
cert-keypair-pwd:	cert/key/ICVSBContent.pwd
load-verify-scheme:	0
crypto-type:	0
aes-ce-id:	0
aes-enc-key:	cert/key/KCEICV.txt
images-table:	cert/Images.txt
nvcounter-val:	1
cert-pkg:	cert/ICVSBContent.crt
2023-12-01 09:20:38,766 - **** Creating Content Certificate ****
2023-12-01 09:20:38,772 - **** Certificate file (context) creation has been completed successfully ****
2023-12-01 09:21:02,875 - Content Certificate Generation Utility started (Logging to sb_content_cert.log)
2023-12-01 09:21:02,875 - Parsing config file: cert/cfg/ICVSBContent.cfg
2023-12-01 09:21:02,876 - Parsed config items:
cert-keypair:	cert/key/ICVSBContent.pem
cert-keypair-pwd:	cert/key/ICVSBContent.pwd
load-verify-scheme:	0
crypto-type:	0
aes-ce-id:	0
aes-enc-key:	cert/key/KCEICV.txt
images-table:	cert/Images.txt
nvcounter-val:	1
cert-pkg:	cert/ICVSBContent.crt
2023-12-01 09:21:02,876 - **** Creating Content Certificate ****
2023-12-01 09:21:02,885 - **** Certificate file (context) creation has been completed successfully ****
2023-12-01 09:21:03,185 - Content Certificate Generation Utility started (Logging to sb_content_cert.log)
2023-12-01 09:21:03,185 - Parsing config file: cert/cfg/ICVSBContent.cfg
2023-12-01 09:21:03,186 - Parsed config items:
cert-keypair:	cert/key/ICVSBContent.pem
cert-keypair-pwd:	cert/key/ICVSBContent.pwd
load-verify-scheme:	0
crypto-type:	0
aes-ce-id:	0
aes-enc-key:	cert/key/KCEICV.txt
images-table:	cert/Images.txt
nvcounter-val:	1
cert-pkg:	cert/ICVSBContent.crt
2023-12-01 09:21:03,186 - **** Creating Content Certificate ****
2023-12-01 09:21:03,195 - **** Certificate file (context) creation has been completed successfully ****
2023-12-01 09:21:03,471 - Content Certificate Generation Utility started (Logging to sb_content_cert.log)
2023-12-01 09:21:03,471 - Parsing config file: cert/cfg/ICVSBContent.cfg
2023-12-01 09:21:03,471 - Parsed config items:
cert-keypair:	cert/key/ICVSBContent.pem
cert-keypair-pwd:	cert/key/ICVSBContent.pwd
load-verify-scheme:	0
crypto-type:	0
aes-ce-id:	0
aes-enc-key:	cert/key/KCEICV.txt
images-table:	cert/Images.txt
nvcounter-val:	1
cert-pkg:	cert/ICVSBContent.crt
2023-12-01 09:21:03,472 - **** Creating Content Certificate ****
2023-12-01 09:21:03,480 - **** Certificate file (context) creation has been completed successfully ****
2023-12-01 09:21:03,751 - Content Certificate Generation Utility started (Logging to sb_content_cert.log)
2023-12-01 09:21:03,751 - Parsing config file: cert/cfg/ICVSBContent.cfg
2023-12-01 09:21:03,751 - Parsed config items:
cert-keypair:	cert/key/ICVSBContent.pem
cert-keypair-pwd:	cert/key/ICVSBContent.pwd
load-verify-scheme:	0
crypto-type:	0
aes-ce-id:	0
aes-enc-key:	cert/key/KCEICV.txt
images-table:	cert/Images.txt
nvcounter-val:	1
cert-pkg:	cert/ICVSBContent.crt
2023-12-01 09:21:03,752 - **** Creating Content Certificate ****
2023-12-01 09:21:03,758 - **** Certificate file (context) creation has been completed successfully ****
2023-12-01 09:21:05,450 - Content Certificate Generation Utility started (Logging to sb_content_cert.log)
2023-12-01 09:21:05,450 - Parsing config file: cert/cfg/ICVSBContent.cfg
2023-12-01 09:21:05,450 - Parsed config items:
cert-keypair:	cert/key/ICVSBContent.pem
cert-keypair-pwd:	cert/key/ICVSBContent.pwd
load-verify-scheme:	0
crypto-type:	0
aes-ce-id:	0
aes-enc-key:	cert/key/KCEICV.txt
images-table:	cert/Images.txt
nvcounter-val:	1
cert-pkg:	cert/ICVSBContent.crt
2023-12-01 09:21:05,451 - **** Creating Content Certificate ****
2023-12-01 09:21:05,458 - **** Certificate file (context) creation has been completed successfully ****
2023-12-01 09:21:05,709 - Content Certificate Generation Utility started (Logging to sb_content_cert.log)
2023-12-01 09:21:05,709 - Parsing config file: cert/cfg/ICVSBContent.cfg
2023-12-01 09:21:05,710 - Parsed config items:
cert-keypair:	cert/key/ICVSBContent.pem
cert-keypair-pwd:	cert/key/ICVSBContent.pwd
load-verify-scheme:	0
crypto-type:	0
aes-ce-id:	0
aes-enc-key:	cert/key/KCEICV.txt
images-table:	cert/Images.txt
nvcounter-val:	1
cert-pkg:	cert/ICVSBContent.crt
2023-12-01 09:21:05,710 - **** Creating Content Certificate ****
2023-12-01 09:21:05,716 - **** Certificate file (context) creation has been completed successfully ****
2023-12-01 10:05:33,730 - Content Certificate Generation Utility started (Logging to sb_content_cert.log)
2023-12-01 10:05:33,730 - Parsing config file: cert/cfg/ICVSBContent.cfg
2023-12-01 10:05:33,730 - Parsed config items:
cert-keypair:	cert/key/ICVSBContent.pem
cert-keypair-pwd:	cert/key/ICVSBContent.pwd
load-verify-scheme:	0
crypto-type:	0
aes-ce-id:	0
aes-enc-key:	cert/key/KCEICV.txt
images-table:	cert/Images.txt
nvcounter-val:	1
cert-pkg:	cert/ICVSBContent.crt
2023-12-01 10:05:33,731 - **** Creating Content Certificate ****
2023-12-01 10:05:33,738 - **** Certificate file (context) creation has been completed successfully ****
2023-12-01 10:05:33,993 - Content Certificate Generation Utility started (Logging to sb_content_cert.log)
2023-12-01 10:05:33,993 - Parsing config file: cert/cfg/ICVSBContent.cfg
2023-12-01 10:05:33,994 - Parsed config items:
cert-keypair:	cert/key/ICVSBContent.pem
cert-keypair-pwd:	cert/key/ICVSBContent.pwd
load-verify-scheme:	0
crypto-type:	0
aes-ce-id:	0
aes-enc-key:	cert/key/KCEICV.txt
images-table:	cert/Images.txt
nvcounter-val:	1
cert-pkg:	cert/ICVSBContent.crt
2023-12-01 10:05:33,994 - **** Creating Content Certificate ****
2023-12-01 10:05:34,001 - **** Certificate file (context) creation has been completed successfully ****
2023-12-01 10:05:34,362 - Content Certificate Generation Utility started (Logging to sb_content_cert.log)
2023-12-01 10:05:34,363 - Parsing config file: cert/cfg/ICVSBContent.cfg
2023-12-01 10:05:34,363 - Parsed config items:
cert-keypair:	cert/key/ICVSBContent.pem
cert-keypair-pwd:	cert/key/ICVSBContent.pwd
load-verify-scheme:	0
crypto-type:	0
aes-ce-id:	0
aes-enc-key:	cert/key/KCEICV.txt
images-table:	cert/Images.txt
nvcounter-val:	1
cert-pkg:	cert/ICVSBContent.crt
2023-12-01 10:05:34,363 - **** Creating Content Certificate ****
2023-12-01 10:05:34,372 - **** Certificate file (context) creation has been completed successfully ****
2023-12-01 10:05:34,632 - Content Certificate Generation Utility started (Logging to sb_content_cert.log)
2023-12-01 10:05:34,632 - Parsing config file: cert/cfg/ICVSBContent.cfg
2023-12-01 10:05:34,633 - Parsed config items:
cert-keypair:	cert/key/ICVSBContent.pem
cert-keypair-pwd:	cert/key/ICVSBContent.pwd
load-verify-scheme:	0
crypto-type:	0
aes-ce-id:	0
aes-enc-key:	cert/key/KCEICV.txt
images-table:	cert/Images.txt
nvcounter-val:	1
cert-pkg:	cert/ICVSBContent.crt
2023-12-01 10:05:34,633 - **** Creating Content Certificate ****
2023-12-01 10:05:34,640 - **** Certificate file (context) creation has been completed successfully ****
2023-12-01 10:05:36,362 - Content Certificate Generation Utility started (Logging to sb_content_cert.log)
2023-12-01 10:05:36,363 - Parsing config file: cert/cfg/ICVSBContent.cfg
2023-12-01 10:05:36,363 - Parsed config items:
cert-keypair:	cert/key/ICVSBContent.pem
cert-keypair-pwd:	cert/key/ICVSBContent.pwd
load-verify-scheme:	0
crypto-type:	0
aes-ce-id:	0
aes-enc-key:	cert/key/KCEICV.txt
images-table:	cert/Images.txt
nvcounter-val:	1
cert-pkg:	cert/ICVSBContent.crt
2023-12-01 10:05:36,363 - **** Creating Content Certificate ****
2023-12-01 10:05:36,370 - **** Certificate file (context) creation has been completed successfully ****
2023-12-01 10:05:36,617 - Content Certificate Generation Utility started (Logging to sb_content_cert.log)
2023-12-01 10:05:36,617 - Parsing config file: cert/cfg/ICVSBContent.cfg
2023-12-01 10:05:36,617 - Parsed config items:
cert-keypair:	cert/key/ICVSBContent.pem
cert-keypair-pwd:	cert/key/ICVSBContent.pwd
load-verify-scheme:	0
crypto-type:	0
aes-ce-id:	0
aes-enc-key:	cert/key/KCEICV.txt
images-table:	cert/Images.txt
nvcounter-val:	1
cert-pkg:	cert/ICVSBContent.crt
2023-12-01 10:05:36,618 - **** Creating Content Certificate ****
2023-12-01 10:05:36,624 - **** Certificate file (context) creation has been completed successfully ****
2023-12-01 10:11:05,222 - Content Certificate Generation Utility started (Logging to sb_content_cert.log)
2023-12-01 10:11:05,222 - Parsing config file: cert/cfg/ICVSBContent.cfg
2023-12-01 10:11:05,222 - Parsed config items:
cert-keypair:	cert/key/ICVSBContent.pem
cert-keypair-pwd:	cert/key/ICVSBContent.pwd
load-verify-scheme:	0
crypto-type:	0
aes-ce-id:	0
aes-enc-key:	cert/key/KCEICV.txt
images-table:	cert/Images.txt
nvcounter-val:	1
cert-pkg:	cert/ICVSBContent.crt
2023-12-01 10:11:05,223 - **** Creating Content Certificate ****
2023-12-01 10:11:05,231 - **** Certificate file (context) creation has been completed successfully ****
2023-12-01 10:11:05,486 - Content Certificate Generation Utility started (Logging to sb_content_cert.log)
2023-12-01 10:11:05,486 - Parsing config file: cert/cfg/ICVSBContent.cfg
2023-12-01 10:11:05,487 - Parsed config items:
cert-keypair:	cert/key/ICVSBContent.pem
cert-keypair-pwd:	cert/key/ICVSBContent.pwd
load-verify-scheme:	0
crypto-type:	0
aes-ce-id:	0
aes-enc-key:	cert/key/KCEICV.txt
images-table:	cert/Images.txt
nvcounter-val:	1
cert-pkg:	cert/ICVSBContent.crt
2023-12-01 10:11:05,487 - **** Creating Content Certificate ****
2023-12-01 10:11:05,493 - **** Certificate file (context) creation has been completed successfully ****
2023-12-01 10:11:05,784 - Content Certificate Generation Utility started (Logging to sb_content_cert.log)
2023-12-01 10:11:05,784 - Parsing config file: cert/cfg/ICVSBContent.cfg
2023-12-01 10:11:05,784 - Parsed config items:
cert-keypair:	cert/key/ICVSBContent.pem
cert-keypair-pwd:	cert/key/ICVSBContent.pwd
load-verify-scheme:	0
crypto-type:	0
aes-ce-id:	0
aes-enc-key:	cert/key/KCEICV.txt
images-table:	cert/Images.txt
nvcounter-val:	1
cert-pkg:	cert/ICVSBContent.crt
2023-12-01 10:11:05,785 - **** Creating Content Certificate ****
2023-12-01 10:11:05,791 - **** Certificate file (context) creation has been completed successfully ****
2023-12-01 10:11:06,037 - Content Certificate Generation Utility started (Logging to sb_content_cert.log)
2023-12-01 10:11:06,037 - Parsing config file: cert/cfg/ICVSBContent.cfg
2023-12-01 10:11:06,038 - Parsed config items:
cert-keypair:	cert/key/ICVSBContent.pem
cert-keypair-pwd:	cert/key/ICVSBContent.pwd
load-verify-scheme:	0
crypto-type:	0
aes-ce-id:	0
aes-enc-key:	cert/key/KCEICV.txt
images-table:	cert/Images.txt
nvcounter-val:	1
cert-pkg:	cert/ICVSBContent.crt
2023-12-01 10:11:06,038 - **** Creating Content Certificate ****
2023-12-01 10:11:06,045 - **** Certificate file (context) creation has been completed successfully ****
2023-12-01 10:11:06,898 - Content Certificate Generation Utility started (Logging to sb_content_cert.log)
2023-12-01 10:11:06,898 - Parsing config file: cert/cfg/ICVSBContent.cfg
2023-12-01 10:11:06,898 - Parsed config items:
cert-keypair:	cert/key/ICVSBContent.pem
cert-keypair-pwd:	cert/key/ICVSBContent.pwd
load-verify-scheme:	0
crypto-type:	0
aes-ce-id:	0
aes-enc-key:	cert/key/KCEICV.txt
images-table:	cert/Images.txt
nvcounter-val:	1
cert-pkg:	cert/ICVSBContent.crt
2023-12-01 10:11:06,899 - **** Creating Content Certificate ****
2023-12-01 10:11:06,905 - **** Certificate file (context) creation has been completed successfully ****
2023-12-01 10:11:07,144 - Content Certificate Generation Utility started (Logging to sb_content_cert.log)
2023-12-01 10:11:07,144 - Parsing config file: cert/cfg/ICVSBContent.cfg
2023-12-01 10:11:07,145 - Parsed config items:
cert-keypair:	cert/key/ICVSBContent.pem
cert-keypair-pwd:	cert/key/ICVSBContent.pwd
load-verify-scheme:	0
crypto-type:	0
aes-ce-id:	0
aes-enc-key:	cert/key/KCEICV.txt
images-table:	cert/Images.txt
nvcounter-val:	1
cert-pkg:	cert/ICVSBContent.crt
2023-12-01 10:11:07,145 - **** Creating Content Certificate ****
2023-12-01 10:11:07,151 - **** Certificate file (context) creation has been completed successfully ****
2023-12-01 10:21:20,460 - Content Certificate Generation Utility started (Logging to sb_content_cert.log)
2023-12-01 10:21:20,460 - Parsing config file: cert/cfg/ICVSBContent.cfg
2023-12-01 10:21:20,461 - Parsed config items:
cert-keypair:	cert/key/ICVSBContent.pem
cert-keypair-pwd:	cert/key/ICVSBContent.pwd
load-verify-scheme:	0
crypto-type:	0
aes-ce-id:	0
aes-enc-key:	cert/key/KCEICV.txt
images-table:	cert/Images.txt
nvcounter-val:	1
cert-pkg:	cert/ICVSBContent.crt
2023-12-01 10:21:20,461 - **** Creating Content Certificate ****
2023-12-01 10:21:20,468 - **** Certificate file (context) creation has been completed successfully ****
2023-12-01 10:21:20,768 - Content Certificate Generation Utility started (Logging to sb_content_cert.log)
2023-12-01 10:21:20,768 - Parsing config file: cert/cfg/ICVSBContent.cfg
2023-12-01 10:21:20,769 - Parsed config items:
cert-keypair:	cert/key/ICVSBContent.pem
cert-keypair-pwd:	cert/key/ICVSBContent.pwd
load-verify-scheme:	0
crypto-type:	0
aes-ce-id:	0
aes-enc-key:	cert/key/KCEICV.txt
images-table:	cert/Images.txt
nvcounter-val:	1
cert-pkg:	cert/ICVSBContent.crt
2023-12-01 10:21:20,769 - **** Creating Content Certificate ****
2023-12-01 10:21:20,776 - **** Certificate file (context) creation has been completed successfully ****
2023-12-01 10:21:21,096 - Content Certificate Generation Utility started (Logging to sb_content_cert.log)
2023-12-01 10:21:21,096 - Parsing config file: cert/cfg/ICVSBContent.cfg
2023-12-01 10:21:21,097 - Parsed config items:
cert-keypair:	cert/key/ICVSBContent.pem
cert-keypair-pwd:	cert/key/ICVSBContent.pwd
load-verify-scheme:	0
crypto-type:	0
aes-ce-id:	0
aes-enc-key:	cert/key/KCEICV.txt
images-table:	cert/Images.txt
nvcounter-val:	1
cert-pkg:	cert/ICVSBContent.crt
2023-12-01 10:21:21,097 - **** Creating Content Certificate ****
2023-12-01 10:21:21,105 - **** Certificate file (context) creation has been completed successfully ****
2023-12-01 10:21:21,407 - Content Certificate Generation Utility started (Logging to sb_content_cert.log)
2023-12-01 10:21:21,408 - Parsing config file: cert/cfg/ICVSBContent.cfg
2023-12-01 10:21:21,408 - Parsed config items:
cert-keypair:	cert/key/ICVSBContent.pem
cert-keypair-pwd:	cert/key/ICVSBContent.pwd
load-verify-scheme:	0
crypto-type:	0
aes-ce-id:	0
aes-enc-key:	cert/key/KCEICV.txt
images-table:	cert/Images.txt
nvcounter-val:	1
cert-pkg:	cert/ICVSBContent.crt
2023-12-01 10:21:21,409 - **** Creating Content Certificate ****
2023-12-01 10:21:21,417 - **** Certificate file (context) creation has been completed successfully ****
2023-12-01 10:21:23,254 - Content Certificate Generation Utility started (Logging to sb_content_cert.log)
2023-12-01 10:21:23,254 - Parsing config file: cert/cfg/ICVSBContent.cfg
2023-12-01 10:21:23,255 - Parsed config items:
cert-keypair:	cert/key/ICVSBContent.pem
cert-keypair-pwd:	cert/key/ICVSBContent.pwd
load-verify-scheme:	0
crypto-type:	0
aes-ce-id:	0
aes-enc-key:	cert/key/KCEICV.txt
images-table:	cert/Images.txt
nvcounter-val:	1
cert-pkg:	cert/ICVSBContent.crt
2023-12-01 10:21:23,255 - **** Creating Content Certificate ****
2023-12-01 10:21:23,263 - **** Certificate file (context) creation has been completed successfully ****
2023-12-01 10:21:23,563 - Content Certificate Generation Utility started (Logging to sb_content_cert.log)
2023-12-01 10:21:23,563 - Parsing config file: cert/cfg/ICVSBContent.cfg
2023-12-01 10:21:23,564 - Parsed config items:
cert-keypair:	cert/key/ICVSBContent.pem
cert-keypair-pwd:	cert/key/ICVSBContent.pwd
load-verify-scheme:	0
crypto-type:	0
aes-ce-id:	0
aes-enc-key:	cert/key/KCEICV.txt
images-table:	cert/Images.txt
nvcounter-val:	1
cert-pkg:	cert/ICVSBContent.crt
2023-12-01 10:21:23,564 - **** Creating Content Certificate ****
2023-12-01 10:21:23,570 - **** Certificate file (context) creation has been completed successfully ****
2023-12-01 10:50:51,778 - Content Certificate Generation Utility started (Logging to sb_content_cert.log)
2023-12-01 10:50:51,778 - Parsing config file: cert/cfg/ICVSBContent.cfg
2023-12-01 10:50:51,779 - Parsed config items:
cert-keypair:	cert/key/ICVSBContent.pem
cert-keypair-pwd:	cert/key/ICVSBContent.pwd
load-verify-scheme:	0
crypto-type:	0
aes-ce-id:	0
aes-enc-key:	cert/key/KCEICV.txt
images-table:	cert/Images.txt
nvcounter-val:	1
cert-pkg:	cert/ICVSBContent.crt
2023-12-01 10:50:51,779 - **** Creating Content Certificate ****
2023-12-01 10:50:51,786 - **** Certificate file (context) creation has been completed successfully ****
2023-12-01 10:50:52,046 - Content Certificate Generation Utility started (Logging to sb_content_cert.log)
2023-12-01 10:50:52,046 - Parsing config file: cert/cfg/ICVSBContent.cfg
2023-12-01 10:50:52,046 - Parsed config items:
cert-keypair:	cert/key/ICVSBContent.pem
cert-keypair-pwd:	cert/key/ICVSBContent.pwd
load-verify-scheme:	0
crypto-type:	0
aes-ce-id:	0
aes-enc-key:	cert/key/KCEICV.txt
images-table:	cert/Images.txt
nvcounter-val:	1
cert-pkg:	cert/ICVSBContent.crt
2023-12-01 10:50:52,047 - **** Creating Content Certificate ****
2023-12-01 10:50:52,053 - **** Certificate file (context) creation has been completed successfully ****
2023-12-01 10:50:52,414 - Content Certificate Generation Utility started (Logging to sb_content_cert.log)
2023-12-01 10:50:52,414 - Parsing config file: cert/cfg/ICVSBContent.cfg
2023-12-01 10:50:52,415 - Parsed config items:
cert-keypair:	cert/key/ICVSBContent.pem
cert-keypair-pwd:	cert/key/ICVSBContent.pwd
load-verify-scheme:	0
crypto-type:	0
aes-ce-id:	0
aes-enc-key:	cert/key/KCEICV.txt
images-table:	cert/Images.txt
nvcounter-val:	1
cert-pkg:	cert/ICVSBContent.crt
2023-12-01 10:50:52,415 - **** Creating Content Certificate ****
2023-12-01 10:50:52,425 - **** Certificate file (context) creation has been completed successfully ****
2023-12-01 10:50:52,716 - Content Certificate Generation Utility started (Logging to sb_content_cert.log)
2023-12-01 10:50:52,716 - Parsing config file: cert/cfg/ICVSBContent.cfg
2023-12-01 10:50:52,716 - Parsed config items:
cert-keypair:	cert/key/ICVSBContent.pem
cert-keypair-pwd:	cert/key/ICVSBContent.pwd
load-verify-scheme:	0
crypto-type:	0
aes-ce-id:	0
aes-enc-key:	cert/key/KCEICV.txt
images-table:	cert/Images.txt
nvcounter-val:	1
cert-pkg:	cert/ICVSBContent.crt
2023-12-01 10:50:52,717 - **** Creating Content Certificate ****
2023-12-01 10:50:52,726 - **** Certificate file (context) creation has been completed successfully ****
2023-12-01 10:50:54,488 - Content Certificate Generation Utility started (Logging to sb_content_cert.log)
2023-12-01 10:50:54,488 - Parsing config file: cert/cfg/ICVSBContent.cfg
2023-12-01 10:50:54,489 - Parsed config items:
cert-keypair:	cert/key/ICVSBContent.pem
cert-keypair-pwd:	cert/key/ICVSBContent.pwd
load-verify-scheme:	0
crypto-type:	0
aes-ce-id:	0
aes-enc-key:	cert/key/KCEICV.txt
images-table:	cert/Images.txt
nvcounter-val:	1
cert-pkg:	cert/ICVSBContent.crt
2023-12-01 10:50:54,489 - **** Creating Content Certificate ****
2023-12-01 10:50:54,496 - **** Certificate file (context) creation has been completed successfully ****
2023-12-01 10:50:54,774 - Content Certificate Generation Utility started (Logging to sb_content_cert.log)
2023-12-01 10:50:54,774 - Parsing config file: cert/cfg/ICVSBContent.cfg
2023-12-01 10:50:54,775 - Parsed config items:
cert-keypair:	cert/key/ICVSBContent.pem
cert-keypair-pwd:	cert/key/ICVSBContent.pwd
load-verify-scheme:	0
crypto-type:	0
aes-ce-id:	0
aes-enc-key:	cert/key/KCEICV.txt
images-table:	cert/Images.txt
nvcounter-val:	1
cert-pkg:	cert/ICVSBContent.crt
2023-12-01 10:50:54,775 - **** Creating Content Certificate ****
2023-12-01 10:50:54,781 - **** Certificate file (context) creation has been completed successfully ****
2023-12-01 18:36:49,646 - Content Certificate Generation Utility started (Logging to sb_content_cert.log)
2023-12-01 18:36:49,646 - Parsing config file: cert/cfg/ICVSBContent.cfg
2023-12-01 18:36:49,646 - Parsed config items:
cert-keypair:	cert/key/ICVSBContent.pem
cert-keypair-pwd:	cert/key/ICVSBContent.pwd
load-verify-scheme:	0
crypto-type:	0
aes-ce-id:	0
aes-enc-key:	cert/key/KCEICV.txt
images-table:	cert/Images.txt
nvcounter-val:	1
cert-pkg:	cert/ICVSBContent.crt
2023-12-01 18:36:49,646 - **** Creating Content Certificate ****
2023-12-01 18:36:49,653 - **** Certificate file (context) creation has been completed successfully ****
2023-12-01 18:36:49,949 - Content Certificate Generation Utility started (Logging to sb_content_cert.log)
2023-12-01 18:36:49,949 - Parsing config file: cert/cfg/ICVSBContent.cfg
2023-12-01 18:36:49,950 - Parsed config items:
cert-keypair:	cert/key/ICVSBContent.pem
cert-keypair-pwd:	cert/key/ICVSBContent.pwd
load-verify-scheme:	0
crypto-type:	0
aes-ce-id:	0
aes-enc-key:	cert/key/KCEICV.txt
images-table:	cert/Images.txt
nvcounter-val:	1
cert-pkg:	cert/ICVSBContent.crt
2023-12-01 18:36:49,950 - **** Creating Content Certificate ****
2023-12-01 18:36:49,959 - **** Certificate file (context) creation has been completed successfully ****
2023-12-01 18:36:50,236 - Content Certificate Generation Utility started (Logging to sb_content_cert.log)
2023-12-01 18:36:50,236 - Parsing config file: cert/cfg/ICVSBContent.cfg
2023-12-01 18:36:50,236 - Parsed config items:
cert-keypair:	cert/key/ICVSBContent.pem
cert-keypair-pwd:	cert/key/ICVSBContent.pwd
load-verify-scheme:	0
crypto-type:	0
aes-ce-id:	0
aes-enc-key:	cert/key/KCEICV.txt
images-table:	cert/Images.txt
nvcounter-val:	1
cert-pkg:	cert/ICVSBContent.crt
2023-12-01 18:36:50,237 - **** Creating Content Certificate ****
2023-12-01 18:36:50,244 - **** Certificate file (context) creation has been completed successfully ****
2023-12-01 18:36:50,510 - Content Certificate Generation Utility started (Logging to sb_content_cert.log)
2023-12-01 18:36:50,510 - Parsing config file: cert/cfg/ICVSBContent.cfg
2023-12-01 18:36:50,511 - Parsed config items:
cert-keypair:	cert/key/ICVSBContent.pem
cert-keypair-pwd:	cert/key/ICVSBContent.pwd
load-verify-scheme:	0
crypto-type:	0
aes-ce-id:	0
aes-enc-key:	cert/key/KCEICV.txt
images-table:	cert/Images.txt
nvcounter-val:	1
cert-pkg:	cert/ICVSBContent.crt
2023-12-01 18:36:50,511 - **** Creating Content Certificate ****
2023-12-01 18:36:50,519 - **** Certificate file (context) creation has been completed successfully ****
2023-12-01 18:36:51,653 - Content Certificate Generation Utility started (Logging to sb_content_cert.log)
2023-12-01 18:36:51,654 - Parsing config file: cert/cfg/ICVSBContent.cfg
2023-12-01 18:36:51,654 - Parsed config items:
cert-keypair:	cert/key/ICVSBContent.pem
cert-keypair-pwd:	cert/key/ICVSBContent.pwd
load-verify-scheme:	0
crypto-type:	0
aes-ce-id:	0
aes-enc-key:	cert/key/KCEICV.txt
images-table:	cert/Images.txt
nvcounter-val:	1
cert-pkg:	cert/ICVSBContent.crt
2023-12-01 18:36:51,654 - **** Creating Content Certificate ****
2023-12-01 18:36:51,661 - **** Certificate file (context) creation has been completed successfully ****
2023-12-01 18:36:51,962 - Content Certificate Generation Utility started (Logging to sb_content_cert.log)
2023-12-01 18:36:51,962 - Parsing config file: cert/cfg/ICVSBContent.cfg
2023-12-01 18:36:51,963 - Parsed config items:
cert-keypair:	cert/key/ICVSBContent.pem
cert-keypair-pwd:	cert/key/ICVSBContent.pwd
load-verify-scheme:	0
crypto-type:	0
aes-ce-id:	0
aes-enc-key:	cert/key/KCEICV.txt
images-table:	cert/Images.txt
nvcounter-val:	1
cert-pkg:	cert/ICVSBContent.crt
2023-12-01 18:36:51,963 - **** Creating Content Certificate ****
2023-12-01 18:36:51,969 - **** Certificate file (context) creation has been completed successfully ****
2023-12-01 18:42:14,174 - Content Certificate Generation Utility started (Logging to sb_content_cert.log)
2023-12-01 18:42:14,175 - Parsing config file: cert/cfg/ICVSBContent.cfg
2023-12-01 18:42:14,175 - Parsed config items:
cert-keypair:	cert/key/ICVSBContent.pem
cert-keypair-pwd:	cert/key/ICVSBContent.pwd
load-verify-scheme:	0
crypto-type:	0
aes-ce-id:	0
aes-enc-key:	cert/key/KCEICV.txt
images-table:	cert/Images.txt
nvcounter-val:	1
cert-pkg:	cert/ICVSBContent.crt
2023-12-01 18:42:14,175 - **** Creating Content Certificate ****
2023-12-01 18:42:14,184 - **** Certificate file (context) creation has been completed successfully ****
2023-12-01 18:42:14,454 - Content Certificate Generation Utility started (Logging to sb_content_cert.log)
2023-12-01 18:42:14,454 - Parsing config file: cert/cfg/ICVSBContent.cfg
2023-12-01 18:42:14,454 - Parsed config items:
cert-keypair:	cert/key/ICVSBContent.pem
cert-keypair-pwd:	cert/key/ICVSBContent.pwd
load-verify-scheme:	0
crypto-type:	0
aes-ce-id:	0
aes-enc-key:	cert/key/KCEICV.txt
images-table:	cert/Images.txt
nvcounter-val:	1
cert-pkg:	cert/ICVSBContent.crt
2023-12-01 18:42:14,455 - **** Creating Content Certificate ****
2023-12-01 18:42:14,464 - **** Certificate file (context) creation has been completed successfully ****
2023-12-01 18:42:14,772 - Content Certificate Generation Utility started (Logging to sb_content_cert.log)
2023-12-01 18:42:14,772 - Parsing config file: cert/cfg/ICVSBContent.cfg
2023-12-01 18:42:14,772 - Parsed config items:
cert-keypair:	cert/key/ICVSBContent.pem
cert-keypair-pwd:	cert/key/ICVSBContent.pwd
load-verify-scheme:	0
crypto-type:	0
aes-ce-id:	0
aes-enc-key:	cert/key/KCEICV.txt
images-table:	cert/Images.txt
nvcounter-val:	1
cert-pkg:	cert/ICVSBContent.crt
2023-12-01 18:42:14,773 - **** Creating Content Certificate ****
2023-12-01 18:42:14,782 - **** Certificate file (context) creation has been completed successfully ****
2023-12-01 18:42:15,050 - Content Certificate Generation Utility started (Logging to sb_content_cert.log)
2023-12-01 18:42:15,050 - Parsing config file: cert/cfg/ICVSBContent.cfg
2023-12-01 18:42:15,051 - Parsed config items:
cert-keypair:	cert/key/ICVSBContent.pem
cert-keypair-pwd:	cert/key/ICVSBContent.pwd
load-verify-scheme:	0
crypto-type:	0
aes-ce-id:	0
aes-enc-key:	cert/key/KCEICV.txt
images-table:	cert/Images.txt
nvcounter-val:	1
cert-pkg:	cert/ICVSBContent.crt
2023-12-01 18:42:15,051 - **** Creating Content Certificate ****
2023-12-01 18:42:15,060 - **** Certificate file (context) creation has been completed successfully ****
2023-12-01 18:42:15,980 - Content Certificate Generation Utility started (Logging to sb_content_cert.log)
2023-12-01 18:42:15,980 - Parsing config file: cert/cfg/ICVSBContent.cfg
2023-12-01 18:42:15,980 - Parsed config items:
cert-keypair:	cert/key/ICVSBContent.pem
cert-keypair-pwd:	cert/key/ICVSBContent.pwd
load-verify-scheme:	0
crypto-type:	0
aes-ce-id:	0
aes-enc-key:	cert/key/KCEICV.txt
images-table:	cert/Images.txt
nvcounter-val:	1
cert-pkg:	cert/ICVSBContent.crt
2023-12-01 18:42:15,980 - **** Creating Content Certificate ****
2023-12-01 18:42:15,987 - **** Certificate file (context) creation has been completed successfully ****
2023-12-01 18:42:16,231 - Content Certificate Generation Utility started (Logging to sb_content_cert.log)
2023-12-01 18:42:16,231 - Parsing config file: cert/cfg/ICVSBContent.cfg
2023-12-01 18:42:16,232 - Parsed config items:
cert-keypair:	cert/key/ICVSBContent.pem
cert-keypair-pwd:	cert/key/ICVSBContent.pwd
load-verify-scheme:	0
crypto-type:	0
aes-ce-id:	0
aes-enc-key:	cert/key/KCEICV.txt
images-table:	cert/Images.txt
nvcounter-val:	1
cert-pkg:	cert/ICVSBContent.crt
2023-12-01 18:42:16,232 - **** Creating Content Certificate ****
2023-12-01 18:42:16,238 - **** Certificate file (context) creation has been completed successfully ****
2023-12-01 18:45:44,652 - Content Certificate Generation Utility started (Logging to sb_content_cert.log)
2023-12-01 18:45:44,652 - Parsing config file: cert/cfg/ICVSBContent.cfg
2023-12-01 18:45:44,652 - Parsed config items:
cert-keypair:	cert/key/ICVSBContent.pem
cert-keypair-pwd:	cert/key/ICVSBContent.pwd
load-verify-scheme:	0
crypto-type:	0
aes-ce-id:	0
aes-enc-key:	cert/key/KCEICV.txt
images-table:	cert/Images.txt
nvcounter-val:	1
cert-pkg:	cert/ICVSBContent.crt
2023-12-01 18:45:44,653 - **** Creating Content Certificate ****
2023-12-01 18:45:44,659 - **** Certificate file (context) creation has been completed successfully ****
2023-12-01 18:45:44,913 - Content Certificate Generation Utility started (Logging to sb_content_cert.log)
2023-12-01 18:45:44,913 - Parsing config file: cert/cfg/ICVSBContent.cfg
2023-12-01 18:45:44,914 - Parsed config items:
cert-keypair:	cert/key/ICVSBContent.pem
cert-keypair-pwd:	cert/key/ICVSBContent.pwd
load-verify-scheme:	0
crypto-type:	0
aes-ce-id:	0
aes-enc-key:	cert/key/KCEICV.txt
images-table:	cert/Images.txt
nvcounter-val:	1
cert-pkg:	cert/ICVSBContent.crt
2023-12-01 18:45:44,914 - **** Creating Content Certificate ****
2023-12-01 18:45:44,921 - **** Certificate file (context) creation has been completed successfully ****
2023-12-01 18:45:45,247 - Content Certificate Generation Utility started (Logging to sb_content_cert.log)
2023-12-01 18:45:45,247 - Parsing config file: cert/cfg/ICVSBContent.cfg
2023-12-01 18:45:45,248 - Parsed config items:
cert-keypair:	cert/key/ICVSBContent.pem
cert-keypair-pwd:	cert/key/ICVSBContent.pwd
load-verify-scheme:	0
crypto-type:	0
aes-ce-id:	0
aes-enc-key:	cert/key/KCEICV.txt
images-table:	cert/Images.txt
nvcounter-val:	1
cert-pkg:	cert/ICVSBContent.crt
2023-12-01 18:45:45,248 - **** Creating Content Certificate ****
2023-12-01 18:45:45,257 - **** Certificate file (context) creation has been completed successfully ****
2023-12-01 18:45:45,489 - Content Certificate Generation Utility started (Logging to sb_content_cert.log)
2023-12-01 18:45:45,489 - Parsing config file: cert/cfg/ICVSBContent.cfg
2023-12-01 18:45:45,489 - Parsed config items:
cert-keypair:	cert/key/ICVSBContent.pem
cert-keypair-pwd:	cert/key/ICVSBContent.pwd
load-verify-scheme:	0
crypto-type:	0
aes-ce-id:	0
aes-enc-key:	cert/key/KCEICV.txt
images-table:	cert/Images.txt
nvcounter-val:	1
cert-pkg:	cert/ICVSBContent.crt
2023-12-01 18:45:45,489 - **** Creating Content Certificate ****
2023-12-01 18:45:45,497 - **** Certificate file (context) creation has been completed successfully ****
2023-12-01 18:45:47,338 - Content Certificate Generation Utility started (Logging to sb_content_cert.log)
2023-12-01 18:45:47,339 - Parsing config file: cert/cfg/ICVSBContent.cfg
2023-12-01 18:45:47,339 - Parsed config items:
cert-keypair:	cert/key/ICVSBContent.pem
cert-keypair-pwd:	cert/key/ICVSBContent.pwd
load-verify-scheme:	0
crypto-type:	0
aes-ce-id:	0
aes-enc-key:	cert/key/KCEICV.txt
images-table:	cert/Images.txt
nvcounter-val:	1
cert-pkg:	cert/ICVSBContent.crt
2023-12-01 18:45:47,339 - **** Creating Content Certificate ****
2023-12-01 18:45:47,346 - **** Certificate file (context) creation has been completed successfully ****
2023-12-01 18:45:47,629 - Content Certificate Generation Utility started (Logging to sb_content_cert.log)
2023-12-01 18:45:47,629 - Parsing config file: cert/cfg/ICVSBContent.cfg
2023-12-01 18:45:47,629 - Parsed config items:
cert-keypair:	cert/key/ICVSBContent.pem
cert-keypair-pwd:	cert/key/ICVSBContent.pwd
load-verify-scheme:	0
crypto-type:	0
aes-ce-id:	0
aes-enc-key:	cert/key/KCEICV.txt
images-table:	cert/Images.txt
nvcounter-val:	1
cert-pkg:	cert/ICVSBContent.crt
2023-12-01 18:45:47,630 - **** Creating Content Certificate ****
2023-12-01 18:45:47,636 - **** Certificate file (context) creation has been completed successfully ****
2023-12-05 10:17:43,468 - Content Certificate Generation Utility started (Logging to sb_content_cert.log)
2023-12-05 10:17:43,469 - Parsing config file: cert/cfg/ICVSBContent.cfg
2023-12-05 10:17:43,469 - Parsed config items:
cert-keypair:	cert/key/ICVSBContent.pem
cert-keypair-pwd:	cert/key/ICVSBContent.pwd
load-verify-scheme:	0
crypto-type:	0
aes-ce-id:	0
aes-enc-key:	cert/key/KCEICV.txt
images-table:	cert/Images.txt
nvcounter-val:	1
cert-pkg:	cert/ICVSBContent.crt
2023-12-05 10:17:43,469 - **** Creating Content Certificate ****
2023-12-05 10:17:43,477 - **** Certificate file (context) creation has been completed successfully ****
2023-12-05 10:17:43,744 - Content Certificate Generation Utility started (Logging to sb_content_cert.log)
2023-12-05 10:17:43,744 - Parsing config file: cert/cfg/ICVSBContent.cfg
2023-12-05 10:17:43,744 - Parsed config items:
cert-keypair:	cert/key/ICVSBContent.pem
cert-keypair-pwd:	cert/key/ICVSBContent.pwd
load-verify-scheme:	0
crypto-type:	0
aes-ce-id:	0
aes-enc-key:	cert/key/KCEICV.txt
images-table:	cert/Images.txt
nvcounter-val:	1
cert-pkg:	cert/ICVSBContent.crt
2023-12-05 10:17:43,745 - **** Creating Content Certificate ****
2023-12-05 10:17:43,752 - **** Certificate file (context) creation has been completed successfully ****
2023-12-05 10:17:44,079 - Content Certificate Generation Utility started (Logging to sb_content_cert.log)
2023-12-05 10:17:44,079 - Parsing config file: cert/cfg/ICVSBContent.cfg
2023-12-05 10:17:44,079 - Parsed config items:
cert-keypair:	cert/key/ICVSBContent.pem
cert-keypair-pwd:	cert/key/ICVSBContent.pwd
load-verify-scheme:	0
crypto-type:	0
aes-ce-id:	0
aes-enc-key:	cert/key/KCEICV.txt
images-table:	cert/Images.txt
nvcounter-val:	1
cert-pkg:	cert/ICVSBContent.crt
2023-12-05 10:17:44,080 - **** Creating Content Certificate ****
2023-12-05 10:17:44,089 - **** Certificate file (context) creation has been completed successfully ****
2023-12-05 10:17:44,357 - Content Certificate Generation Utility started (Logging to sb_content_cert.log)
2023-12-05 10:17:44,357 - Parsing config file: cert/cfg/ICVSBContent.cfg
2023-12-05 10:17:44,358 - Parsed config items:
cert-keypair:	cert/key/ICVSBContent.pem
cert-keypair-pwd:	cert/key/ICVSBContent.pwd
load-verify-scheme:	0
crypto-type:	0
aes-ce-id:	0
aes-enc-key:	cert/key/KCEICV.txt
images-table:	cert/Images.txt
nvcounter-val:	1
cert-pkg:	cert/ICVSBContent.crt
2023-12-05 10:17:44,358 - **** Creating Content Certificate ****
2023-12-05 10:17:44,365 - **** Certificate file (context) creation has been completed successfully ****
2023-12-05 10:17:46,413 - Content Certificate Generation Utility started (Logging to sb_content_cert.log)
2023-12-05 10:17:46,414 - Parsing config file: cert/cfg/ICVSBContent.cfg
2023-12-05 10:17:46,414 - Parsed config items:
cert-keypair:	cert/key/ICVSBContent.pem
cert-keypair-pwd:	cert/key/ICVSBContent.pwd
load-verify-scheme:	0
crypto-type:	0
aes-ce-id:	0
aes-enc-key:	cert/key/KCEICV.txt
images-table:	cert/Images.txt
nvcounter-val:	1
cert-pkg:	cert/ICVSBContent.crt
2023-12-05 10:17:46,414 - **** Creating Content Certificate ****
2023-12-05 10:17:46,422 - **** Certificate file (context) creation has been completed successfully ****
2023-12-05 10:17:46,701 - Content Certificate Generation Utility started (Logging to sb_content_cert.log)
2023-12-05 10:17:46,701 - Parsing config file: cert/cfg/ICVSBContent.cfg
2023-12-05 10:17:46,702 - Parsed config items:
cert-keypair:	cert/key/ICVSBContent.pem
cert-keypair-pwd:	cert/key/ICVSBContent.pwd
load-verify-scheme:	0
crypto-type:	0
aes-ce-id:	0
aes-enc-key:	cert/key/KCEICV.txt
images-table:	cert/Images.txt
nvcounter-val:	1
cert-pkg:	cert/ICVSBContent.crt
2023-12-05 10:17:46,702 - **** Creating Content Certificate ****
2023-12-05 10:17:46,710 - **** Certificate file (context) creation has been completed successfully ****
2023-12-05 10:26:53,175 - Content Certificate Generation Utility started (Logging to sb_content_cert.log)
2023-12-05 10:26:53,175 - Parsing config file: cert/cfg/ICVSBContent.cfg
2023-12-05 10:26:53,176 - Parsed config items:
cert-keypair:	cert/key/ICVSBContent.pem
cert-keypair-pwd:	cert/key/ICVSBContent.pwd
load-verify-scheme:	0
crypto-type:	0
aes-ce-id:	0
aes-enc-key:	cert/key/KCEICV.txt
images-table:	cert/Images.txt
nvcounter-val:	1
cert-pkg:	cert/ICVSBContent.crt
2023-12-05 10:26:53,176 - **** Creating Content Certificate ****
2023-12-05 10:26:53,183 - **** Certificate file (context) creation has been completed successfully ****
2023-12-05 10:26:53,442 - Content Certificate Generation Utility started (Logging to sb_content_cert.log)
2023-12-05 10:26:53,442 - Parsing config file: cert/cfg/ICVSBContent.cfg
2023-12-05 10:26:53,443 - Parsed config items:
cert-keypair:	cert/key/ICVSBContent.pem
cert-keypair-pwd:	cert/key/ICVSBContent.pwd
load-verify-scheme:	0
crypto-type:	0
aes-ce-id:	0
aes-enc-key:	cert/key/KCEICV.txt
images-table:	cert/Images.txt
nvcounter-val:	1
cert-pkg:	cert/ICVSBContent.crt
2023-12-05 10:26:53,443 - **** Creating Content Certificate ****
2023-12-05 10:26:53,450 - **** Certificate file (context) creation has been completed successfully ****
2023-12-05 10:26:53,780 - Content Certificate Generation Utility started (Logging to sb_content_cert.log)
2023-12-05 10:26:53,780 - Parsing config file: cert/cfg/ICVSBContent.cfg
2023-12-05 10:26:53,780 - Parsed config items:
cert-keypair:	cert/key/ICVSBContent.pem
cert-keypair-pwd:	cert/key/ICVSBContent.pwd
load-verify-scheme:	0
crypto-type:	0
aes-ce-id:	0
aes-enc-key:	cert/key/KCEICV.txt
images-table:	cert/Images.txt
nvcounter-val:	1
cert-pkg:	cert/ICVSBContent.crt
2023-12-05 10:26:53,781 - **** Creating Content Certificate ****
2023-12-05 10:26:53,789 - **** Certificate file (context) creation has been completed successfully ****
2023-12-05 10:26:54,095 - Content Certificate Generation Utility started (Logging to sb_content_cert.log)
2023-12-05 10:26:54,096 - Parsing config file: cert/cfg/ICVSBContent.cfg
2023-12-05 10:26:54,096 - Parsed config items:
cert-keypair:	cert/key/ICVSBContent.pem
cert-keypair-pwd:	cert/key/ICVSBContent.pwd
load-verify-scheme:	0
crypto-type:	0
aes-ce-id:	0
aes-enc-key:	cert/key/KCEICV.txt
images-table:	cert/Images.txt
nvcounter-val:	1
cert-pkg:	cert/ICVSBContent.crt
2023-12-05 10:26:54,096 - **** Creating Content Certificate ****
2023-12-05 10:26:54,105 - **** Certificate file (context) creation has been completed successfully ****
2023-12-05 10:26:56,065 - Content Certificate Generation Utility started (Logging to sb_content_cert.log)
2023-12-05 10:26:56,066 - Parsing config file: cert/cfg/ICVSBContent.cfg
2023-12-05 10:26:56,066 - Parsed config items:
cert-keypair:	cert/key/ICVSBContent.pem
cert-keypair-pwd:	cert/key/ICVSBContent.pwd
load-verify-scheme:	0
crypto-type:	0
aes-ce-id:	0
aes-enc-key:	cert/key/KCEICV.txt
images-table:	cert/Images.txt
nvcounter-val:	1
cert-pkg:	cert/ICVSBContent.crt
2023-12-05 10:26:56,066 - **** Creating Content Certificate ****
2023-12-05 10:26:56,073 - **** Certificate file (context) creation has been completed successfully ****
2023-12-05 10:26:56,318 - Content Certificate Generation Utility started (Logging to sb_content_cert.log)
2023-12-05 10:26:56,319 - Parsing config file: cert/cfg/ICVSBContent.cfg
2023-12-05 10:26:56,319 - Parsed config items:
cert-keypair:	cert/key/ICVSBContent.pem
cert-keypair-pwd:	cert/key/ICVSBContent.pwd
load-verify-scheme:	0
crypto-type:	0
aes-ce-id:	0
aes-enc-key:	cert/key/KCEICV.txt
images-table:	cert/Images.txt
nvcounter-val:	1
cert-pkg:	cert/ICVSBContent.crt
2023-12-05 10:26:56,319 - **** Creating Content Certificate ****
2023-12-05 10:26:56,326 - **** Certificate file (context) creation has been completed successfully ****
2023-12-05 10:29:37,485 - Content Certificate Generation Utility started (Logging to sb_content_cert.log)
2023-12-05 10:29:37,486 - Parsing config file: cert/cfg/ICVSBContent.cfg
2023-12-05 10:29:37,486 - Parsed config items:
cert-keypair:	cert/key/ICVSBContent.pem
cert-keypair-pwd:	cert/key/ICVSBContent.pwd
load-verify-scheme:	0
crypto-type:	0
aes-ce-id:	0
aes-enc-key:	cert/key/KCEICV.txt
images-table:	cert/Images.txt
nvcounter-val:	1
cert-pkg:	cert/ICVSBContent.crt
2023-12-05 10:29:37,486 - **** Creating Content Certificate ****
2023-12-05 10:29:37,493 - **** Certificate file (context) creation has been completed successfully ****
2023-12-05 10:29:37,763 - Content Certificate Generation Utility started (Logging to sb_content_cert.log)
2023-12-05 10:29:37,763 - Parsing config file: cert/cfg/ICVSBContent.cfg
2023-12-05 10:29:37,764 - Parsed config items:
cert-keypair:	cert/key/ICVSBContent.pem
cert-keypair-pwd:	cert/key/ICVSBContent.pwd
load-verify-scheme:	0
crypto-type:	0
aes-ce-id:	0
aes-enc-key:	cert/key/KCEICV.txt
images-table:	cert/Images.txt
nvcounter-val:	1
cert-pkg:	cert/ICVSBContent.crt
2023-12-05 10:29:37,764 - **** Creating Content Certificate ****
2023-12-05 10:29:37,773 - **** Certificate file (context) creation has been completed successfully ****
2023-12-05 10:29:38,094 - Content Certificate Generation Utility started (Logging to sb_content_cert.log)
2023-12-05 10:29:38,095 - Parsing config file: cert/cfg/ICVSBContent.cfg
2023-12-05 10:29:38,095 - Parsed config items:
cert-keypair:	cert/key/ICVSBContent.pem
cert-keypair-pwd:	cert/key/ICVSBContent.pwd
load-verify-scheme:	0
crypto-type:	0
aes-ce-id:	0
aes-enc-key:	cert/key/KCEICV.txt
images-table:	cert/Images.txt
nvcounter-val:	1
cert-pkg:	cert/ICVSBContent.crt
2023-12-05 10:29:38,095 - **** Creating Content Certificate ****
2023-12-05 10:29:38,107 - **** Certificate file (context) creation has been completed successfully ****
2023-12-05 10:29:38,371 - Content Certificate Generation Utility started (Logging to sb_content_cert.log)
2023-12-05 10:29:38,371 - Parsing config file: cert/cfg/ICVSBContent.cfg
2023-12-05 10:29:38,372 - Parsed config items:
cert-keypair:	cert/key/ICVSBContent.pem
cert-keypair-pwd:	cert/key/ICVSBContent.pwd
load-verify-scheme:	0
crypto-type:	0
aes-ce-id:	0
aes-enc-key:	cert/key/KCEICV.txt
images-table:	cert/Images.txt
nvcounter-val:	1
cert-pkg:	cert/ICVSBContent.crt
2023-12-05 10:29:38,372 - **** Creating Content Certificate ****
2023-12-05 10:29:38,378 - **** Certificate file (context) creation has been completed successfully ****
2023-12-05 10:29:39,552 - Content Certificate Generation Utility started (Logging to sb_content_cert.log)
2023-12-05 10:29:39,552 - Parsing config file: cert/cfg/ICVSBContent.cfg
2023-12-05 10:29:39,553 - Parsed config items:
cert-keypair:	cert/key/ICVSBContent.pem
cert-keypair-pwd:	cert/key/ICVSBContent.pwd
load-verify-scheme:	0
crypto-type:	0
aes-ce-id:	0
aes-enc-key:	cert/key/KCEICV.txt
images-table:	cert/Images.txt
nvcounter-val:	1
cert-pkg:	cert/ICVSBContent.crt
2023-12-05 10:29:39,553 - **** Creating Content Certificate ****
2023-12-05 10:29:39,560 - **** Certificate file (context) creation has been completed successfully ****
2023-12-05 10:29:39,834 - Content Certificate Generation Utility started (Logging to sb_content_cert.log)
2023-12-05 10:29:39,834 - Parsing config file: cert/cfg/ICVSBContent.cfg
2023-12-05 10:29:39,834 - Parsed config items:
cert-keypair:	cert/key/ICVSBContent.pem
cert-keypair-pwd:	cert/key/ICVSBContent.pwd
load-verify-scheme:	0
crypto-type:	0
aes-ce-id:	0
aes-enc-key:	cert/key/KCEICV.txt
images-table:	cert/Images.txt
nvcounter-val:	1
cert-pkg:	cert/ICVSBContent.crt
2023-12-05 10:29:39,835 - **** Creating Content Certificate ****
2023-12-05 10:29:39,841 - **** Certificate file (context) creation has been completed successfully ****
2023-12-05 10:30:38,042 - Content Certificate Generation Utility started (Logging to sb_content_cert.log)
2023-12-05 10:30:38,043 - Parsing config file: cert/cfg/ICVSBContent.cfg
2023-12-05 10:30:38,043 - Parsed config items:
cert-keypair:	cert/key/ICVSBContent.pem
cert-keypair-pwd:	cert/key/ICVSBContent.pwd
load-verify-scheme:	0
crypto-type:	0
aes-ce-id:	0
aes-enc-key:	cert/key/KCEICV.txt
images-table:	cert/Images.txt
nvcounter-val:	1
cert-pkg:	cert/ICVSBContent.crt
2023-12-05 10:30:38,043 - **** Creating Content Certificate ****
2023-12-05 10:30:38,050 - **** Certificate file (context) creation has been completed successfully ****
2023-12-05 10:30:38,303 - Content Certificate Generation Utility started (Logging to sb_content_cert.log)
2023-12-05 10:30:38,303 - Parsing config file: cert/cfg/ICVSBContent.cfg
2023-12-05 10:30:38,304 - Parsed config items:
cert-keypair:	cert/key/ICVSBContent.pem
cert-keypair-pwd:	cert/key/ICVSBContent.pwd
load-verify-scheme:	0
crypto-type:	0
aes-ce-id:	0
aes-enc-key:	cert/key/KCEICV.txt
images-table:	cert/Images.txt
nvcounter-val:	1
cert-pkg:	cert/ICVSBContent.crt
2023-12-05 10:30:38,304 - **** Creating Content Certificate ****
2023-12-05 10:30:38,311 - **** Certificate file (context) creation has been completed successfully ****
2023-12-05 10:30:38,608 - Content Certificate Generation Utility started (Logging to sb_content_cert.log)
2023-12-05 10:30:38,608 - Parsing config file: cert/cfg/ICVSBContent.cfg
2023-12-05 10:30:38,608 - Parsed config items:
cert-keypair:	cert/key/ICVSBContent.pem
cert-keypair-pwd:	cert/key/ICVSBContent.pwd
load-verify-scheme:	0
crypto-type:	0
aes-ce-id:	0
aes-enc-key:	cert/key/KCEICV.txt
images-table:	cert/Images.txt
nvcounter-val:	1
cert-pkg:	cert/ICVSBContent.crt
2023-12-05 10:30:38,609 - **** Creating Content Certificate ****
2023-12-05 10:30:38,616 - **** Certificate file (context) creation has been completed successfully ****
2023-12-05 10:30:38,881 - Content Certificate Generation Utility started (Logging to sb_content_cert.log)
2023-12-05 10:30:38,881 - Parsing config file: cert/cfg/ICVSBContent.cfg
2023-12-05 10:30:38,882 - Parsed config items:
cert-keypair:	cert/key/ICVSBContent.pem
cert-keypair-pwd:	cert/key/ICVSBContent.pwd
load-verify-scheme:	0
crypto-type:	0
aes-ce-id:	0
aes-enc-key:	cert/key/KCEICV.txt
images-table:	cert/Images.txt
nvcounter-val:	1
cert-pkg:	cert/ICVSBContent.crt
2023-12-05 10:30:38,882 - **** Creating Content Certificate ****
2023-12-05 10:30:38,889 - **** Certificate file (context) creation has been completed successfully ****
2023-12-05 10:30:39,786 - Content Certificate Generation Utility started (Logging to sb_content_cert.log)
2023-12-05 10:30:39,786 - Parsing config file: cert/cfg/ICVSBContent.cfg
2023-12-05 10:30:39,787 - Parsed config items:
cert-keypair:	cert/key/ICVSBContent.pem
cert-keypair-pwd:	cert/key/ICVSBContent.pwd
load-verify-scheme:	0
crypto-type:	0
aes-ce-id:	0
aes-enc-key:	cert/key/KCEICV.txt
images-table:	cert/Images.txt
nvcounter-val:	1
cert-pkg:	cert/ICVSBContent.crt
2023-12-05 10:30:39,787 - **** Creating Content Certificate ****
2023-12-05 10:30:39,793 - **** Certificate file (context) creation has been completed successfully ****
2023-12-05 10:30:40,100 - Content Certificate Generation Utility started (Logging to sb_content_cert.log)
2023-12-05 10:30:40,100 - Parsing config file: cert/cfg/ICVSBContent.cfg
2023-12-05 10:30:40,101 - Parsed config items:
cert-keypair:	cert/key/ICVSBContent.pem
cert-keypair-pwd:	cert/key/ICVSBContent.pwd
load-verify-scheme:	0
crypto-type:	0
aes-ce-id:	0
aes-enc-key:	cert/key/KCEICV.txt
images-table:	cert/Images.txt
nvcounter-val:	1
cert-pkg:	cert/ICVSBContent.crt
2023-12-05 10:30:40,101 - **** Creating Content Certificate ****
2023-12-05 10:30:40,108 - **** Certificate file (context) creation has been completed successfully ****
2023-12-05 17:06:39,378 - Content Certificate Generation Utility started (Logging to sb_content_cert.log)
2023-12-05 17:06:39,379 - Parsing config file: cert/cfg/ICVSBContent.cfg
2023-12-05 17:06:39,379 - Parsed config items:
cert-keypair:	cert/key/ICVSBContent.pem
cert-keypair-pwd:	cert/key/ICVSBContent.pwd
load-verify-scheme:	0
crypto-type:	0
aes-ce-id:	0
aes-enc-key:	cert/key/KCEICV.txt
images-table:	cert/Images.txt
nvcounter-val:	1
cert-pkg:	cert/ICVSBContent.crt
2023-12-05 17:06:39,379 - **** Creating Content Certificate ****
2023-12-05 17:06:39,386 - **** Certificate file (context) creation has been completed successfully ****
2023-12-05 17:06:39,687 - Content Certificate Generation Utility started (Logging to sb_content_cert.log)
2023-12-05 17:06:39,688 - Parsing config file: cert/cfg/ICVSBContent.cfg
2023-12-05 17:06:39,688 - Parsed config items:
cert-keypair:	cert/key/ICVSBContent.pem
cert-keypair-pwd:	cert/key/ICVSBContent.pwd
load-verify-scheme:	0
crypto-type:	0
aes-ce-id:	0
aes-enc-key:	cert/key/KCEICV.txt
images-table:	cert/Images.txt
nvcounter-val:	1
cert-pkg:	cert/ICVSBContent.crt
2023-12-05 17:06:39,688 - **** Creating Content Certificate ****
2023-12-05 17:06:39,697 - **** Certificate file (context) creation has been completed successfully ****
2023-12-05 17:06:39,995 - Content Certificate Generation Utility started (Logging to sb_content_cert.log)
2023-12-05 17:06:39,995 - Parsing config file: cert/cfg/ICVSBContent.cfg
2023-12-05 17:06:39,996 - Parsed config items:
cert-keypair:	cert/key/ICVSBContent.pem
cert-keypair-pwd:	cert/key/ICVSBContent.pwd
load-verify-scheme:	0
crypto-type:	0
aes-ce-id:	0
aes-enc-key:	cert/key/KCEICV.txt
images-table:	cert/Images.txt
nvcounter-val:	1
cert-pkg:	cert/ICVSBContent.crt
2023-12-05 17:06:39,996 - **** Creating Content Certificate ****
2023-12-05 17:06:40,003 - **** Certificate file (context) creation has been completed successfully ****
2023-12-05 17:06:40,302 - Content Certificate Generation Utility started (Logging to sb_content_cert.log)
2023-12-05 17:06:40,302 - Parsing config file: cert/cfg/ICVSBContent.cfg
2023-12-05 17:06:40,302 - Parsed config items:
cert-keypair:	cert/key/ICVSBContent.pem
cert-keypair-pwd:	cert/key/ICVSBContent.pwd
load-verify-scheme:	0
crypto-type:	0
aes-ce-id:	0
aes-enc-key:	cert/key/KCEICV.txt
images-table:	cert/Images.txt
nvcounter-val:	1
cert-pkg:	cert/ICVSBContent.crt
2023-12-05 17:06:40,303 - **** Creating Content Certificate ****
2023-12-05 17:06:40,311 - **** Certificate file (context) creation has been completed successfully ****
2023-12-05 17:06:41,257 - Content Certificate Generation Utility started (Logging to sb_content_cert.log)
2023-12-05 17:06:41,258 - Parsing config file: cert/cfg/ICVSBContent.cfg
2023-12-05 17:06:41,258 - Parsed config items:
cert-keypair:	cert/key/ICVSBContent.pem
cert-keypair-pwd:	cert/key/ICVSBContent.pwd
load-verify-scheme:	0
crypto-type:	0
aes-ce-id:	0
aes-enc-key:	cert/key/KCEICV.txt
images-table:	cert/Images.txt
nvcounter-val:	1
cert-pkg:	cert/ICVSBContent.crt
2023-12-05 17:06:41,258 - **** Creating Content Certificate ****
2023-12-05 17:06:41,265 - **** Certificate file (context) creation has been completed successfully ****
2023-12-05 17:06:41,531 - Content Certificate Generation Utility started (Logging to sb_content_cert.log)
2023-12-05 17:06:41,531 - Parsing config file: cert/cfg/ICVSBContent.cfg
2023-12-05 17:06:41,531 - Parsed config items:
cert-keypair:	cert/key/ICVSBContent.pem
cert-keypair-pwd:	cert/key/ICVSBContent.pwd
load-verify-scheme:	0
crypto-type:	0
aes-ce-id:	0
aes-enc-key:	cert/key/KCEICV.txt
images-table:	cert/Images.txt
nvcounter-val:	1
cert-pkg:	cert/ICVSBContent.crt
2023-12-05 17:06:41,532 - **** Creating Content Certificate ****
2023-12-05 17:06:41,538 - **** Certificate file (context) creation has been completed successfully ****
2023-12-05 17:12:48,941 - Content Certificate Generation Utility started (Logging to sb_content_cert.log)
2023-12-05 17:12:48,942 - Parsing config file: cert/cfg/ICVSBContent.cfg
2023-12-05 17:12:48,942 - Parsed config items:
cert-keypair:	cert/key/ICVSBContent.pem
cert-keypair-pwd:	cert/key/ICVSBContent.pwd
load-verify-scheme:	0
crypto-type:	0
aes-ce-id:	0
aes-enc-key:	cert/key/KCEICV.txt
images-table:	cert/Images.txt
nvcounter-val:	1
cert-pkg:	cert/ICVSBContent.crt
2023-12-05 17:12:48,942 - **** Creating Content Certificate ****
2023-12-05 17:12:48,950 - **** Certificate file (context) creation has been completed successfully ****
2023-12-05 17:12:49,196 - Content Certificate Generation Utility started (Logging to sb_content_cert.log)
2023-12-05 17:12:49,196 - Parsing config file: cert/cfg/ICVSBContent.cfg
2023-12-05 17:12:49,196 - Parsed config items:
cert-keypair:	cert/key/ICVSBContent.pem
cert-keypair-pwd:	cert/key/ICVSBContent.pwd
load-verify-scheme:	0
crypto-type:	0
aes-ce-id:	0
aes-enc-key:	cert/key/KCEICV.txt
images-table:	cert/Images.txt
nvcounter-val:	1
cert-pkg:	cert/ICVSBContent.crt
2023-12-05 17:12:49,197 - **** Creating Content Certificate ****
2023-12-05 17:12:49,204 - **** Certificate file (context) creation has been completed successfully ****
2023-12-05 17:12:49,472 - Content Certificate Generation Utility started (Logging to sb_content_cert.log)
2023-12-05 17:12:49,472 - Parsing config file: cert/cfg/ICVSBContent.cfg
2023-12-05 17:12:49,473 - Parsed config items:
cert-keypair:	cert/key/ICVSBContent.pem
cert-keypair-pwd:	cert/key/ICVSBContent.pwd
load-verify-scheme:	0
crypto-type:	0
aes-ce-id:	0
aes-enc-key:	cert/key/KCEICV.txt
images-table:	cert/Images.txt
nvcounter-val:	1
cert-pkg:	cert/ICVSBContent.crt
2023-12-05 17:12:49,473 - **** Creating Content Certificate ****
2023-12-05 17:12:49,481 - **** Certificate file (context) creation has been completed successfully ****
2023-12-05 17:12:49,741 - Content Certificate Generation Utility started (Logging to sb_content_cert.log)
2023-12-05 17:12:49,741 - Parsing config file: cert/cfg/ICVSBContent.cfg
2023-12-05 17:12:49,742 - Parsed config items:
cert-keypair:	cert/key/ICVSBContent.pem
cert-keypair-pwd:	cert/key/ICVSBContent.pwd
load-verify-scheme:	0
crypto-type:	0
aes-ce-id:	0
aes-enc-key:	cert/key/KCEICV.txt
images-table:	cert/Images.txt
nvcounter-val:	1
cert-pkg:	cert/ICVSBContent.crt
2023-12-05 17:12:49,742 - **** Creating Content Certificate ****
2023-12-05 17:12:49,749 - **** Certificate file (context) creation has been completed successfully ****
2023-12-05 17:12:50,902 - Content Certificate Generation Utility started (Logging to sb_content_cert.log)
2023-12-05 17:12:50,902 - Parsing config file: cert/cfg/ICVSBContent.cfg
2023-12-05 17:12:50,903 - Parsed config items:
cert-keypair:	cert/key/ICVSBContent.pem
cert-keypair-pwd:	cert/key/ICVSBContent.pwd
load-verify-scheme:	0
crypto-type:	0
aes-ce-id:	0
aes-enc-key:	cert/key/KCEICV.txt
images-table:	cert/Images.txt
nvcounter-val:	1
cert-pkg:	cert/ICVSBContent.crt
2023-12-05 17:12:50,903 - **** Creating Content Certificate ****
2023-12-05 17:12:50,909 - **** Certificate file (context) creation has been completed successfully ****
2023-12-05 17:12:51,148 - Content Certificate Generation Utility started (Logging to sb_content_cert.log)
2023-12-05 17:12:51,148 - Parsing config file: cert/cfg/ICVSBContent.cfg
2023-12-05 17:12:51,149 - Parsed config items:
cert-keypair:	cert/key/ICVSBContent.pem
cert-keypair-pwd:	cert/key/ICVSBContent.pwd
load-verify-scheme:	0
crypto-type:	0
aes-ce-id:	0
aes-enc-key:	cert/key/KCEICV.txt
images-table:	cert/Images.txt
nvcounter-val:	1
cert-pkg:	cert/ICVSBContent.crt
2023-12-05 17:12:51,149 - **** Creating Content Certificate ****
2023-12-05 17:12:51,156 - **** Certificate file (context) creation has been completed successfully ****
2023-12-05 17:15:39,380 - Content Certificate Generation Utility started (Logging to sb_content_cert.log)
2023-12-05 17:15:39,381 - Parsing config file: cert/cfg/ICVSBContent.cfg
2023-12-05 17:15:39,381 - Parsed config items:
cert-keypair:	cert/key/ICVSBContent.pem
cert-keypair-pwd:	cert/key/ICVSBContent.pwd
load-verify-scheme:	0
crypto-type:	0
aes-ce-id:	0
aes-enc-key:	cert/key/KCEICV.txt
images-table:	cert/Images.txt
nvcounter-val:	1
cert-pkg:	cert/ICVSBContent.crt
2023-12-05 17:15:39,381 - **** Creating Content Certificate ****
2023-12-05 17:15:39,388 - **** Certificate file (context) creation has been completed successfully ****
2023-12-05 17:15:39,654 - Content Certificate Generation Utility started (Logging to sb_content_cert.log)
2023-12-05 17:15:39,655 - Parsing config file: cert/cfg/ICVSBContent.cfg
2023-12-05 17:15:39,655 - Parsed config items:
cert-keypair:	cert/key/ICVSBContent.pem
cert-keypair-pwd:	cert/key/ICVSBContent.pwd
load-verify-scheme:	0
crypto-type:	0
aes-ce-id:	0
aes-enc-key:	cert/key/KCEICV.txt
images-table:	cert/Images.txt
nvcounter-val:	1
cert-pkg:	cert/ICVSBContent.crt
2023-12-05 17:15:39,655 - **** Creating Content Certificate ****
2023-12-05 17:15:39,664 - **** Certificate file (context) creation has been completed successfully ****
2023-12-05 17:15:39,932 - Content Certificate Generation Utility started (Logging to sb_content_cert.log)
2023-12-05 17:15:39,932 - Parsing config file: cert/cfg/ICVSBContent.cfg
2023-12-05 17:15:39,932 - Parsed config items:
cert-keypair:	cert/key/ICVSBContent.pem
cert-keypair-pwd:	cert/key/ICVSBContent.pwd
load-verify-scheme:	0
crypto-type:	0
aes-ce-id:	0
aes-enc-key:	cert/key/KCEICV.txt
images-table:	cert/Images.txt
nvcounter-val:	1
cert-pkg:	cert/ICVSBContent.crt
2023-12-05 17:15:39,932 - **** Creating Content Certificate ****
2023-12-05 17:15:39,940 - **** Certificate file (context) creation has been completed successfully ****
2023-12-05 17:15:40,201 - Content Certificate Generation Utility started (Logging to sb_content_cert.log)
2023-12-05 17:15:40,201 - Parsing config file: cert/cfg/ICVSBContent.cfg
2023-12-05 17:15:40,201 - Parsed config items:
cert-keypair:	cert/key/ICVSBContent.pem
cert-keypair-pwd:	cert/key/ICVSBContent.pwd
load-verify-scheme:	0
crypto-type:	0
aes-ce-id:	0
aes-enc-key:	cert/key/KCEICV.txt
images-table:	cert/Images.txt
nvcounter-val:	1
cert-pkg:	cert/ICVSBContent.crt
2023-12-05 17:15:40,202 - **** Creating Content Certificate ****
2023-12-05 17:15:40,209 - **** Certificate file (context) creation has been completed successfully ****
2023-12-05 17:15:41,039 - Content Certificate Generation Utility started (Logging to sb_content_cert.log)
2023-12-05 17:15:41,040 - Parsing config file: cert/cfg/ICVSBContent.cfg
2023-12-05 17:15:41,040 - Parsed config items:
cert-keypair:	cert/key/ICVSBContent.pem
cert-keypair-pwd:	cert/key/ICVSBContent.pwd
load-verify-scheme:	0
crypto-type:	0
aes-ce-id:	0
aes-enc-key:	cert/key/KCEICV.txt
images-table:	cert/Images.txt
nvcounter-val:	1
cert-pkg:	cert/ICVSBContent.crt
2023-12-05 17:15:41,040 - **** Creating Content Certificate ****
2023-12-05 17:15:41,046 - **** Certificate file (context) creation has been completed successfully ****
2023-12-05 17:15:41,304 - Content Certificate Generation Utility started (Logging to sb_content_cert.log)
2023-12-05 17:15:41,304 - Parsing config file: cert/cfg/ICVSBContent.cfg
2023-12-05 17:15:41,305 - Parsed config items:
cert-keypair:	cert/key/ICVSBContent.pem
cert-keypair-pwd:	cert/key/ICVSBContent.pwd
load-verify-scheme:	0
crypto-type:	0
aes-ce-id:	0
aes-enc-key:	cert/key/KCEICV.txt
images-table:	cert/Images.txt
nvcounter-val:	1
cert-pkg:	cert/ICVSBContent.crt
2023-12-05 17:15:41,305 - **** Creating Content Certificate ****
2023-12-05 17:15:41,311 - **** Certificate file (context) creation has been completed successfully ****
2023-12-05 17:19:52,289 - Content Certificate Generation Utility started (Logging to sb_content_cert.log)
2023-12-05 17:19:52,289 - Parsing config file: cert/cfg/ICVSBContent.cfg
2023-12-05 17:19:52,289 - Parsed config items:
cert-keypair:	cert/key/ICVSBContent.pem
cert-keypair-pwd:	cert/key/ICVSBContent.pwd
load-verify-scheme:	0
crypto-type:	0
aes-ce-id:	0
aes-enc-key:	cert/key/KCEICV.txt
images-table:	cert/Images.txt
nvcounter-val:	1
cert-pkg:	cert/ICVSBContent.crt
2023-12-05 17:19:52,290 - **** Creating Content Certificate ****
2023-12-05 17:19:52,296 - **** Certificate file (context) creation has been completed successfully ****
2023-12-05 17:19:52,571 - Content Certificate Generation Utility started (Logging to sb_content_cert.log)
2023-12-05 17:19:52,571 - Parsing config file: cert/cfg/ICVSBContent.cfg
2023-12-05 17:19:52,571 - Parsed config items:
cert-keypair:	cert/key/ICVSBContent.pem
cert-keypair-pwd:	cert/key/ICVSBContent.pwd
load-verify-scheme:	0
crypto-type:	0
aes-ce-id:	0
aes-enc-key:	cert/key/KCEICV.txt
images-table:	cert/Images.txt
nvcounter-val:	1
cert-pkg:	cert/ICVSBContent.crt
2023-12-05 17:19:52,572 - **** Creating Content Certificate ****
2023-12-05 17:19:52,578 - **** Certificate file (context) creation has been completed successfully ****
2023-12-05 17:19:52,904 - Content Certificate Generation Utility started (Logging to sb_content_cert.log)
2023-12-05 17:19:52,904 - Parsing config file: cert/cfg/ICVSBContent.cfg
2023-12-05 17:19:52,905 - Parsed config items:
cert-keypair:	cert/key/ICVSBContent.pem
cert-keypair-pwd:	cert/key/ICVSBContent.pwd
load-verify-scheme:	0
crypto-type:	0
aes-ce-id:	0
aes-enc-key:	cert/key/KCEICV.txt
images-table:	cert/Images.txt
nvcounter-val:	1
cert-pkg:	cert/ICVSBContent.crt
2023-12-05 17:19:52,905 - **** Creating Content Certificate ****
2023-12-05 17:19:52,916 - **** Certificate file (context) creation has been completed successfully ****
2023-12-05 17:19:53,148 - Content Certificate Generation Utility started (Logging to sb_content_cert.log)
2023-12-05 17:19:53,148 - Parsing config file: cert/cfg/ICVSBContent.cfg
2023-12-05 17:19:53,148 - Parsed config items:
cert-keypair:	cert/key/ICVSBContent.pem
cert-keypair-pwd:	cert/key/ICVSBContent.pwd
load-verify-scheme:	0
crypto-type:	0
aes-ce-id:	0
aes-enc-key:	cert/key/KCEICV.txt
images-table:	cert/Images.txt
nvcounter-val:	1
cert-pkg:	cert/ICVSBContent.crt
2023-12-05 17:19:53,149 - **** Creating Content Certificate ****
2023-12-05 17:19:53,155 - **** Certificate file (context) creation has been completed successfully ****
2023-12-05 17:19:55,027 - Content Certificate Generation Utility started (Logging to sb_content_cert.log)
2023-12-05 17:19:55,027 - Parsing config file: cert/cfg/ICVSBContent.cfg
2023-12-05 17:19:55,027 - Parsed config items:
cert-keypair:	cert/key/ICVSBContent.pem
cert-keypair-pwd:	cert/key/ICVSBContent.pwd
load-verify-scheme:	0
crypto-type:	0
aes-ce-id:	0
aes-enc-key:	cert/key/KCEICV.txt
images-table:	cert/Images.txt
nvcounter-val:	1
cert-pkg:	cert/ICVSBContent.crt
2023-12-05 17:19:55,028 - **** Creating Content Certificate ****
2023-12-05 17:19:55,034 - **** Certificate file (context) creation has been completed successfully ****
2023-12-05 17:19:55,305 - Content Certificate Generation Utility started (Logging to sb_content_cert.log)
2023-12-05 17:19:55,305 - Parsing config file: cert/cfg/ICVSBContent.cfg
2023-12-05 17:19:55,305 - Parsed config items:
cert-keypair:	cert/key/ICVSBContent.pem
cert-keypair-pwd:	cert/key/ICVSBContent.pwd
load-verify-scheme:	0
crypto-type:	0
aes-ce-id:	0
aes-enc-key:	cert/key/KCEICV.txt
images-table:	cert/Images.txt
nvcounter-val:	1
cert-pkg:	cert/ICVSBContent.crt
2023-12-05 17:19:55,306 - **** Creating Content Certificate ****
2023-12-05 17:19:55,313 - **** Certificate file (context) creation has been completed successfully ****
2023-12-06 09:48:59,837 - Content Certificate Generation Utility started (Logging to sb_content_cert.log)
2023-12-06 09:48:59,837 - Parsing config file: cert/cfg/ICVSBContent.cfg
2023-12-06 09:48:59,838 - Parsed config items:
cert-keypair:	cert/key/ICVSBContent.pem
cert-keypair-pwd:	cert/key/ICVSBContent.pwd
load-verify-scheme:	0
crypto-type:	0
aes-ce-id:	0
aes-enc-key:	cert/key/KCEICV.txt
images-table:	cert/Images.txt
nvcounter-val:	1
cert-pkg:	cert/ICVSBContent.crt
2023-12-06 09:48:59,838 - **** Creating Content Certificate ****
2023-12-06 09:48:59,847 - **** Certificate file (context) creation has been completed successfully ****
2023-12-06 09:49:00,115 - Content Certificate Generation Utility started (Logging to sb_content_cert.log)
2023-12-06 09:49:00,115 - Parsing config file: cert/cfg/ICVSBContent.cfg
2023-12-06 09:49:00,116 - Parsed config items:
cert-keypair:	cert/key/ICVSBContent.pem
cert-keypair-pwd:	cert/key/ICVSBContent.pwd
load-verify-scheme:	0
crypto-type:	0
aes-ce-id:	0
aes-enc-key:	cert/key/KCEICV.txt
images-table:	cert/Images.txt
nvcounter-val:	1
cert-pkg:	cert/ICVSBContent.crt
2023-12-06 09:49:00,116 - **** Creating Content Certificate ****
2023-12-06 09:49:00,123 - **** Certificate file (context) creation has been completed successfully ****
2023-12-06 09:49:00,428 - Content Certificate Generation Utility started (Logging to sb_content_cert.log)
2023-12-06 09:49:00,428 - Parsing config file: cert/cfg/ICVSBContent.cfg
2023-12-06 09:49:00,429 - Parsed config items:
cert-keypair:	cert/key/ICVSBContent.pem
cert-keypair-pwd:	cert/key/ICVSBContent.pwd
load-verify-scheme:	0
crypto-type:	0
aes-ce-id:	0
aes-enc-key:	cert/key/KCEICV.txt
images-table:	cert/Images.txt
nvcounter-val:	1
cert-pkg:	cert/ICVSBContent.crt
2023-12-06 09:49:00,429 - **** Creating Content Certificate ****
2023-12-06 09:49:00,436 - **** Certificate file (context) creation has been completed successfully ****
2023-12-06 09:49:00,662 - Content Certificate Generation Utility started (Logging to sb_content_cert.log)
2023-12-06 09:49:00,662 - Parsing config file: cert/cfg/ICVSBContent.cfg
2023-12-06 09:49:00,662 - Parsed config items:
cert-keypair:	cert/key/ICVSBContent.pem
cert-keypair-pwd:	cert/key/ICVSBContent.pwd
load-verify-scheme:	0
crypto-type:	0
aes-ce-id:	0
aes-enc-key:	cert/key/KCEICV.txt
images-table:	cert/Images.txt
nvcounter-val:	1
cert-pkg:	cert/ICVSBContent.crt
2023-12-06 09:49:00,662 - **** Creating Content Certificate ****
2023-12-06 09:49:00,669 - **** Certificate file (context) creation has been completed successfully ****
2023-12-06 09:49:01,580 - Content Certificate Generation Utility started (Logging to sb_content_cert.log)
2023-12-06 09:49:01,580 - Parsing config file: cert/cfg/ICVSBContent.cfg
2023-12-06 09:49:01,581 - Parsed config items:
cert-keypair:	cert/key/ICVSBContent.pem
cert-keypair-pwd:	cert/key/ICVSBContent.pwd
load-verify-scheme:	0
crypto-type:	0
aes-ce-id:	0
aes-enc-key:	cert/key/KCEICV.txt
images-table:	cert/Images.txt
nvcounter-val:	1
cert-pkg:	cert/ICVSBContent.crt
2023-12-06 09:49:01,581 - **** Creating Content Certificate ****
2023-12-06 09:49:01,588 - **** Certificate file (context) creation has been completed successfully ****
2023-12-06 09:49:01,831 - Content Certificate Generation Utility started (Logging to sb_content_cert.log)
2023-12-06 09:49:01,831 - Parsing config file: cert/cfg/ICVSBContent.cfg
2023-12-06 09:49:01,831 - Parsed config items:
cert-keypair:	cert/key/ICVSBContent.pem
cert-keypair-pwd:	cert/key/ICVSBContent.pwd
load-verify-scheme:	0
crypto-type:	0
aes-ce-id:	0
aes-enc-key:	cert/key/KCEICV.txt
images-table:	cert/Images.txt
nvcounter-val:	1
cert-pkg:	cert/ICVSBContent.crt
2023-12-06 09:49:01,832 - **** Creating Content Certificate ****
2023-12-06 09:49:01,838 - **** Certificate file (context) creation has been completed successfully ****
2023-12-06 15:31:51,773 - Content Certificate Generation Utility started (Logging to sb_content_cert.log)
2023-12-06 15:31:51,773 - Parsing config file: cert/cfg/ICVSBContent.cfg
2023-12-06 15:31:51,773 - Parsed config items:
cert-keypair:	cert/key/ICVSBContent.pem
cert-keypair-pwd:	cert/key/ICVSBContent.pwd
load-verify-scheme:	0
crypto-type:	0
aes-ce-id:	0
aes-enc-key:	cert/key/KCEICV.txt
images-table:	cert/Images.txt
nvcounter-val:	1
cert-pkg:	cert/ICVSBContent.crt
2023-12-06 15:31:51,774 - **** Creating Content Certificate ****
2023-12-06 15:31:51,783 - **** Certificate file (context) creation has been completed successfully ****
2023-12-06 15:31:52,075 - Content Certificate Generation Utility started (Logging to sb_content_cert.log)
2023-12-06 15:31:52,075 - Parsing config file: cert/cfg/ICVSBContent.cfg
2023-12-06 15:31:52,076 - Parsed config items:
cert-keypair:	cert/key/ICVSBContent.pem
cert-keypair-pwd:	cert/key/ICVSBContent.pwd
load-verify-scheme:	0
crypto-type:	0
aes-ce-id:	0
aes-enc-key:	cert/key/KCEICV.txt
images-table:	cert/Images.txt
nvcounter-val:	1
cert-pkg:	cert/ICVSBContent.crt
2023-12-06 15:31:52,076 - **** Creating Content Certificate ****
2023-12-06 15:31:52,085 - **** Certificate file (context) creation has been completed successfully ****
2023-12-06 15:31:52,381 - Content Certificate Generation Utility started (Logging to sb_content_cert.log)
2023-12-06 15:31:52,381 - Parsing config file: cert/cfg/ICVSBContent.cfg
2023-12-06 15:31:52,382 - Parsed config items:
cert-keypair:	cert/key/ICVSBContent.pem
cert-keypair-pwd:	cert/key/ICVSBContent.pwd
load-verify-scheme:	0
crypto-type:	0
aes-ce-id:	0
aes-enc-key:	cert/key/KCEICV.txt
images-table:	cert/Images.txt
nvcounter-val:	1
cert-pkg:	cert/ICVSBContent.crt
2023-12-06 15:31:52,382 - **** Creating Content Certificate ****
2023-12-06 15:31:52,389 - **** Certificate file (context) creation has been completed successfully ****
2023-12-06 15:31:52,618 - Content Certificate Generation Utility started (Logging to sb_content_cert.log)
2023-12-06 15:31:52,618 - Parsing config file: cert/cfg/ICVSBContent.cfg
2023-12-06 15:31:52,618 - Parsed config items:
cert-keypair:	cert/key/ICVSBContent.pem
cert-keypair-pwd:	cert/key/ICVSBContent.pwd
load-verify-scheme:	0
crypto-type:	0
aes-ce-id:	0
aes-enc-key:	cert/key/KCEICV.txt
images-table:	cert/Images.txt
nvcounter-val:	1
cert-pkg:	cert/ICVSBContent.crt
2023-12-06 15:31:52,619 - **** Creating Content Certificate ****
2023-12-06 15:31:52,625 - **** Certificate file (context) creation has been completed successfully ****
2023-12-06 15:31:53,510 - Content Certificate Generation Utility started (Logging to sb_content_cert.log)
2023-12-06 15:31:53,511 - Parsing config file: cert/cfg/ICVSBContent.cfg
2023-12-06 15:31:53,511 - Parsed config items:
cert-keypair:	cert/key/ICVSBContent.pem
cert-keypair-pwd:	cert/key/ICVSBContent.pwd
load-verify-scheme:	0
crypto-type:	0
aes-ce-id:	0
aes-enc-key:	cert/key/KCEICV.txt
images-table:	cert/Images.txt
nvcounter-val:	1
cert-pkg:	cert/ICVSBContent.crt
2023-12-06 15:31:53,511 - **** Creating Content Certificate ****
2023-12-06 15:31:53,518 - **** Certificate file (context) creation has been completed successfully ****
2023-12-06 15:31:53,794 - Content Certificate Generation Utility started (Logging to sb_content_cert.log)
2023-12-06 15:31:53,794 - Parsing config file: cert/cfg/ICVSBContent.cfg
2023-12-06 15:31:53,795 - Parsed config items:
cert-keypair:	cert/key/ICVSBContent.pem
cert-keypair-pwd:	cert/key/ICVSBContent.pwd
load-verify-scheme:	0
crypto-type:	0
aes-ce-id:	0
aes-enc-key:	cert/key/KCEICV.txt
images-table:	cert/Images.txt
nvcounter-val:	1
cert-pkg:	cert/ICVSBContent.crt
2023-12-06 15:31:53,795 - **** Creating Content Certificate ****
2023-12-06 15:31:53,804 - **** Certificate file (context) creation has been completed successfully ****
2023-12-06 15:33:06,311 - Content Certificate Generation Utility started (Logging to sb_content_cert.log)
2023-12-06 15:33:06,312 - Parsing config file: cert/cfg/ICVSBContent.cfg
2023-12-06 15:33:06,312 - Parsed config items:
cert-keypair:	cert/key/ICVSBContent.pem
cert-keypair-pwd:	cert/key/ICVSBContent.pwd
load-verify-scheme:	0
crypto-type:	0
aes-ce-id:	0
aes-enc-key:	cert/key/KCEICV.txt
images-table:	cert/Images.txt
nvcounter-val:	1
cert-pkg:	cert/ICVSBContent.crt
2023-12-06 15:33:06,312 - **** Creating Content Certificate ****
2023-12-06 15:33:06,319 - **** Certificate file (context) creation has been completed successfully ****
2023-12-06 15:33:06,568 - Content Certificate Generation Utility started (Logging to sb_content_cert.log)
2023-12-06 15:33:06,569 - Parsing config file: cert/cfg/ICVSBContent.cfg
2023-12-06 15:33:06,569 - Parsed config items:
cert-keypair:	cert/key/ICVSBContent.pem
cert-keypair-pwd:	cert/key/ICVSBContent.pwd
load-verify-scheme:	0
crypto-type:	0
aes-ce-id:	0
aes-enc-key:	cert/key/KCEICV.txt
images-table:	cert/Images.txt
nvcounter-val:	1
cert-pkg:	cert/ICVSBContent.crt
2023-12-06 15:33:06,569 - **** Creating Content Certificate ****
2023-12-06 15:33:06,576 - **** Certificate file (context) creation has been completed successfully ****
2023-12-06 15:33:06,846 - Content Certificate Generation Utility started (Logging to sb_content_cert.log)
2023-12-06 15:33:06,846 - Parsing config file: cert/cfg/ICVSBContent.cfg
2023-12-06 15:33:06,847 - Parsed config items:
cert-keypair:	cert/key/ICVSBContent.pem
cert-keypair-pwd:	cert/key/ICVSBContent.pwd
load-verify-scheme:	0
crypto-type:	0
aes-ce-id:	0
aes-enc-key:	cert/key/KCEICV.txt
images-table:	cert/Images.txt
nvcounter-val:	1
cert-pkg:	cert/ICVSBContent.crt
2023-12-06 15:33:06,847 - **** Creating Content Certificate ****
2023-12-06 15:33:06,855 - **** Certificate file (context) creation has been completed successfully ****
2023-12-06 15:33:07,079 - Content Certificate Generation Utility started (Logging to sb_content_cert.log)
2023-12-06 15:33:07,080 - Parsing config file: cert/cfg/ICVSBContent.cfg
2023-12-06 15:33:07,080 - Parsed config items:
cert-keypair:	cert/key/ICVSBContent.pem
cert-keypair-pwd:	cert/key/ICVSBContent.pwd
load-verify-scheme:	0
crypto-type:	0
aes-ce-id:	0
aes-enc-key:	cert/key/KCEICV.txt
images-table:	cert/Images.txt
nvcounter-val:	1
cert-pkg:	cert/ICVSBContent.crt
2023-12-06 15:33:07,080 - **** Creating Content Certificate ****
2023-12-06 15:33:07,087 - **** Certificate file (context) creation has been completed successfully ****
2023-12-06 15:33:08,223 - Content Certificate Generation Utility started (Logging to sb_content_cert.log)
2023-12-06 15:33:08,223 - Parsing config file: cert/cfg/ICVSBContent.cfg
2023-12-06 15:33:08,223 - Parsed config items:
cert-keypair:	cert/key/ICVSBContent.pem
cert-keypair-pwd:	cert/key/ICVSBContent.pwd
load-verify-scheme:	0
crypto-type:	0
aes-ce-id:	0
aes-enc-key:	cert/key/KCEICV.txt
images-table:	cert/Images.txt
nvcounter-val:	1
cert-pkg:	cert/ICVSBContent.crt
2023-12-06 15:33:08,224 - **** Creating Content Certificate ****
2023-12-06 15:33:08,230 - **** Certificate file (context) creation has been completed successfully ****
2023-12-06 15:33:08,474 - Content Certificate Generation Utility started (Logging to sb_content_cert.log)
2023-12-06 15:33:08,474 - Parsing config file: cert/cfg/ICVSBContent.cfg
2023-12-06 15:33:08,475 - Parsed config items:
cert-keypair:	cert/key/ICVSBContent.pem
cert-keypair-pwd:	cert/key/ICVSBContent.pwd
load-verify-scheme:	0
crypto-type:	0
aes-ce-id:	0
aes-enc-key:	cert/key/KCEICV.txt
images-table:	cert/Images.txt
nvcounter-val:	1
cert-pkg:	cert/ICVSBContent.crt
2023-12-06 15:33:08,475 - **** Creating Content Certificate ****
2023-12-06 15:33:08,481 - **** Certificate file (context) creation has been completed successfully ****
2023-12-06 15:34:08,079 - Content Certificate Generation Utility started (Logging to sb_content_cert.log)
2023-12-06 15:34:08,079 - Parsing config file: cert/cfg/ICVSBContent.cfg
2023-12-06 15:34:08,080 - Parsed config items:
cert-keypair:	cert/key/ICVSBContent.pem
cert-keypair-pwd:	cert/key/ICVSBContent.pwd
load-verify-scheme:	0
crypto-type:	0
aes-ce-id:	0
aes-enc-key:	cert/key/KCEICV.txt
images-table:	cert/Images.txt
nvcounter-val:	1
cert-pkg:	cert/ICVSBContent.crt
2023-12-06 15:34:08,080 - **** Creating Content Certificate ****
2023-12-06 15:34:08,089 - **** Certificate file (context) creation has been completed successfully ****
2023-12-06 15:34:08,382 - Content Certificate Generation Utility started (Logging to sb_content_cert.log)
2023-12-06 15:34:08,382 - Parsing config file: cert/cfg/ICVSBContent.cfg
2023-12-06 15:34:08,382 - Parsed config items:
cert-keypair:	cert/key/ICVSBContent.pem
cert-keypair-pwd:	cert/key/ICVSBContent.pwd
load-verify-scheme:	0
crypto-type:	0
aes-ce-id:	0
aes-enc-key:	cert/key/KCEICV.txt
images-table:	cert/Images.txt
nvcounter-val:	1
cert-pkg:	cert/ICVSBContent.crt
2023-12-06 15:34:08,383 - **** Creating Content Certificate ****
2023-12-06 15:34:08,389 - **** Certificate file (context) creation has been completed successfully ****
2023-12-06 15:34:08,740 - Content Certificate Generation Utility started (Logging to sb_content_cert.log)
2023-12-06 15:34:08,741 - Parsing config file: cert/cfg/ICVSBContent.cfg
2023-12-06 15:34:08,741 - Parsed config items:
cert-keypair:	cert/key/ICVSBContent.pem
cert-keypair-pwd:	cert/key/ICVSBContent.pwd
load-verify-scheme:	0
crypto-type:	0
aes-ce-id:	0
aes-enc-key:	cert/key/KCEICV.txt
images-table:	cert/Images.txt
nvcounter-val:	1
cert-pkg:	cert/ICVSBContent.crt
2023-12-06 15:34:08,741 - **** Creating Content Certificate ****
2023-12-06 15:34:08,750 - **** Certificate file (context) creation has been completed successfully ****
2023-12-06 15:34:08,997 - Content Certificate Generation Utility started (Logging to sb_content_cert.log)
2023-12-06 15:34:08,997 - Parsing config file: cert/cfg/ICVSBContent.cfg
2023-12-06 15:34:08,998 - Parsed config items:
cert-keypair:	cert/key/ICVSBContent.pem
cert-keypair-pwd:	cert/key/ICVSBContent.pwd
load-verify-scheme:	0
crypto-type:	0
aes-ce-id:	0
aes-enc-key:	cert/key/KCEICV.txt
images-table:	cert/Images.txt
nvcounter-val:	1
cert-pkg:	cert/ICVSBContent.crt
2023-12-06 15:34:08,998 - **** Creating Content Certificate ****
2023-12-06 15:34:09,004 - **** Certificate file (context) creation has been completed successfully ****
2023-12-06 15:34:10,876 - Content Certificate Generation Utility started (Logging to sb_content_cert.log)
2023-12-06 15:34:10,877 - Parsing config file: cert/cfg/ICVSBContent.cfg
2023-12-06 15:34:10,877 - Parsed config items:
cert-keypair:	cert/key/ICVSBContent.pem
cert-keypair-pwd:	cert/key/ICVSBContent.pwd
load-verify-scheme:	0
crypto-type:	0
aes-ce-id:	0
aes-enc-key:	cert/key/KCEICV.txt
images-table:	cert/Images.txt
nvcounter-val:	1
cert-pkg:	cert/ICVSBContent.crt
2023-12-06 15:34:10,877 - **** Creating Content Certificate ****
2023-12-06 15:34:10,884 - **** Certificate file (context) creation has been completed successfully ****
2023-12-06 15:34:11,124 - Content Certificate Generation Utility started (Logging to sb_content_cert.log)
2023-12-06 15:34:11,124 - Parsing config file: cert/cfg/ICVSBContent.cfg
2023-12-06 15:34:11,124 - Parsed config items:
cert-keypair:	cert/key/ICVSBContent.pem
cert-keypair-pwd:	cert/key/ICVSBContent.pwd
load-verify-scheme:	0
crypto-type:	0
aes-ce-id:	0
aes-enc-key:	cert/key/KCEICV.txt
images-table:	cert/Images.txt
nvcounter-val:	1
cert-pkg:	cert/ICVSBContent.crt
2023-12-06 15:34:11,125 - **** Creating Content Certificate ****
2023-12-06 15:34:11,131 - **** Certificate file (context) creation has been completed successfully ****
2023-12-06 17:06:35,342 - Content Certificate Generation Utility started (Logging to sb_content_cert.log)
2023-12-06 17:06:35,343 - Parsing config file: cert/cfg/ICVSBContent.cfg
2023-12-06 17:06:35,343 - Parsed config items:
cert-keypair:	cert/key/ICVSBContent.pem
cert-keypair-pwd:	cert/key/ICVSBContent.pwd
load-verify-scheme:	0
crypto-type:	0
aes-ce-id:	0
aes-enc-key:	cert/key/KCEICV.txt
images-table:	cert/Images.txt
nvcounter-val:	1
cert-pkg:	cert/ICVSBContent.crt
2023-12-06 17:06:35,344 - **** Creating Content Certificate ****
2023-12-06 17:06:35,353 - **** Certificate file (context) creation has been completed successfully ****
2023-12-06 17:06:35,657 - Content Certificate Generation Utility started (Logging to sb_content_cert.log)
2023-12-06 17:06:35,658 - Parsing config file: cert/cfg/ICVSBContent.cfg
2023-12-06 17:06:35,658 - Parsed config items:
cert-keypair:	cert/key/ICVSBContent.pem
cert-keypair-pwd:	cert/key/ICVSBContent.pwd
load-verify-scheme:	0
crypto-type:	0
aes-ce-id:	0
aes-enc-key:	cert/key/KCEICV.txt
images-table:	cert/Images.txt
nvcounter-val:	1
cert-pkg:	cert/ICVSBContent.crt
2023-12-06 17:06:35,658 - **** Creating Content Certificate ****
2023-12-06 17:06:35,665 - **** Certificate file (context) creation has been completed successfully ****
2023-12-06 17:06:36,023 - Content Certificate Generation Utility started (Logging to sb_content_cert.log)
2023-12-06 17:06:36,023 - Parsing config file: cert/cfg/ICVSBContent.cfg
2023-12-06 17:06:36,023 - Parsed config items:
cert-keypair:	cert/key/ICVSBContent.pem
cert-keypair-pwd:	cert/key/ICVSBContent.pwd
load-verify-scheme:	0
crypto-type:	0
aes-ce-id:	0
aes-enc-key:	cert/key/KCEICV.txt
images-table:	cert/Images.txt
nvcounter-val:	1
cert-pkg:	cert/ICVSBContent.crt
2023-12-06 17:06:36,024 - **** Creating Content Certificate ****
2023-12-06 17:06:36,032 - **** Certificate file (context) creation has been completed successfully ****
2023-12-06 17:06:36,290 - Content Certificate Generation Utility started (Logging to sb_content_cert.log)
2023-12-06 17:06:36,290 - Parsing config file: cert/cfg/ICVSBContent.cfg
2023-12-06 17:06:36,290 - Parsed config items:
cert-keypair:	cert/key/ICVSBContent.pem
cert-keypair-pwd:	cert/key/ICVSBContent.pwd
load-verify-scheme:	0
crypto-type:	0
aes-ce-id:	0
aes-enc-key:	cert/key/KCEICV.txt
images-table:	cert/Images.txt
nvcounter-val:	1
cert-pkg:	cert/ICVSBContent.crt
2023-12-06 17:06:36,291 - **** Creating Content Certificate ****
2023-12-06 17:06:36,298 - **** Certificate file (context) creation has been completed successfully ****
2023-12-06 17:06:38,138 - Content Certificate Generation Utility started (Logging to sb_content_cert.log)
2023-12-06 17:06:38,138 - Parsing config file: cert/cfg/ICVSBContent.cfg
2023-12-06 17:06:38,138 - Parsed config items:
cert-keypair:	cert/key/ICVSBContent.pem
cert-keypair-pwd:	cert/key/ICVSBContent.pwd
load-verify-scheme:	0
crypto-type:	0
aes-ce-id:	0
aes-enc-key:	cert/key/KCEICV.txt
images-table:	cert/Images.txt
nvcounter-val:	1
cert-pkg:	cert/ICVSBContent.crt
2023-12-06 17:06:38,138 - **** Creating Content Certificate ****
2023-12-06 17:06:38,145 - **** Certificate file (context) creation has been completed successfully ****
2023-12-06 17:06:38,415 - Content Certificate Generation Utility started (Logging to sb_content_cert.log)
2023-12-06 17:06:38,415 - Parsing config file: cert/cfg/ICVSBContent.cfg
2023-12-06 17:06:38,415 - Parsed config items:
cert-keypair:	cert/key/ICVSBContent.pem
cert-keypair-pwd:	cert/key/ICVSBContent.pwd
load-verify-scheme:	0
crypto-type:	0
aes-ce-id:	0
aes-enc-key:	cert/key/KCEICV.txt
images-table:	cert/Images.txt
nvcounter-val:	1
cert-pkg:	cert/ICVSBContent.crt
2023-12-06 17:06:38,415 - **** Creating Content Certificate ****
2023-12-06 17:06:38,422 - **** Certificate file (context) creation has been completed successfully ****
2025-12-06 18:39:44,337 - Content Certificate Generation Utility started (Logging to sb_content_cert.log)
2025-12-06 18:39:44,337 - Parsing config file: cert/cfg/ICVSBContent.cfg
2025-12-06 18:39:44,337 - Parsed config items:
cert-keypair:	cert/key/ICVSBContent.pem
cert-keypair-pwd:	cert/key/ICVSBContent.pwd
load-verify-scheme:	0
crypto-type:	0
aes-ce-id:	0
aes-enc-key:	cert/key/KCEICV.txt
images-table:	cert/Images.txt
nvcounter-val:	1
cert-pkg:	cert/ICVSBContent.crt
2025-12-06 18:39:44,337 - **** Creating Content Certificate ****
2025-12-06 18:39:44,340 - **** Certificate file (context) creation has been completed successfully ****
2025-12-06 18:39:44,464 - Content Certificate Generation Utility started (Logging to sb_content_cert.log)
2025-12-06 18:39:44,464 - Parsing config file: cert/cfg/ICVSBContent.cfg
2025-12-06 18:39:44,464 - Parsed config items:
cert-keypair:	cert/key/ICVSBContent.pem
cert-keypair-pwd:	cert/key/ICVSBContent.pwd
load-verify-scheme:	0
crypto-type:	0
aes-ce-id:	0
aes-enc-key:	cert/key/KCEICV.txt
images-table:	cert/Images.txt
nvcounter-val:	1
cert-pkg:	cert/ICVSBContent.crt
2025-12-06 18:39:44,465 - **** Creating Content Certificate ****
2025-12-06 18:39:44,467 - **** Certificate file (context) creation has been completed successfully ****
2025-12-06 18:39:44,617 - Content Certificate Generation Utility started (Logging to sb_content_cert.log)
2025-12-06 18:39:44,618 - Parsing config file: cert/cfg/ICVSBContent.cfg
2025-12-06 18:39:44,618 - Parsed config items:
cert-keypair:	cert/key/ICVSBContent.pem
cert-keypair-pwd:	cert/key/ICVSBContent.pwd
load-verify-scheme:	0
crypto-type:	0
aes-ce-id:	0
aes-enc-key:	cert/key/KCEICV.txt
images-table:	cert/Images.txt
nvcounter-val:	1
cert-pkg:	cert/ICVSBContent.crt
2025-12-06 18:39:44,618 - **** Creating Content Certificate ****
2025-12-06 18:39:44,621 - **** Certificate file (context) creation has been completed successfully ****
2025-12-06 18:39:44,747 - Content Certificate Generation Utility started (Logging to sb_content_cert.log)
2025-12-06 18:39:44,747 - Parsing config file: cert/cfg/ICVSBContent.cfg
2025-12-06 18:39:44,747 - Parsed config items:
cert-keypair:	cert/key/ICVSBContent.pem
cert-keypair-pwd:	cert/key/ICVSBContent.pwd
load-verify-scheme:	0
crypto-type:	0
aes-ce-id:	0
aes-enc-key:	cert/key/KCEICV.txt
images-table:	cert/Images.txt
nvcounter-val:	1
cert-pkg:	cert/ICVSBContent.crt
2025-12-06 18:39:44,747 - **** Creating Content Certificate ****
2025-12-06 18:39:44,750 - **** Certificate file (context) creation has been completed successfully ****
2025-12-06 18:39:45,518 - Content Certificate Generation Utility started (Logging to sb_content_cert.log)
2025-12-06 18:39:45,518 - Parsing config file: cert/cfg/ICVSBContent.cfg
2025-12-06 18:39:45,518 - Parsed config items:
cert-keypair:	cert/key/ICVSBContent.pem
cert-keypair-pwd:	cert/key/ICVSBContent.pwd
load-verify-scheme:	0
crypto-type:	0
aes-ce-id:	0
aes-enc-key:	cert/key/KCEICV.txt
images-table:	cert/Images.txt
nvcounter-val:	1
cert-pkg:	cert/ICVSBContent.crt
2025-12-06 18:39:45,518 - **** Creating Content Certificate ****
2025-12-06 18:39:45,521 - **** Certificate file (context) creation has been completed successfully ****
2025-12-06 18:39:45,649 - Content Certificate Generation Utility started (Logging to sb_content_cert.log)
2025-12-06 18:39:45,649 - Parsing config file: cert/cfg/ICVSBContent.cfg
2025-12-06 18:39:45,649 - Parsed config items:
cert-keypair:	cert/key/ICVSBContent.pem
cert-keypair-pwd:	cert/key/ICVSBContent.pwd
load-verify-scheme:	0
crypto-type:	0
aes-ce-id:	0
aes-enc-key:	cert/key/KCEICV.txt
images-table:	cert/Images.txt
nvcounter-val:	1
cert-pkg:	cert/ICVSBContent.crt
2025-12-06 18:39:45,649 - **** Creating Content Certificate ****
2025-12-06 18:39:45,652 - **** Certificate file (context) creation has been completed successfully ****
2025-12-06 18:42:29,282 - Content Certificate Generation Utility started (Logging to sb_content_cert.log)
2025-12-06 18:42:29,283 - Parsing config file: cert/cfg/ICVSBContent.cfg
2025-12-06 18:42:29,283 - Parsed config items:
cert-keypair:	cert/key/ICVSBContent.pem
cert-keypair-pwd:	cert/key/ICVSBContent.pwd
load-verify-scheme:	0
crypto-type:	0
aes-ce-id:	0
aes-enc-key:	cert/key/KCEICV.txt
images-table:	cert/Images.txt
nvcounter-val:	1
cert-pkg:	cert/ICVSBContent.crt
2025-12-06 18:42:29,283 - **** Creating Content Certificate ****
2025-12-06 18:42:29,285 - **** Certificate file (context) creation has been completed successfully ****
2025-12-06 18:42:29,411 - Content Certificate Generation Utility started (Logging to sb_content_cert.log)
2025-12-06 18:42:29,411 - Parsing config file: cert/cfg/ICVSBContent.cfg
2025-12-06 18:42:29,412 - Parsed config items:
cert-keypair:	cert/key/ICVSBContent.pem
cert-keypair-pwd:	cert/key/ICVSBContent.pwd
load-verify-scheme:	0
crypto-type:	0
aes-ce-id:	0
aes-enc-key:	cert/key/KCEICV.txt
images-table:	cert/Images.txt
nvcounter-val:	1
cert-pkg:	cert/ICVSBContent.crt
2025-12-06 18:42:29,412 - **** Creating Content Certificate ****
2025-12-06 18:42:29,414 - **** Certificate file (context) creation has been completed successfully ****
2025-12-06 18:42:29,569 - Content Certificate Generation Utility started (Logging to sb_content_cert.log)
2025-12-06 18:42:29,569 - Parsing config file: cert/cfg/ICVSBContent.cfg
2025-12-06 18:42:29,569 - Parsed config items:
cert-keypair:	cert/key/ICVSBContent.pem
cert-keypair-pwd:	cert/key/ICVSBContent.pwd
load-verify-scheme:	0
crypto-type:	0
aes-ce-id:	0
aes-enc-key:	cert/key/KCEICV.txt
images-table:	cert/Images.txt
nvcounter-val:	1
cert-pkg:	cert/ICVSBContent.crt
2025-12-06 18:42:29,569 - **** Creating Content Certificate ****
2025-12-06 18:42:29,572 - **** Certificate file (context) creation has been completed successfully ****
2025-12-06 18:42:29,699 - Content Certificate Generation Utility started (Logging to sb_content_cert.log)
2025-12-06 18:42:29,699 - Parsing config file: cert/cfg/ICVSBContent.cfg
2025-12-06 18:42:29,699 - Parsed config items:
cert-keypair:	cert/key/ICVSBContent.pem
cert-keypair-pwd:	cert/key/ICVSBContent.pwd
load-verify-scheme:	0
crypto-type:	0
aes-ce-id:	0
aes-enc-key:	cert/key/KCEICV.txt
images-table:	cert/Images.txt
nvcounter-val:	1
cert-pkg:	cert/ICVSBContent.crt
2025-12-06 18:42:29,699 - **** Creating Content Certificate ****
2025-12-06 18:42:29,702 - **** Certificate file (context) creation has been completed successfully ****
2025-12-06 18:42:30,487 - Content Certificate Generation Utility started (Logging to sb_content_cert.log)
2025-12-06 18:42:30,487 - Parsing config file: cert/cfg/ICVSBContent.cfg
2025-12-06 18:42:30,488 - Parsed config items:
cert-keypair:	cert/key/ICVSBContent.pem
cert-keypair-pwd:	cert/key/ICVSBContent.pwd
load-verify-scheme:	0
crypto-type:	0
aes-ce-id:	0
aes-enc-key:	cert/key/KCEICV.txt
images-table:	cert/Images.txt
nvcounter-val:	1
cert-pkg:	cert/ICVSBContent.crt
2025-12-06 18:42:30,488 - **** Creating Content Certificate ****
2025-12-06 18:42:30,490 - **** Certificate file (context) creation has been completed successfully ****
2025-12-06 18:42:30,619 - Content Certificate Generation Utility started (Logging to sb_content_cert.log)
2025-12-06 18:42:30,619 - Parsing config file: cert/cfg/ICVSBContent.cfg
2025-12-06 18:42:30,619 - Parsed config items:
cert-keypair:	cert/key/ICVSBContent.pem
cert-keypair-pwd:	cert/key/ICVSBContent.pwd
load-verify-scheme:	0
crypto-type:	0
aes-ce-id:	0
aes-enc-key:	cert/key/KCEICV.txt
images-table:	cert/Images.txt
nvcounter-val:	1
cert-pkg:	cert/ICVSBContent.crt
2025-12-06 18:42:30,619 - **** Creating Content Certificate ****
2025-12-06 18:42:30,622 - **** Certificate file (context) creation has been completed successfully ****
2025-12-22 11:33:45,100 - Content Certificate Generation Utility started (Logging to sb_content_cert.log)
2025-12-22 11:33:45,100 - Parsing config file: cert/cfg/ICVSBContent.cfg
2025-12-22 11:33:45,100 - Parsed config items:
cert-keypair:	cert/key/ICVSBContent.pem
cert-keypair-pwd:	cert/key/ICVSBContent.pwd
load-verify-scheme:	0
crypto-type:	0
aes-ce-id:	0
aes-enc-key:	cert/key/KCEICV.txt
images-table:	cert/Images.txt
nvcounter-val:	1
cert-pkg:	cert/ICVSBContent.crt
2025-12-22 11:33:45,100 - **** Creating Content Certificate ****
2025-12-22 11:33:45,103 - **** Certificate file (context) creation has been completed successfully ****
2025-12-22 11:33:45,227 - Content Certificate Generation Utility started (Logging to sb_content_cert.log)
2025-12-22 11:33:45,227 - Parsing config file: cert/cfg/ICVSBContent.cfg
2025-12-22 11:33:45,227 - Parsed config items:
cert-keypair:	cert/key/ICVSBContent.pem
cert-keypair-pwd:	cert/key/ICVSBContent.pwd
load-verify-scheme:	0
crypto-type:	0
aes-ce-id:	0
aes-enc-key:	cert/key/KCEICV.txt
images-table:	cert/Images.txt
nvcounter-val:	1
cert-pkg:	cert/ICVSBContent.crt
2025-12-22 11:33:45,227 - **** Creating Content Certificate ****
2025-12-22 11:33:45,230 - **** Certificate file (context) creation has been completed successfully ****
2025-12-22 11:33:45,374 - Content Certificate Generation Utility started (Logging to sb_content_cert.log)
2025-12-22 11:33:45,374 - Parsing config file: cert/cfg/ICVSBContent.cfg
2025-12-22 11:33:45,374 - Parsed config items:
cert-keypair:	cert/key/ICVSBContent.pem
cert-keypair-pwd:	cert/key/ICVSBContent.pwd
load-verify-scheme:	0
crypto-type:	0
aes-ce-id:	0
aes-enc-key:	cert/key/KCEICV.txt
images-table:	cert/Images.txt
nvcounter-val:	1
cert-pkg:	cert/ICVSBContent.crt
2025-12-22 11:33:45,374 - **** Creating Content Certificate ****
2025-12-22 11:33:45,377 - **** Certificate file (context) creation has been completed successfully ****
2025-12-22 11:33:45,500 - Content Certificate Generation Utility started (Logging to sb_content_cert.log)
2025-12-22 11:33:45,500 - Parsing config file: cert/cfg/ICVSBContent.cfg
2025-12-22 11:33:45,500 - Parsed config items:
cert-keypair:	cert/key/ICVSBContent.pem
cert-keypair-pwd:	cert/key/ICVSBContent.pwd
load-verify-scheme:	0
crypto-type:	0
aes-ce-id:	0
aes-enc-key:	cert/key/KCEICV.txt
images-table:	cert/Images.txt
nvcounter-val:	1
cert-pkg:	cert/ICVSBContent.crt
2025-12-22 11:33:45,500 - **** Creating Content Certificate ****
2025-12-22 11:33:45,503 - **** Certificate file (context) creation has been completed successfully ****
2025-12-22 11:33:45,914 - Content Certificate Generation Utility started (Logging to sb_content_cert.log)
2025-12-22 11:33:45,914 - Parsing config file: cert/cfg/ICVSBContent.cfg
2025-12-22 11:33:45,915 - Parsed config items:
cert-keypair:	cert/key/ICVSBContent.pem
cert-keypair-pwd:	cert/key/ICVSBContent.pwd
load-verify-scheme:	0
crypto-type:	0
aes-ce-id:	0
aes-enc-key:	cert/key/KCEICV.txt
images-table:	cert/Images.txt
nvcounter-val:	1
cert-pkg:	cert/ICVSBContent.crt
2025-12-22 11:33:45,915 - **** Creating Content Certificate ****
2025-12-22 11:33:45,917 - **** Certificate file (context) creation has been completed successfully ****
2025-12-22 11:33:46,044 - Content Certificate Generation Utility started (Logging to sb_content_cert.log)
2025-12-22 11:33:46,044 - Parsing config file: cert/cfg/ICVSBContent.cfg
2025-12-22 11:33:46,045 - Parsed config items:
cert-keypair:	cert/key/ICVSBContent.pem
cert-keypair-pwd:	cert/key/ICVSBContent.pwd
load-verify-scheme:	0
crypto-type:	0
aes-ce-id:	0
aes-enc-key:	cert/key/KCEICV.txt
images-table:	cert/Images.txt
nvcounter-val:	1
cert-pkg:	cert/ICVSBContent.crt
2025-12-22 11:33:46,045 - **** Creating Content Certificate ****
2025-12-22 11:33:46,047 - **** Certificate file (context) creation has been completed successfully ****
2025-12-22 23:55:04,567 - Content Certificate Generation Utility started (Logging to sb_content_cert.log)
2025-12-22 23:55:04,567 - Parsing config file: cert/cfg/ICVSBContent.cfg
2025-12-22 23:55:04,567 - Parsed config items:
cert-keypair:	cert/key/ICVSBContent.pem
cert-keypair-pwd:	cert/key/ICVSBContent.pwd
load-verify-scheme:	0
crypto-type:	0
aes-ce-id:	0
aes-enc-key:	cert/key/KCEICV.txt
images-table:	cert/Images.txt
nvcounter-val:	1
cert-pkg:	cert/ICVSBContent.crt
2025-12-22 23:55:04,567 - **** Creating Content Certificate ****
2025-12-22 23:55:04,569 - **** Certificate file (context) creation has been completed successfully ****
2025-12-22 23:55:04,691 - Content Certificate Generation Utility started (Logging to sb_content_cert.log)
2025-12-22 23:55:04,691 - Parsing config file: cert/cfg/ICVSBContent.cfg
2025-12-22 23:55:04,691 - Parsed config items:
cert-keypair:	cert/key/ICVSBContent.pem
cert-keypair-pwd:	cert/key/ICVSBContent.pwd
load-verify-scheme:	0
crypto-type:	0
aes-ce-id:	0
aes-enc-key:	cert/key/KCEICV.txt
images-table:	cert/Images.txt
nvcounter-val:	1
cert-pkg:	cert/ICVSBContent.crt
2025-12-22 23:55:04,691 - **** Creating Content Certificate ****
2025-12-22 23:55:04,694 - **** Certificate file (context) creation has been completed successfully ****
2025-12-22 23:55:04,833 - Content Certificate Generation Utility started (Logging to sb_content_cert.log)
2025-12-22 23:55:04,833 - Parsing config file: cert/cfg/ICVSBContent.cfg
2025-12-22 23:55:04,833 - Parsed config items:
cert-keypair:	cert/key/ICVSBContent.pem
cert-keypair-pwd:	cert/key/ICVSBContent.pwd
load-verify-scheme:	0
crypto-type:	0
aes-ce-id:	0
aes-enc-key:	cert/key/KCEICV.txt
images-table:	cert/Images.txt
nvcounter-val:	1
cert-pkg:	cert/ICVSBContent.crt
2025-12-22 23:55:04,833 - **** Creating Content Certificate ****
2025-12-22 23:55:04,836 - **** Certificate file (context) creation has been completed successfully ****
2025-12-22 23:55:04,958 - Content Certificate Generation Utility started (Logging to sb_content_cert.log)
2025-12-22 23:55:04,958 - Parsing config file: cert/cfg/ICVSBContent.cfg
2025-12-22 23:55:04,958 - Parsed config items:
cert-keypair:	cert/key/ICVSBContent.pem
cert-keypair-pwd:	cert/key/ICVSBContent.pwd
load-verify-scheme:	0
crypto-type:	0
aes-ce-id:	0
aes-enc-key:	cert/key/KCEICV.txt
images-table:	cert/Images.txt
nvcounter-val:	1
cert-pkg:	cert/ICVSBContent.crt
2025-12-22 23:55:04,958 - **** Creating Content Certificate ****
2025-12-22 23:55:04,960 - **** Certificate file (context) creation has been completed successfully ****
2025-12-22 23:55:05,372 - Content Certificate Generation Utility started (Logging to sb_content_cert.log)
2025-12-22 23:55:05,372 - Parsing config file: cert/cfg/ICVSBContent.cfg
2025-12-22 23:55:05,372 - Parsed config items:
cert-keypair:	cert/key/ICVSBContent.pem
cert-keypair-pwd:	cert/key/ICVSBContent.pwd
load-verify-scheme:	0
crypto-type:	0
aes-ce-id:	0
aes-enc-key:	cert/key/KCEICV.txt
images-table:	cert/Images.txt
nvcounter-val:	1
cert-pkg:	cert/ICVSBContent.crt
2025-12-22 23:55:05,372 - **** Creating Content Certificate ****
2025-12-22 23:55:05,375 - **** Certificate file (context) creation has been completed successfully ****
2025-12-22 23:55:05,501 - Content Certificate Generation Utility started (Logging to sb_content_cert.log)
2025-12-22 23:55:05,501 - Parsing config file: cert/cfg/ICVSBContent.cfg
2025-12-22 23:55:05,501 - Parsed config items:
cert-keypair:	cert/key/ICVSBContent.pem
cert-keypair-pwd:	cert/key/ICVSBContent.pwd
load-verify-scheme:	0
crypto-type:	0
aes-ce-id:	0
aes-enc-key:	cert/key/KCEICV.txt
images-table:	cert/Images.txt
nvcounter-val:	1
cert-pkg:	cert/ICVSBContent.crt
2025-12-22 23:55:05,501 - **** Creating Content Certificate ****
2025-12-22 23:55:05,503 - **** Certificate file (context) creation has been completed successfully ****
2025-12-22 23:56:36,760 - Content Certificate Generation Utility started (Logging to sb_content_cert.log)
2025-12-22 23:56:36,760 - Parsing config file: cert/cfg/ICVSBContent.cfg
2025-12-22 23:56:36,760 - Parsed config items:
cert-keypair:	cert/key/ICVSBContent.pem
cert-keypair-pwd:	cert/key/ICVSBContent.pwd
load-verify-scheme:	0
crypto-type:	0
aes-ce-id:	0
aes-enc-key:	cert/key/KCEICV.txt
images-table:	cert/Images.txt
nvcounter-val:	1
cert-pkg:	cert/ICVSBContent.crt
2025-12-22 23:56:36,761 - **** Creating Content Certificate ****
2025-12-22 23:56:36,763 - **** Certificate file (context) creation has been completed successfully ****
2025-12-22 23:56:36,887 - Content Certificate Generation Utility started (Logging to sb_content_cert.log)
2025-12-22 23:56:36,887 - Parsing config file: cert/cfg/ICVSBContent.cfg
2025-12-22 23:56:36,887 - Parsed config items:
cert-keypair:	cert/key/ICVSBContent.pem
cert-keypair-pwd:	cert/key/ICVSBContent.pwd
load-verify-scheme:	0
crypto-type:	0
aes-ce-id:	0
aes-enc-key:	cert/key/KCEICV.txt
images-table:	cert/Images.txt
nvcounter-val:	1
cert-pkg:	cert/ICVSBContent.crt
2025-12-22 23:56:36,887 - **** Creating Content Certificate ****
2025-12-22 23:56:36,890 - **** Certificate file (context) creation has been completed successfully ****
2025-12-22 23:56:37,032 - Content Certificate Generation Utility started (Logging to sb_content_cert.log)
2025-12-22 23:56:37,032 - Parsing config file: cert/cfg/ICVSBContent.cfg
2025-12-22 23:56:37,032 - Parsed config items:
cert-keypair:	cert/key/ICVSBContent.pem
cert-keypair-pwd:	cert/key/ICVSBContent.pwd
load-verify-scheme:	0
crypto-type:	0
aes-ce-id:	0
aes-enc-key:	cert/key/KCEICV.txt
images-table:	cert/Images.txt
nvcounter-val:	1
cert-pkg:	cert/ICVSBContent.crt
2025-12-22 23:56:37,032 - **** Creating Content Certificate ****
2025-12-22 23:56:37,035 - **** Certificate file (context) creation has been completed successfully ****
2025-12-22 23:56:37,156 - Content Certificate Generation Utility started (Logging to sb_content_cert.log)
2025-12-22 23:56:37,156 - Parsing config file: cert/cfg/ICVSBContent.cfg
2025-12-22 23:56:37,157 - Parsed config items:
cert-keypair:	cert/key/ICVSBContent.pem
cert-keypair-pwd:	cert/key/ICVSBContent.pwd
load-verify-scheme:	0
crypto-type:	0
aes-ce-id:	0
aes-enc-key:	cert/key/KCEICV.txt
images-table:	cert/Images.txt
nvcounter-val:	1
cert-pkg:	cert/ICVSBContent.crt
2025-12-22 23:56:37,157 - **** Creating Content Certificate ****
2025-12-22 23:56:37,159 - **** Certificate file (context) creation has been completed successfully ****
2025-12-22 23:56:37,560 - Content Certificate Generation Utility started (Logging to sb_content_cert.log)
2025-12-22 23:56:37,560 - Parsing config file: cert/cfg/ICVSBContent.cfg
2025-12-22 23:56:37,560 - Parsed config items:
cert-keypair:	cert/key/ICVSBContent.pem
cert-keypair-pwd:	cert/key/ICVSBContent.pwd
load-verify-scheme:	0
crypto-type:	0
aes-ce-id:	0
aes-enc-key:	cert/key/KCEICV.txt
images-table:	cert/Images.txt
nvcounter-val:	1
cert-pkg:	cert/ICVSBContent.crt
2025-12-22 23:56:37,560 - **** Creating Content Certificate ****
2025-12-22 23:56:37,563 - **** Certificate file (context) creation has been completed successfully ****
2025-12-22 23:56:37,688 - Content Certificate Generation Utility started (Logging to sb_content_cert.log)
2025-12-22 23:56:37,688 - Parsing config file: cert/cfg/ICVSBContent.cfg
2025-12-22 23:56:37,688 - Parsed config items:
cert-keypair:	cert/key/ICVSBContent.pem
cert-keypair-pwd:	cert/key/ICVSBContent.pwd
load-verify-scheme:	0
crypto-type:	0
aes-ce-id:	0
aes-enc-key:	cert/key/KCEICV.txt
images-table:	cert/Images.txt
nvcounter-val:	1
cert-pkg:	cert/ICVSBContent.crt
2025-12-22 23:56:37,688 - **** Creating Content Certificate ****
2025-12-22 23:56:37,690 - **** Certificate file (context) creation has been completed successfully ****
2026-02-11 21:21:31,708 - Content Certificate Generation Utility started (Logging to sb_content_cert.log)
2026-02-11 21:21:31,708 - Parsing config file: cert/cfg/ICVSBContent.cfg
2026-02-11 21:21:31,708 - Parsed config items:
cert-keypair:	cert/key/ICVSBContent.pem
cert-keypair-pwd:	cert/key/ICVSBContent.pwd
load-verify-scheme:	0
crypto-type:	0
aes-ce-id:	0
aes-enc-key:	cert/key/KCEICV.txt
images-table:	cert/Images.txt
nvcounter-val:	1
cert-pkg:	cert/ICVSBContent.crt
2026-02-11 21:21:31,708 - **** Creating Content Certificate ****
2026-02-11 21:21:31,710 - **** Certificate file (context) creation has been completed successfully ****
2026-02-11 21:21:31,838 - Content Certificate Generation Utility started (Logging to sb_content_cert.log)
2026-02-11 21:21:31,838 - Parsing config file: cert/cfg/ICVSBContent.cfg
2026-02-11 21:21:31,839 - Parsed config items:
cert-keypair:	cert/key/ICVSBContent.pem
cert-keypair-pwd:	cert/key/ICVSBContent.pwd
load-verify-scheme:	0
crypto-type:	0
aes-ce-id:	0
aes-enc-key:	cert/key/KCEICV.txt
images-table:	cert/Images.txt
nvcounter-val:	1
cert-pkg:	cert/ICVSBContent.crt
2026-02-11 21:21:31,839 - **** Creating Content Certificate ****
2026-02-11 21:21:31,841 - **** Certificate file (context) creation has been completed successfully ****
2026-02-11 21:21:31,995 - Content Certificate Generation Utility started (Logging to sb_content_cert.log)
2026-02-11 21:21:31,995 - Parsing config file: cert/cfg/ICVSBContent.cfg
2026-02-11 21:21:31,996 - Parsed config items:
cert-keypair:	cert/key/ICVSBContent.pem
cert-keypair-pwd:	cert/key/ICVSBContent.pwd
load-verify-scheme:	0
crypto-type:	0
aes-ce-id:	0
aes-enc-key:	cert/key/KCEICV.txt
images-table:	cert/Images.txt
nvcounter-val:	1
cert-pkg:	cert/ICVSBContent.crt
2026-02-11 21:21:31,996 - **** Creating Content Certificate ****
2026-02-11 21:21:31,998 - **** Certificate file (context) creation has been completed successfully ****
2026-02-11 21:21:32,125 - Content Certificate Generation Utility started (Logging to sb_content_cert.log)
2026-02-11 21:21:32,125 - Parsing config file: cert/cfg/ICVSBContent.cfg
2026-02-11 21:21:32,126 - Parsed config items:
cert-keypair:	cert/key/ICVSBContent.pem
cert-keypair-pwd:	cert/key/ICVSBContent.pwd
load-verify-scheme:	0
crypto-type:	0
aes-ce-id:	0
aes-enc-key:	cert/key/KCEICV.txt
images-table:	cert/Images.txt
nvcounter-val:	1
cert-pkg:	cert/ICVSBContent.crt
2026-02-11 21:21:32,126 - **** Creating Content Certificate ****
2026-02-11 21:21:32,128 - **** Certificate file (context) creation has been completed successfully ****
2026-02-11 21:21:32,735 - Content Certificate Generation Utility started (Logging to sb_content_cert.log)
2026-02-11 21:21:32,735 - Parsing config file: cert/cfg/ICVSBContent.cfg
2026-02-11 21:21:32,735 - Parsed config items:
cert-keypair:	cert/key/ICVSBContent.pem
cert-keypair-pwd:	cert/key/ICVSBContent.pwd
load-verify-scheme:	0
crypto-type:	0
aes-ce-id:	0
aes-enc-key:	cert/key/KCEICV.txt
images-table:	cert/Images.txt
nvcounter-val:	1
cert-pkg:	cert/ICVSBContent.crt
2026-02-11 21:21:32,735 - **** Creating Content Certificate ****
2026-02-11 21:21:32,737 - **** Certificate file (context) creation has been completed successfully ****
2026-02-11 21:21:32,865 - Content Certificate Generation Utility started (Logging to sb_content_cert.log)
2026-02-11 21:21:32,865 - Parsing config file: cert/cfg/ICVSBContent.cfg
2026-02-11 21:21:32,865 - Parsed config items:
cert-keypair:	cert/key/ICVSBContent.pem
cert-keypair-pwd:	cert/key/ICVSBContent.pwd
load-verify-scheme:	0
crypto-type:	0
aes-ce-id:	0
aes-enc-key:	cert/key/KCEICV.txt
images-table:	cert/Images.txt
nvcounter-val:	1
cert-pkg:	cert/ICVSBContent.crt
2026-02-11 21:21:32,865 - **** Creating Content Certificate ****
2026-02-11 21:21:32,867 - **** Certificate file (context) creation has been completed successfully ****
2026-02-11 21:25:11,609 - Content Certificate Generation Utility started (Logging to sb_content_cert.log)
2026-02-11 21:25:11,610 - Parsing config file: cert/cfg/ICVSBContent.cfg
2026-02-11 21:25:11,610 - Parsed config items:
cert-keypair:	cert/key/ICVSBContent.pem
cert-keypair-pwd:	cert/key/ICVSBContent.pwd
load-verify-scheme:	0
crypto-type:	0
aes-ce-id:	0
aes-enc-key:	cert/key/KCEICV.txt
images-table:	cert/Images.txt
nvcounter-val:	1
cert-pkg:	cert/ICVSBContent.crt
2026-02-11 21:25:11,610 - **** Creating Content Certificate ****
2026-02-11 21:25:11,612 - **** Certificate file (context) creation has been completed successfully ****
2026-02-11 21:25:11,735 - Content Certificate Generation Utility started (Logging to sb_content_cert.log)
2026-02-11 21:25:11,736 - Parsing config file: cert/cfg/ICVSBContent.cfg
2026-02-11 21:25:11,736 - Parsed config items:
cert-keypair:	cert/key/ICVSBContent.pem
cert-keypair-pwd:	cert/key/ICVSBContent.pwd
load-verify-scheme:	0
crypto-type:	0
aes-ce-id:	0
aes-enc-key:	cert/key/KCEICV.txt
images-table:	cert/Images.txt
nvcounter-val:	1
cert-pkg:	cert/ICVSBContent.crt
2026-02-11 21:25:11,736 - **** Creating Content Certificate ****
2026-02-11 21:25:11,738 - **** Certificate file (context) creation has been completed successfully ****
2026-02-11 21:25:11,891 - Content Certificate Generation Utility started (Logging to sb_content_cert.log)
2026-02-11 21:25:11,891 - Parsing config file: cert/cfg/ICVSBContent.cfg
2026-02-11 21:25:11,892 - Parsed config items:
cert-keypair:	cert/key/ICVSBContent.pem
cert-keypair-pwd:	cert/key/ICVSBContent.pwd
load-verify-scheme:	0
crypto-type:	0
aes-ce-id:	0
aes-enc-key:	cert/key/KCEICV.txt
images-table:	cert/Images.txt
nvcounter-val:	1
cert-pkg:	cert/ICVSBContent.crt
2026-02-11 21:25:11,892 - **** Creating Content Certificate ****
2026-02-11 21:25:11,894 - **** Certificate file (context) creation has been completed successfully ****
2026-02-11 21:25:12,019 - Content Certificate Generation Utility started (Logging to sb_content_cert.log)
2026-02-11 21:25:12,019 - Parsing config file: cert/cfg/ICVSBContent.cfg
2026-02-11 21:25:12,019 - Parsed config items:
cert-keypair:	cert/key/ICVSBContent.pem
cert-keypair-pwd:	cert/key/ICVSBContent.pwd
load-verify-scheme:	0
crypto-type:	0
aes-ce-id:	0
aes-enc-key:	cert/key/KCEICV.txt
images-table:	cert/Images.txt
nvcounter-val:	1
cert-pkg:	cert/ICVSBContent.crt
2026-02-11 21:25:12,019 - **** Creating Content Certificate ****
2026-02-11 21:25:12,022 - **** Certificate file (context) creation has been completed successfully ****
2026-02-11 21:25:12,625 - Content Certificate Generation Utility started (Logging to sb_content_cert.log)
2026-02-11 21:25:12,626 - Parsing config file: cert/cfg/ICVSBContent.cfg
2026-02-11 21:25:12,626 - Parsed config items:
cert-keypair:	cert/key/ICVSBContent.pem
cert-keypair-pwd:	cert/key/ICVSBContent.pwd
load-verify-scheme:	0
crypto-type:	0
aes-ce-id:	0
aes-enc-key:	cert/key/KCEICV.txt
images-table:	cert/Images.txt
nvcounter-val:	1
cert-pkg:	cert/ICVSBContent.crt
2026-02-11 21:25:12,626 - **** Creating Content Certificate ****
2026-02-11 21:25:12,628 - **** Certificate file (context) creation has been completed successfully ****
2026-02-11 21:25:12,758 - Content Certificate Generation Utility started (Logging to sb_content_cert.log)
2026-02-11 21:25:12,758 - Parsing config file: cert/cfg/ICVSBContent.cfg
2026-02-11 21:25:12,758 - Parsed config items:
cert-keypair:	cert/key/ICVSBContent.pem
cert-keypair-pwd:	cert/key/ICVSBContent.pwd
load-verify-scheme:	0
crypto-type:	0
aes-ce-id:	0
aes-enc-key:	cert/key/KCEICV.txt
images-table:	cert/Images.txt
nvcounter-val:	1
cert-pkg:	cert/ICVSBContent.crt
2026-02-11 21:25:12,758 - **** Creating Content Certificate ****
2026-02-11 21:25:12,760 - **** Certificate file (context) creation has been completed successfully ****
2026-02-14 09:28:13,551 - Content Certificate Generation Utility started (Logging to sb_content_cert.log)
2026-02-14 09:28:13,551 - Parsing config file: cert/cfg/ICVSBContent.cfg
2026-02-14 09:28:13,551 - Parsed config items:
cert-keypair:	cert/key/ICVSBContent.pem
cert-keypair-pwd:	cert/key/ICVSBContent.pwd
load-verify-scheme:	0
crypto-type:	0
aes-ce-id:	0
aes-enc-key:	cert/key/KCEICV.txt
images-table:	cert/Images.txt
nvcounter-val:	1
cert-pkg:	cert/ICVSBContent.crt
2026-02-14 09:28:13,551 - **** Creating Content Certificate ****
2026-02-14 09:28:13,554 - **** Certificate file (context) creation has been completed successfully ****
2026-02-14 09:28:13,682 - Content Certificate Generation Utility started (Logging to sb_content_cert.log)
2026-02-14 09:28:13,682 - Parsing config file: cert/cfg/ICVSBContent.cfg
2026-02-14 09:28:13,682 - Parsed config items:
cert-keypair:	cert/key/ICVSBContent.pem
cert-keypair-pwd:	cert/key/ICVSBContent.pwd
load-verify-scheme:	0
crypto-type:	0
aes-ce-id:	0
aes-enc-key:	cert/key/KCEICV.txt
images-table:	cert/Images.txt
nvcounter-val:	1
cert-pkg:	cert/ICVSBContent.crt
2026-02-14 09:28:13,682 - **** Creating Content Certificate ****
2026-02-14 09:28:13,685 - **** Certificate file (context) creation has been completed successfully ****
2026-02-14 09:28:13,839 - Content Certificate Generation Utility started (Logging to sb_content_cert.log)
2026-02-14 09:28:13,839 - Parsing config file: cert/cfg/ICVSBContent.cfg
2026-02-14 09:28:13,839 - Parsed config items:
cert-keypair:	cert/key/ICVSBContent.pem
cert-keypair-pwd:	cert/key/ICVSBContent.pwd
load-verify-scheme:	0
crypto-type:	0
aes-ce-id:	0
aes-enc-key:	cert/key/KCEICV.txt
images-table:	cert/Images.txt
nvcounter-val:	1
cert-pkg:	cert/ICVSBContent.crt
2026-02-14 09:28:13,839 - **** Creating Content Certificate ****
2026-02-14 09:28:13,842 - **** Certificate file (context) creation has been completed successfully ****
2026-02-14 09:28:13,966 - Content Certificate Generation Utility started (Logging to sb_content_cert.log)
2026-02-14 09:28:13,966 - Parsing config file: cert/cfg/ICVSBContent.cfg
2026-02-14 09:28:13,966 - Parsed config items:
cert-keypair:	cert/key/ICVSBContent.pem
cert-keypair-pwd:	cert/key/ICVSBContent.pwd
load-verify-scheme:	0
crypto-type:	0
aes-ce-id:	0
aes-enc-key:	cert/key/KCEICV.txt
images-table:	cert/Images.txt
nvcounter-val:	1
cert-pkg:	cert/ICVSBContent.crt
2026-02-14 09:28:13,966 - **** Creating Content Certificate ****
2026-02-14 09:28:13,969 - **** Certificate file (context) creation has been completed successfully ****
2026-02-14 09:28:14,782 - Content Certificate Generation Utility started (Logging to sb_content_cert.log)
2026-02-14 09:28:14,782 - Parsing config file: cert/cfg/ICVSBContent.cfg
2026-02-14 09:28:14,783 - Parsed config items:
cert-keypair:	cert/key/ICVSBContent.pem
cert-keypair-pwd:	cert/key/ICVSBContent.pwd
load-verify-scheme:	0
crypto-type:	0
aes-ce-id:	0
aes-enc-key:	cert/key/KCEICV.txt
images-table:	cert/Images.txt
nvcounter-val:	1
cert-pkg:	cert/ICVSBContent.crt
2026-02-14 09:28:14,783 - **** Creating Content Certificate ****
2026-02-14 09:28:14,785 - **** Certificate file (context) creation has been completed successfully ****
2026-02-14 09:28:14,918 - Content Certificate Generation Utility started (Logging to sb_content_cert.log)
2026-02-14 09:28:14,918 - Parsing config file: cert/cfg/ICVSBContent.cfg
2026-02-14 09:28:14,918 - Parsed config items:
cert-keypair:	cert/key/ICVSBContent.pem
cert-keypair-pwd:	cert/key/ICVSBContent.pwd
load-verify-scheme:	0
crypto-type:	0
aes-ce-id:	0
aes-enc-key:	cert/key/KCEICV.txt
images-table:	cert/Images.txt
nvcounter-val:	1
cert-pkg:	cert/ICVSBContent.crt
2026-02-14 09:28:14,918 - **** Creating Content Certificate ****
2026-02-14 09:28:14,920 - **** Certificate file (context) creation has been completed successfully ****
2026-02-14 10:44:24,696 - Content Certificate Generation Utility started (Logging to sb_content_cert.log)
2026-02-14 10:44:24,696 - Parsing config file: cert/cfg/ICVSBContent.cfg
2026-02-14 10:44:24,696 - Parsed config items:
cert-keypair:	cert/key/ICVSBContent.pem
cert-keypair-pwd:	cert/key/ICVSBContent.pwd
load-verify-scheme:	0
crypto-type:	0
aes-ce-id:	0
aes-enc-key:	cert/key/KCEICV.txt
images-table:	cert/Images.txt
nvcounter-val:	1
cert-pkg:	cert/ICVSBContent.crt
2026-02-14 10:44:24,696 - **** Creating Content Certificate ****
2026-02-14 10:44:24,699 - **** Certificate file (context) creation has been completed successfully ****
2026-02-14 10:44:24,839 - Content Certificate Generation Utility started (Logging to sb_content_cert.log)
2026-02-14 10:44:24,839 - Parsing config file: cert/cfg/ICVSBContent.cfg
2026-02-14 10:44:24,839 - Parsed config items:
cert-keypair:	cert/key/ICVSBContent.pem
cert-keypair-pwd:	cert/key/ICVSBContent.pwd
load-verify-scheme:	0
crypto-type:	0
aes-ce-id:	0
aes-enc-key:	cert/key/KCEICV.txt
images-table:	cert/Images.txt
nvcounter-val:	1
cert-pkg:	cert/ICVSBContent.crt
2026-02-14 10:44:24,839 - **** Creating Content Certificate ****
2026-02-14 10:44:24,842 - **** Certificate file (context) creation has been completed successfully ****
2026-02-14 10:44:25,020 - Content Certificate Generation Utility started (Logging to sb_content_cert.log)
2026-02-14 10:44:25,020 - Parsing config file: cert/cfg/ICVSBContent.cfg
2026-02-14 10:44:25,020 - Parsed config items:
cert-keypair:	cert/key/ICVSBContent.pem
cert-keypair-pwd:	cert/key/ICVSBContent.pwd
load-verify-scheme:	0
crypto-type:	0
aes-ce-id:	0
aes-enc-key:	cert/key/KCEICV.txt
images-table:	cert/Images.txt
nvcounter-val:	1
cert-pkg:	cert/ICVSBContent.crt
2026-02-14 10:44:25,020 - **** Creating Content Certificate ****
2026-02-14 10:44:25,024 - **** Certificate file (context) creation has been completed successfully ****
2026-02-14 10:44:25,163 - Content Certificate Generation Utility started (Logging to sb_content_cert.log)
2026-02-14 10:44:25,163 - Parsing config file: cert/cfg/ICVSBContent.cfg
2026-02-14 10:44:25,164 - Parsed config items:
cert-keypair:	cert/key/ICVSBContent.pem
cert-keypair-pwd:	cert/key/ICVSBContent.pwd
load-verify-scheme:	0
crypto-type:	0
aes-ce-id:	0
aes-enc-key:	cert/key/KCEICV.txt
images-table:	cert/Images.txt
nvcounter-val:	1
cert-pkg:	cert/ICVSBContent.crt
2026-02-14 10:44:25,164 - **** Creating Content Certificate ****
2026-02-14 10:44:25,167 - **** Certificate file (context) creation has been completed successfully ****
2026-02-14 10:44:26,122 - Content Certificate Generation Utility started (Logging to sb_content_cert.log)
2026-02-14 10:44:26,123 - Parsing config file: cert/cfg/ICVSBContent.cfg
2026-02-14 10:44:26,123 - Parsed config items:
cert-keypair:	cert/key/ICVSBContent.pem
cert-keypair-pwd:	cert/key/ICVSBContent.pwd
load-verify-scheme:	0
crypto-type:	0
aes-ce-id:	0
aes-enc-key:	cert/key/KCEICV.txt
images-table:	cert/Images.txt
nvcounter-val:	1
cert-pkg:	cert/ICVSBContent.crt
2026-02-14 10:44:26,123 - **** Creating Content Certificate ****
2026-02-14 10:44:26,126 - **** Certificate file (context) creation has been completed successfully ****
2026-02-14 10:44:26,274 - Content Certificate Generation Utility started (Logging to sb_content_cert.log)
2026-02-14 10:44:26,274 - Parsing config file: cert/cfg/ICVSBContent.cfg
2026-02-14 10:44:26,274 - Parsed config items:
cert-keypair:	cert/key/ICVSBContent.pem
cert-keypair-pwd:	cert/key/ICVSBContent.pwd
load-verify-scheme:	0
crypto-type:	0
aes-ce-id:	0
aes-enc-key:	cert/key/KCEICV.txt
images-table:	cert/Images.txt
nvcounter-val:	1
cert-pkg:	cert/ICVSBContent.crt
2026-02-14 10:44:26,274 - **** Creating Content Certificate ****
2026-02-14 10:44:26,277 - **** Certificate file (context) creation has been completed successfully ****
2026-02-14 11:53:00,876 - Content Certificate Generation Utility started (Logging to sb_content_cert.log)
2026-02-14 11:53:00,877 - Parsing config file: cert/cfg/ICVSBContent.cfg
2026-02-14 11:53:00,877 - Parsed config items:
cert-keypair:	cert/key/ICVSBContent.pem
cert-keypair-pwd:	cert/key/ICVSBContent.pwd
load-verify-scheme:	0
crypto-type:	0
aes-ce-id:	0
aes-enc-key:	cert/key/KCEICV.txt
images-table:	cert/Images.txt
nvcounter-val:	1
cert-pkg:	cert/ICVSBContent.crt
2026-02-14 11:53:00,877 - **** Creating Content Certificate ****
2026-02-14 11:53:00,880 - **** Certificate file (context) creation has been completed successfully ****
2026-02-14 11:53:01,013 - Content Certificate Generation Utility started (Logging to sb_content_cert.log)
2026-02-14 11:53:01,013 - Parsing config file: cert/cfg/ICVSBContent.cfg
2026-02-14 11:53:01,013 - Parsed config items:
cert-keypair:	cert/key/ICVSBContent.pem
cert-keypair-pwd:	cert/key/ICVSBContent.pwd
load-verify-scheme:	0
crypto-type:	0
aes-ce-id:	0
aes-enc-key:	cert/key/KCEICV.txt
images-table:	cert/Images.txt
nvcounter-val:	1
cert-pkg:	cert/ICVSBContent.crt
2026-02-14 11:53:01,013 - **** Creating Content Certificate ****
2026-02-14 11:53:01,016 - **** Certificate file (context) creation has been completed successfully ****
2026-02-14 11:53:01,175 - Content Certificate Generation Utility started (Logging to sb_content_cert.log)
2026-02-14 11:53:01,175 - Parsing config file: cert/cfg/ICVSBContent.cfg
2026-02-14 11:53:01,175 - Parsed config items:
cert-keypair:	cert/key/ICVSBContent.pem
cert-keypair-pwd:	cert/key/ICVSBContent.pwd
load-verify-scheme:	0
crypto-type:	0
aes-ce-id:	0
aes-enc-key:	cert/key/KCEICV.txt
images-table:	cert/Images.txt
nvcounter-val:	1
cert-pkg:	cert/ICVSBContent.crt
2026-02-14 11:53:01,176 - **** Creating Content Certificate ****
2026-02-14 11:53:01,178 - **** Certificate file (context) creation has been completed successfully ****
2026-02-14 11:53:01,304 - Content Certificate Generation Utility started (Logging to sb_content_cert.log)
2026-02-14 11:53:01,304 - Parsing config file: cert/cfg/ICVSBContent.cfg
2026-02-14 11:53:01,304 - Parsed config items:
cert-keypair:	cert/key/ICVSBContent.pem
cert-keypair-pwd:	cert/key/ICVSBContent.pwd
load-verify-scheme:	0
crypto-type:	0
aes-ce-id:	0
aes-enc-key:	cert/key/KCEICV.txt
images-table:	cert/Images.txt
nvcounter-val:	1
cert-pkg:	cert/ICVSBContent.crt
2026-02-14 11:53:01,304 - **** Creating Content Certificate ****
2026-02-14 11:53:01,307 - **** Certificate file (context) creation has been completed successfully ****
2026-02-14 11:53:01,761 - Content Certificate Generation Utility started (Logging to sb_content_cert.log)
2026-02-14 11:53:01,761 - Parsing config file: cert/cfg/ICVSBContent.cfg
2026-02-14 11:53:01,762 - Parsed config items:
cert-keypair:	cert/key/ICVSBContent.pem
cert-keypair-pwd:	cert/key/ICVSBContent.pwd
load-verify-scheme:	0
crypto-type:	0
aes-ce-id:	0
aes-enc-key:	cert/key/KCEICV.txt
images-table:	cert/Images.txt
nvcounter-val:	1
cert-pkg:	cert/ICVSBContent.crt
2026-02-14 11:53:01,762 - **** Creating Content Certificate ****
2026-02-14 11:53:01,764 - **** Certificate file (context) creation has been completed successfully ****
2026-02-14 11:53:01,891 - Content Certificate Generation Utility started (Logging to sb_content_cert.log)
2026-02-14 11:53:01,891 - Parsing config file: cert/cfg/ICVSBContent.cfg
2026-02-14 11:53:01,891 - Parsed config items:
cert-keypair:	cert/key/ICVSBContent.pem
cert-keypair-pwd:	cert/key/ICVSBContent.pwd
load-verify-scheme:	0
crypto-type:	0
aes-ce-id:	0
aes-enc-key:	cert/key/KCEICV.txt
images-table:	cert/Images.txt
nvcounter-val:	1
cert-pkg:	cert/ICVSBContent.crt
2026-02-14 11:53:01,891 - **** Creating Content Certificate ****
2026-02-14 11:53:01,893 - **** Certificate file (context) creation has been completed successfully ****
2026-02-15 09:51:47,104 - Content Certificate Generation Utility started (Logging to sb_content_cert.log)
2026-02-15 09:51:47,104 - Parsing config file: cert/cfg/ICVSBContent.cfg
2026-02-15 09:51:47,104 - Parsed config items:
cert-keypair:	cert/key/ICVSBContent.pem
cert-keypair-pwd:	cert/key/ICVSBContent.pwd
load-verify-scheme:	0
crypto-type:	0
aes-ce-id:	0
aes-enc-key:	cert/key/KCEICV.txt
images-table:	cert/Images.txt
nvcounter-val:	1
cert-pkg:	cert/ICVSBContent.crt
2026-02-15 09:51:47,104 - **** Creating Content Certificate ****
2026-02-15 09:51:47,106 - **** Certificate file (context) creation has been completed successfully ****
2026-02-15 09:51:47,230 - Content Certificate Generation Utility started (Logging to sb_content_cert.log)
2026-02-15 09:51:47,230 - Parsing config file: cert/cfg/ICVSBContent.cfg
2026-02-15 09:51:47,230 - Parsed config items:
cert-keypair:	cert/key/ICVSBContent.pem
cert-keypair-pwd:	cert/key/ICVSBContent.pwd
load-verify-scheme:	0
crypto-type:	0
aes-ce-id:	0
aes-enc-key:	cert/key/KCEICV.txt
images-table:	cert/Images.txt
nvcounter-val:	1
cert-pkg:	cert/ICVSBContent.crt
2026-02-15 09:51:47,230 - **** Creating Content Certificate ****
2026-02-15 09:51:47,233 - **** Certificate file (context) creation has been completed successfully ****
2026-02-15 09:51:47,385 - Content Certificate Generation Utility started (Logging to sb_content_cert.log)
2026-02-15 09:51:47,385 - Parsing config file: cert/cfg/ICVSBContent.cfg
2026-02-15 09:51:47,385 - Parsed config items:
cert-keypair:	cert/key/ICVSBContent.pem
cert-keypair-pwd:	cert/key/ICVSBContent.pwd
load-verify-scheme:	0
crypto-type:	0
aes-ce-id:	0
aes-enc-key:	cert/key/KCEICV.txt
images-table:	cert/Images.txt
nvcounter-val:	1
cert-pkg:	cert/ICVSBContent.crt
2026-02-15 09:51:47,386 - **** Creating Content Certificate ****
2026-02-15 09:51:47,389 - **** Certificate file (context) creation has been completed successfully ****
2026-02-15 09:51:47,511 - Content Certificate Generation Utility started (Logging to sb_content_cert.log)
2026-02-15 09:51:47,512 - Parsing config file: cert/cfg/ICVSBContent.cfg
2026-02-15 09:51:47,512 - Parsed config items:
cert-keypair:	cert/key/ICVSBContent.pem
cert-keypair-pwd:	cert/key/ICVSBContent.pwd
load-verify-scheme:	0
crypto-type:	0
aes-ce-id:	0
aes-enc-key:	cert/key/KCEICV.txt
images-table:	cert/Images.txt
nvcounter-val:	1
cert-pkg:	cert/ICVSBContent.crt
2026-02-15 09:51:47,512 - **** Creating Content Certificate ****
2026-02-15 09:51:47,514 - **** Certificate file (context) creation has been completed successfully ****
2026-02-15 09:51:48,282 - Content Certificate Generation Utility started (Logging to sb_content_cert.log)
2026-02-15 09:51:48,282 - Parsing config file: cert/cfg/ICVSBContent.cfg
2026-02-15 09:51:48,282 - Parsed config items:
cert-keypair:	cert/key/ICVSBContent.pem
cert-keypair-pwd:	cert/key/ICVSBContent.pwd
load-verify-scheme:	0
crypto-type:	0
aes-ce-id:	0
aes-enc-key:	cert/key/KCEICV.txt
images-table:	cert/Images.txt
nvcounter-val:	1
cert-pkg:	cert/ICVSBContent.crt
2026-02-15 09:51:48,282 - **** Creating Content Certificate ****
2026-02-15 09:51:48,285 - **** Certificate file (context) creation has been completed successfully ****
2026-02-15 09:51:48,410 - Content Certificate Generation Utility started (Logging to sb_content_cert.log)
2026-02-15 09:51:48,410 - Parsing config file: cert/cfg/ICVSBContent.cfg
2026-02-15 09:51:48,411 - Parsed config items:
cert-keypair:	cert/key/ICVSBContent.pem
cert-keypair-pwd:	cert/key/ICVSBContent.pwd
load-verify-scheme:	0
crypto-type:	0
aes-ce-id:	0
aes-enc-key:	cert/key/KCEICV.txt
images-table:	cert/Images.txt
nvcounter-val:	1
cert-pkg:	cert/ICVSBContent.crt
2026-02-15 09:51:48,411 - **** Creating Content Certificate ****
2026-02-15 09:51:48,413 - **** Certificate file (context) creation has been completed successfully ****
2026-02-15 10:03:54,698 - Content Certificate Generation Utility started (Logging to sb_content_cert.log)
2026-02-15 10:03:54,698 - Parsing config file: cert/cfg/ICVSBContent.cfg
2026-02-15 10:03:54,698 - Parsed config items:
cert-keypair:	cert/key/ICVSBContent.pem
cert-keypair-pwd:	cert/key/ICVSBContent.pwd
load-verify-scheme:	0
crypto-type:	0
aes-ce-id:	0
aes-enc-key:	cert/key/KCEICV.txt
images-table:	cert/Images.txt
nvcounter-val:	1
cert-pkg:	cert/ICVSBContent.crt
2026-02-15 10:03:54,698 - **** Creating Content Certificate ****
2026-02-15 10:03:54,701 - **** Certificate file (context) creation has been completed successfully ****
2026-02-15 10:03:54,824 - Content Certificate Generation Utility started (Logging to sb_content_cert.log)
2026-02-15 10:03:54,824 - Parsing config file: cert/cfg/ICVSBContent.cfg
2026-02-15 10:03:54,824 - Parsed config items:
cert-keypair:	cert/key/ICVSBContent.pem
cert-keypair-pwd:	cert/key/ICVSBContent.pwd
load-verify-scheme:	0
crypto-type:	0
aes-ce-id:	0
aes-enc-key:	cert/key/KCEICV.txt
images-table:	cert/Images.txt
nvcounter-val:	1
cert-pkg:	cert/ICVSBContent.crt
2026-02-15 10:03:54,825 - **** Creating Content Certificate ****
2026-02-15 10:03:54,827 - **** Certificate file (context) creation has been completed successfully ****
2026-02-15 10:03:54,982 - Content Certificate Generation Utility started (Logging to sb_content_cert.log)
2026-02-15 10:03:54,982 - Parsing config file: cert/cfg/ICVSBContent.cfg
2026-02-15 10:03:54,982 - Parsed config items:
cert-keypair:	cert/key/ICVSBContent.pem
cert-keypair-pwd:	cert/key/ICVSBContent.pwd
load-verify-scheme:	0
crypto-type:	0
aes-ce-id:	0
aes-enc-key:	cert/key/KCEICV.txt
images-table:	cert/Images.txt
nvcounter-val:	1
cert-pkg:	cert/ICVSBContent.crt
2026-02-15 10:03:54,982 - **** Creating Content Certificate ****
2026-02-15 10:03:54,985 - **** Certificate file (context) creation has been completed successfully ****
2026-02-15 10:03:55,106 - Content Certificate Generation Utility started (Logging to sb_content_cert.log)
2026-02-15 10:03:55,106 - Parsing config file: cert/cfg/ICVSBContent.cfg
2026-02-15 10:03:55,107 - Parsed config items:
cert-keypair:	cert/key/ICVSBContent.pem
cert-keypair-pwd:	cert/key/ICVSBContent.pwd
load-verify-scheme:	0
crypto-type:	0
aes-ce-id:	0
aes-enc-key:	cert/key/KCEICV.txt
images-table:	cert/Images.txt
nvcounter-val:	1
cert-pkg:	cert/ICVSBContent.crt
2026-02-15 10:03:55,107 - **** Creating Content Certificate ****
2026-02-15 10:03:55,109 - **** Certificate file (context) creation has been completed successfully ****
2026-02-15 10:03:55,888 - Content Certificate Generation Utility started (Logging to sb_content_cert.log)
2026-02-15 10:03:55,888 - Parsing config file: cert/cfg/ICVSBContent.cfg
2026-02-15 10:03:55,888 - Parsed config items:
cert-keypair:	cert/key/ICVSBContent.pem
cert-keypair-pwd:	cert/key/ICVSBContent.pwd
load-verify-scheme:	0
crypto-type:	0
aes-ce-id:	0
aes-enc-key:	cert/key/KCEICV.txt
images-table:	cert/Images.txt
nvcounter-val:	1
cert-pkg:	cert/ICVSBContent.crt
2026-02-15 10:03:55,888 - **** Creating Content Certificate ****
2026-02-15 10:03:55,890 - **** Certificate file (context) creation has been completed successfully ****
2026-02-15 10:03:56,020 - Content Certificate Generation Utility started (Logging to sb_content_cert.log)
2026-02-15 10:03:56,020 - Parsing config file: cert/cfg/ICVSBContent.cfg
2026-02-15 10:03:56,020 - Parsed config items:
cert-keypair:	cert/key/ICVSBContent.pem
cert-keypair-pwd:	cert/key/ICVSBContent.pwd
load-verify-scheme:	0
crypto-type:	0
aes-ce-id:	0
aes-enc-key:	cert/key/KCEICV.txt
images-table:	cert/Images.txt
nvcounter-val:	1
cert-pkg:	cert/ICVSBContent.crt
2026-02-15 10:03:56,020 - **** Creating Content Certificate ****
2026-02-15 10:03:56,022 - **** Certificate file (context) creation has been completed successfully ****
2026-02-15 10:13:07,468 - Content Certificate Generation Utility started (Logging to sb_content_cert.log)
2026-02-15 10:13:07,468 - Parsing config file: cert/cfg/ICVSBContent.cfg
2026-02-15 10:13:07,469 - Parsed config items:
cert-keypair:	cert/key/ICVSBContent.pem
cert-keypair-pwd:	cert/key/ICVSBContent.pwd
load-verify-scheme:	0
crypto-type:	0
aes-ce-id:	0
aes-enc-key:	cert/key/KCEICV.txt
images-table:	cert/Images.txt
nvcounter-val:	1
cert-pkg:	cert/ICVSBContent.crt
2026-02-15 10:13:07,469 - **** Creating Content Certificate ****
2026-02-15 10:13:07,471 - **** Certificate file (context) creation has been completed successfully ****
2026-02-15 10:13:07,593 - Content Certificate Generation Utility started (Logging to sb_content_cert.log)
2026-02-15 10:13:07,593 - Parsing config file: cert/cfg/ICVSBContent.cfg
2026-02-15 10:13:07,593 - Parsed config items:
cert-keypair:	cert/key/ICVSBContent.pem
cert-keypair-pwd:	cert/key/ICVSBContent.pwd
load-verify-scheme:	0
crypto-type:	0
aes-ce-id:	0
aes-enc-key:	cert/key/KCEICV.txt
images-table:	cert/Images.txt
nvcounter-val:	1
cert-pkg:	cert/ICVSBContent.crt
2026-02-15 10:13:07,593 - **** Creating Content Certificate ****
2026-02-15 10:13:07,596 - **** Certificate file (context) creation has been completed successfully ****
2026-02-15 10:13:07,750 - Content Certificate Generation Utility started (Logging to sb_content_cert.log)
2026-02-15 10:13:07,750 - Parsing config file: cert/cfg/ICVSBContent.cfg
2026-02-15 10:13:07,751 - Parsed config items:
cert-keypair:	cert/key/ICVSBContent.pem
cert-keypair-pwd:	cert/key/ICVSBContent.pwd
load-verify-scheme:	0
crypto-type:	0
aes-ce-id:	0
aes-enc-key:	cert/key/KCEICV.txt
images-table:	cert/Images.txt
nvcounter-val:	1
cert-pkg:	cert/ICVSBContent.crt
2026-02-15 10:13:07,751 - **** Creating Content Certificate ****
2026-02-15 10:13:07,754 - **** Certificate file (context) creation has been completed successfully ****
2026-02-15 10:13:07,877 - Content Certificate Generation Utility started (Logging to sb_content_cert.log)
2026-02-15 10:13:07,877 - Parsing config file: cert/cfg/ICVSBContent.cfg
2026-02-15 10:13:07,877 - Parsed config items:
cert-keypair:	cert/key/ICVSBContent.pem
cert-keypair-pwd:	cert/key/ICVSBContent.pwd
load-verify-scheme:	0
crypto-type:	0
aes-ce-id:	0
aes-enc-key:	cert/key/KCEICV.txt
images-table:	cert/Images.txt
nvcounter-val:	1
cert-pkg:	cert/ICVSBContent.crt
2026-02-15 10:13:07,877 - **** Creating Content Certificate ****
2026-02-15 10:13:07,879 - **** Certificate file (context) creation has been completed successfully ****
2026-02-15 10:13:08,668 - Content Certificate Generation Utility started (Logging to sb_content_cert.log)
2026-02-15 10:13:08,668 - Parsing config file: cert/cfg/ICVSBContent.cfg
2026-02-15 10:13:08,668 - Parsed config items:
cert-keypair:	cert/key/ICVSBContent.pem
cert-keypair-pwd:	cert/key/ICVSBContent.pwd
load-verify-scheme:	0
crypto-type:	0
aes-ce-id:	0
aes-enc-key:	cert/key/KCEICV.txt
images-table:	cert/Images.txt
nvcounter-val:	1
cert-pkg:	cert/ICVSBContent.crt
2026-02-15 10:13:08,669 - **** Creating Content Certificate ****
2026-02-15 10:13:08,671 - **** Certificate file (context) creation has been completed successfully ****
2026-02-15 10:13:08,801 - Content Certificate Generation Utility started (Logging to sb_content_cert.log)
2026-02-15 10:13:08,801 - Parsing config file: cert/cfg/ICVSBContent.cfg
2026-02-15 10:13:08,801 - Parsed config items:
cert-keypair:	cert/key/ICVSBContent.pem
cert-keypair-pwd:	cert/key/ICVSBContent.pwd
load-verify-scheme:	0
crypto-type:	0
aes-ce-id:	0
aes-enc-key:	cert/key/KCEICV.txt
images-table:	cert/Images.txt
nvcounter-val:	1
cert-pkg:	cert/ICVSBContent.crt
2026-02-15 10:13:08,801 - **** Creating Content Certificate ****
2026-02-15 10:13:08,804 - **** Certificate file (context) creation has been completed successfully ****
2026-02-15 10:16:46,130 - Content Certificate Generation Utility started (Logging to sb_content_cert.log)
2026-02-15 10:16:46,130 - Parsing config file: cert/cfg/ICVSBContent.cfg
2026-02-15 10:16:46,130 - Parsed config items:
cert-keypair:	cert/key/ICVSBContent.pem
cert-keypair-pwd:	cert/key/ICVSBContent.pwd
load-verify-scheme:	0
crypto-type:	0
aes-ce-id:	0
aes-enc-key:	cert/key/KCEICV.txt
images-table:	cert/Images.txt
nvcounter-val:	1
cert-pkg:	cert/ICVSBContent.crt
2026-02-15 10:16:46,130 - **** Creating Content Certificate ****
2026-02-15 10:16:46,132 - **** Certificate file (context) creation has been completed successfully ****
2026-02-15 10:16:46,257 - Content Certificate Generation Utility started (Logging to sb_content_cert.log)
2026-02-15 10:16:46,257 - Parsing config file: cert/cfg/ICVSBContent.cfg
2026-02-15 10:16:46,257 - Parsed config items:
cert-keypair:	cert/key/ICVSBContent.pem
cert-keypair-pwd:	cert/key/ICVSBContent.pwd
load-verify-scheme:	0
crypto-type:	0
aes-ce-id:	0
aes-enc-key:	cert/key/KCEICV.txt
images-table:	cert/Images.txt
nvcounter-val:	1
cert-pkg:	cert/ICVSBContent.crt
2026-02-15 10:16:46,257 - **** Creating Content Certificate ****
2026-02-15 10:16:46,259 - **** Certificate file (context) creation has been completed successfully ****
2026-02-15 10:16:46,415 - Content Certificate Generation Utility started (Logging to sb_content_cert.log)
2026-02-15 10:16:46,415 - Parsing config file: cert/cfg/ICVSBContent.cfg
2026-02-15 10:16:46,415 - Parsed config items:
cert-keypair:	cert/key/ICVSBContent.pem
cert-keypair-pwd:	cert/key/ICVSBContent.pwd
load-verify-scheme:	0
crypto-type:	0
aes-ce-id:	0
aes-enc-key:	cert/key/KCEICV.txt
images-table:	cert/Images.txt
nvcounter-val:	1
cert-pkg:	cert/ICVSBContent.crt
2026-02-15 10:16:46,415 - **** Creating Content Certificate ****
2026-02-15 10:16:46,418 - **** Certificate file (context) creation has been completed successfully ****
2026-02-15 10:16:46,544 - Content Certificate Generation Utility started (Logging to sb_content_cert.log)
2026-02-15 10:16:46,544 - Parsing config file: cert/cfg/ICVSBContent.cfg
2026-02-15 10:16:46,544 - Parsed config items:
cert-keypair:	cert/key/ICVSBContent.pem
cert-keypair-pwd:	cert/key/ICVSBContent.pwd
load-verify-scheme:	0
crypto-type:	0
aes-ce-id:	0
aes-enc-key:	cert/key/KCEICV.txt
images-table:	cert/Images.txt
nvcounter-val:	1
cert-pkg:	cert/ICVSBContent.crt
2026-02-15 10:16:46,544 - **** Creating Content Certificate ****
2026-02-15 10:16:46,549 - **** Certificate file (context) creation has been completed successfully ****
2026-02-15 10:16:47,348 - Content Certificate Generation Utility started (Logging to sb_content_cert.log)
2026-02-15 10:16:47,348 - Parsing config file: cert/cfg/ICVSBContent.cfg
2026-02-15 10:16:47,348 - Parsed config items:
cert-keypair:	cert/key/ICVSBContent.pem
cert-keypair-pwd:	cert/key/ICVSBContent.pwd
load-verify-scheme:	0
crypto-type:	0
aes-ce-id:	0
aes-enc-key:	cert/key/KCEICV.txt
images-table:	cert/Images.txt
nvcounter-val:	1
cert-pkg:	cert/ICVSBContent.crt
2026-02-15 10:16:47,348 - **** Creating Content Certificate ****
2026-02-15 10:16:47,351 - **** Certificate file (context) creation has been completed successfully ****
2026-02-15 10:16:47,485 - Content Certificate Generation Utility started (Logging to sb_content_cert.log)
2026-02-15 10:16:47,485 - Parsing config file: cert/cfg/ICVSBContent.cfg
2026-02-15 10:16:47,485 - Parsed config items:
cert-keypair:	cert/key/ICVSBContent.pem
cert-keypair-pwd:	cert/key/ICVSBContent.pwd
load-verify-scheme:	0
crypto-type:	0
aes-ce-id:	0
aes-enc-key:	cert/key/KCEICV.txt
images-table:	cert/Images.txt
nvcounter-val:	1
cert-pkg:	cert/ICVSBContent.crt
2026-02-15 10:16:47,485 - **** Creating Content Certificate ****
2026-02-15 10:16:47,487 - **** Certificate file (context) creation has been completed successfully ****
2026-02-15 10:26:53,834 - Content Certificate Generation Utility started (Logging to sb_content_cert.log)
2026-02-15 10:26:53,834 - Parsing config file: cert/cfg/ICVSBContent.cfg
2026-02-15 10:26:53,834 - Parsed config items:
cert-keypair:	cert/key/ICVSBContent.pem
cert-keypair-pwd:	cert/key/ICVSBContent.pwd
load-verify-scheme:	0
crypto-type:	0
aes-ce-id:	0
aes-enc-key:	cert/key/KCEICV.txt
images-table:	cert/Images.txt
nvcounter-val:	1
cert-pkg:	cert/ICVSBContent.crt
2026-02-15 10:26:53,834 - **** Creating Content Certificate ****
2026-02-15 10:26:53,837 - **** Certificate file (context) creation has been completed successfully ****
2026-02-15 10:26:53,960 - Content Certificate Generation Utility started (Logging to sb_content_cert.log)
2026-02-15 10:26:53,960 - Parsing config file: cert/cfg/ICVSBContent.cfg
2026-02-15 10:26:53,960 - Parsed config items:
cert-keypair:	cert/key/ICVSBContent.pem
cert-keypair-pwd:	cert/key/ICVSBContent.pwd
load-verify-scheme:	0
crypto-type:	0
aes-ce-id:	0
aes-enc-key:	cert/key/KCEICV.txt
images-table:	cert/Images.txt
nvcounter-val:	1
cert-pkg:	cert/ICVSBContent.crt
2026-02-15 10:26:53,960 - **** Creating Content Certificate ****
2026-02-15 10:26:53,962 - **** Certificate file (context) creation has been completed successfully ****
2026-02-15 10:26:54,117 - Content Certificate Generation Utility started (Logging to sb_content_cert.log)
2026-02-15 10:26:54,117 - Parsing config file: cert/cfg/ICVSBContent.cfg
2026-02-15 10:26:54,118 - Parsed config items:
cert-keypair:	cert/key/ICVSBContent.pem
cert-keypair-pwd:	cert/key/ICVSBContent.pwd
load-verify-scheme:	0
crypto-type:	0
aes-ce-id:	0
aes-enc-key:	cert/key/KCEICV.txt
images-table:	cert/Images.txt
nvcounter-val:	1
cert-pkg:	cert/ICVSBContent.crt
2026-02-15 10:26:54,118 - **** Creating Content Certificate ****
2026-02-15 10:26:54,121 - **** Certificate file (context) creation has been completed successfully ****
2026-02-15 10:26:54,248 - Content Certificate Generation Utility started (Logging to sb_content_cert.log)
2026-02-15 10:26:54,248 - Parsing config file: cert/cfg/ICVSBContent.cfg
2026-02-15 10:26:54,248 - Parsed config items:
cert-keypair:	cert/key/ICVSBContent.pem
cert-keypair-pwd:	cert/key/ICVSBContent.pwd
load-verify-scheme:	0
crypto-type:	0
aes-ce-id:	0
aes-enc-key:	cert/key/KCEICV.txt
images-table:	cert/Images.txt
nvcounter-val:	1
cert-pkg:	cert/ICVSBContent.crt
2026-02-15 10:26:54,248 - **** Creating Content Certificate ****
2026-02-15 10:26:54,251 - **** Certificate file (context) creation has been completed successfully ****
2026-02-15 10:26:55,050 - Content Certificate Generation Utility started (Logging to sb_content_cert.log)
2026-02-15 10:26:55,051 - Parsing config file: cert/cfg/ICVSBContent.cfg
2026-02-15 10:26:55,051 - Parsed config items:
cert-keypair:	cert/key/ICVSBContent.pem
cert-keypair-pwd:	cert/key/ICVSBContent.pwd
load-verify-scheme:	0
crypto-type:	0
aes-ce-id:	0
aes-enc-key:	cert/key/KCEICV.txt
images-table:	cert/Images.txt
nvcounter-val:	1
cert-pkg:	cert/ICVSBContent.crt
2026-02-15 10:26:55,051 - **** Creating Content Certificate ****
2026-02-15 10:26:55,053 - **** Certificate file (context) creation has been completed successfully ****
2026-02-15 10:26:55,182 - Content Certificate Generation Utility started (Logging to sb_content_cert.log)
2026-02-15 10:26:55,182 - Parsing config file: cert/cfg/ICVSBContent.cfg
2026-02-15 10:26:55,182 - Parsed config items:
cert-keypair:	cert/key/ICVSBContent.pem
cert-keypair-pwd:	cert/key/ICVSBContent.pwd
load-verify-scheme:	0
crypto-type:	0
aes-ce-id:	0
aes-enc-key:	cert/key/KCEICV.txt
images-table:	cert/Images.txt
nvcounter-val:	1
cert-pkg:	cert/ICVSBContent.crt
2026-02-15 10:26:55,182 - **** Creating Content Certificate ****
2026-02-15 10:26:55,185 - **** Certificate file (context) creation has been completed successfully ****
2026-02-15 10:39:12,446 - Content Certificate Generation Utility started (Logging to sb_content_cert.log)
2026-02-15 10:39:12,446 - Parsing config file: cert/cfg/ICVSBContent.cfg
2026-02-15 10:39:12,446 - Parsed config items:
cert-keypair:	cert/key/ICVSBContent.pem
cert-keypair-pwd:	cert/key/ICVSBContent.pwd
load-verify-scheme:	0
crypto-type:	0
aes-ce-id:	0
aes-enc-key:	cert/key/KCEICV.txt
images-table:	cert/Images.txt
nvcounter-val:	1
cert-pkg:	cert/ICVSBContent.crt
2026-02-15 10:39:12,446 - **** Creating Content Certificate ****
2026-02-15 10:39:12,448 - **** Certificate file (context) creation has been completed successfully ****
2026-02-15 10:39:12,578 - Content Certificate Generation Utility started (Logging to sb_content_cert.log)
2026-02-15 10:39:12,578 - Parsing config file: cert/cfg/ICVSBContent.cfg
2026-02-15 10:39:12,579 - Parsed config items:
cert-keypair:	cert/key/ICVSBContent.pem
cert-keypair-pwd:	cert/key/ICVSBContent.pwd
load-verify-scheme:	0
crypto-type:	0
aes-ce-id:	0
aes-enc-key:	cert/key/KCEICV.txt
images-table:	cert/Images.txt
nvcounter-val:	1
cert-pkg:	cert/ICVSBContent.crt
2026-02-15 10:39:12,579 - **** Creating Content Certificate ****
2026-02-15 10:39:12,581 - **** Certificate file (context) creation has been completed successfully ****
2026-02-15 10:39:12,742 - Content Certificate Generation Utility started (Logging to sb_content_cert.log)
2026-02-15 10:39:12,742 - Parsing config file: cert/cfg/ICVSBContent.cfg
2026-02-15 10:39:12,742 - Parsed config items:
cert-keypair:	cert/key/ICVSBContent.pem
cert-keypair-pwd:	cert/key/ICVSBContent.pwd
load-verify-scheme:	0
crypto-type:	0
aes-ce-id:	0
aes-enc-key:	cert/key/KCEICV.txt
images-table:	cert/Images.txt
nvcounter-val:	1
cert-pkg:	cert/ICVSBContent.crt
2026-02-15 10:39:12,742 - **** Creating Content Certificate ****
2026-02-15 10:39:12,746 - **** Certificate file (context) creation has been completed successfully ****
2026-02-15 10:39:12,875 - Content Certificate Generation Utility started (Logging to sb_content_cert.log)
2026-02-15 10:39:12,875 - Parsing config file: cert/cfg/ICVSBContent.cfg
2026-02-15 10:39:12,875 - Parsed config items:
cert-keypair:	cert/key/ICVSBContent.pem
cert-keypair-pwd:	cert/key/ICVSBContent.pwd
load-verify-scheme:	0
crypto-type:	0
aes-ce-id:	0
aes-enc-key:	cert/key/KCEICV.txt
images-table:	cert/Images.txt
nvcounter-val:	1
cert-pkg:	cert/ICVSBContent.crt
2026-02-15 10:39:12,876 - **** Creating Content Certificate ****
2026-02-15 10:39:12,878 - **** Certificate file (context) creation has been completed successfully ****
2026-02-15 10:39:13,711 - Content Certificate Generation Utility started (Logging to sb_content_cert.log)
2026-02-15 10:39:13,711 - Parsing config file: cert/cfg/ICVSBContent.cfg
2026-02-15 10:39:13,711 - Parsed config items:
cert-keypair:	cert/key/ICVSBContent.pem
cert-keypair-pwd:	cert/key/ICVSBContent.pwd
load-verify-scheme:	0
crypto-type:	0
aes-ce-id:	0
aes-enc-key:	cert/key/KCEICV.txt
images-table:	cert/Images.txt
nvcounter-val:	1
cert-pkg:	cert/ICVSBContent.crt
2026-02-15 10:39:13,711 - **** Creating Content Certificate ****
2026-02-15 10:39:13,714 - **** Certificate file (context) creation has been completed successfully ****
2026-02-15 10:39:13,845 - Content Certificate Generation Utility started (Logging to sb_content_cert.log)
2026-02-15 10:39:13,845 - Parsing config file: cert/cfg/ICVSBContent.cfg
2026-02-15 10:39:13,845 - Parsed config items:
cert-keypair:	cert/key/ICVSBContent.pem
cert-keypair-pwd:	cert/key/ICVSBContent.pwd
load-verify-scheme:	0
crypto-type:	0
aes-ce-id:	0
aes-enc-key:	cert/key/KCEICV.txt
images-table:	cert/Images.txt
nvcounter-val:	1
cert-pkg:	cert/ICVSBContent.crt
2026-02-15 10:39:13,845 - **** Creating Content Certificate ****
2026-02-15 10:39:13,847 - **** Certificate file (context) creation has been completed successfully ****
2026-02-15 10:42:54,651 - Content Certificate Generation Utility started (Logging to sb_content_cert.log)
2026-02-15 10:42:54,651 - Parsing config file: cert/cfg/ICVSBContent.cfg
2026-02-15 10:42:54,651 - Parsed config items:
cert-keypair:	cert/key/ICVSBContent.pem
cert-keypair-pwd:	cert/key/ICVSBContent.pwd
load-verify-scheme:	0
crypto-type:	0
aes-ce-id:	0
aes-enc-key:	cert/key/KCEICV.txt
images-table:	cert/Images.txt
nvcounter-val:	1
cert-pkg:	cert/ICVSBContent.crt
2026-02-15 10:42:54,652 - **** Creating Content Certificate ****
2026-02-15 10:42:54,654 - **** Certificate file (context) creation has been completed successfully ****
2026-02-15 10:42:54,778 - Content Certificate Generation Utility started (Logging to sb_content_cert.log)
2026-02-15 10:42:54,778 - Parsing config file: cert/cfg/ICVSBContent.cfg
2026-02-15 10:42:54,779 - Parsed config items:
cert-keypair:	cert/key/ICVSBContent.pem
cert-keypair-pwd:	cert/key/ICVSBContent.pwd
load-verify-scheme:	0
crypto-type:	0
aes-ce-id:	0
aes-enc-key:	cert/key/KCEICV.txt
images-table:	cert/Images.txt
nvcounter-val:	1
cert-pkg:	cert/ICVSBContent.crt
2026-02-15 10:42:54,779 - **** Creating Content Certificate ****
2026-02-15 10:42:54,781 - **** Certificate file (context) creation has been completed successfully ****
2026-02-15 10:42:54,939 - Content Certificate Generation Utility started (Logging to sb_content_cert.log)
2026-02-15 10:42:54,939 - Parsing config file: cert/cfg/ICVSBContent.cfg
2026-02-15 10:42:54,939 - Parsed config items:
cert-keypair:	cert/key/ICVSBContent.pem
cert-keypair-pwd:	cert/key/ICVSBContent.pwd
load-verify-scheme:	0
crypto-type:	0
aes-ce-id:	0
aes-enc-key:	cert/key/KCEICV.txt
images-table:	cert/Images.txt
nvcounter-val:	1
cert-pkg:	cert/ICVSBContent.crt
2026-02-15 10:42:54,939 - **** Creating Content Certificate ****
2026-02-15 10:42:54,942 - **** Certificate file (context) creation has been completed successfully ****
2026-02-15 10:42:55,071 - Content Certificate Generation Utility started (Logging to sb_content_cert.log)
2026-02-15 10:42:55,071 - Parsing config file: cert/cfg/ICVSBContent.cfg
2026-02-15 10:42:55,071 - Parsed config items:
cert-keypair:	cert/key/ICVSBContent.pem
cert-keypair-pwd:	cert/key/ICVSBContent.pwd
load-verify-scheme:	0
crypto-type:	0
aes-ce-id:	0
aes-enc-key:	cert/key/KCEICV.txt
images-table:	cert/Images.txt
nvcounter-val:	1
cert-pkg:	cert/ICVSBContent.crt
2026-02-15 10:42:55,071 - **** Creating Content Certificate ****
2026-02-15 10:42:55,074 - **** Certificate file (context) creation has been completed successfully ****
2026-02-15 10:42:55,862 - Content Certificate Generation Utility started (Logging to sb_content_cert.log)
2026-02-15 10:42:55,862 - Parsing config file: cert/cfg/ICVSBContent.cfg
2026-02-15 10:42:55,863 - Parsed config items:
cert-keypair:	cert/key/ICVSBContent.pem
cert-keypair-pwd:	cert/key/ICVSBContent.pwd
load-verify-scheme:	0
crypto-type:	0
aes-ce-id:	0
aes-enc-key:	cert/key/KCEICV.txt
images-table:	cert/Images.txt
nvcounter-val:	1
cert-pkg:	cert/ICVSBContent.crt
2026-02-15 10:42:55,863 - **** Creating Content Certificate ****
2026-02-15 10:42:55,867 - **** Certificate file (context) creation has been completed successfully ****
2026-02-15 10:42:56,000 - Content Certificate Generation Utility started (Logging to sb_content_cert.log)
2026-02-15 10:42:56,000 - Parsing config file: cert/cfg/ICVSBContent.cfg
2026-02-15 10:42:56,000 - Parsed config items:
cert-keypair:	cert/key/ICVSBContent.pem
cert-keypair-pwd:	cert/key/ICVSBContent.pwd
load-verify-scheme:	0
crypto-type:	0
aes-ce-id:	0
aes-enc-key:	cert/key/KCEICV.txt
images-table:	cert/Images.txt
nvcounter-val:	1
cert-pkg:	cert/ICVSBContent.crt
2026-02-15 10:42:56,000 - **** Creating Content Certificate ****
2026-02-15 10:42:56,002 - **** Certificate file (context) creation has been completed successfully ****
2026-02-15 10:43:08,955 - Content Certificate Generation Utility started (Logging to sb_content_cert.log)
2026-02-15 10:43:08,955 - Parsing config file: cert/cfg/ICVSBContent.cfg
2026-02-15 10:43:08,955 - Parsed config items:
cert-keypair:	cert/key/ICVSBContent.pem
cert-keypair-pwd:	cert/key/ICVSBContent.pwd
load-verify-scheme:	0
crypto-type:	0
aes-ce-id:	0
aes-enc-key:	cert/key/KCEICV.txt
images-table:	cert/Images.txt
nvcounter-val:	1
cert-pkg:	cert/ICVSBContent.crt
2026-02-15 10:43:08,955 - **** Creating Content Certificate ****
2026-02-15 10:43:08,958 - **** Certificate file (context) creation has been completed successfully ****
2026-02-15 10:43:09,081 - Content Certificate Generation Utility started (Logging to sb_content_cert.log)
2026-02-15 10:43:09,081 - Parsing config file: cert/cfg/ICVSBContent.cfg
2026-02-15 10:43:09,081 - Parsed config items:
cert-keypair:	cert/key/ICVSBContent.pem
cert-keypair-pwd:	cert/key/ICVSBContent.pwd
load-verify-scheme:	0
crypto-type:	0
aes-ce-id:	0
aes-enc-key:	cert/key/KCEICV.txt
images-table:	cert/Images.txt
nvcounter-val:	1
cert-pkg:	cert/ICVSBContent.crt
2026-02-15 10:43:09,082 - **** Creating Content Certificate ****
2026-02-15 10:43:09,084 - **** Certificate file (context) creation has been completed successfully ****
2026-02-15 10:43:09,238 - Content Certificate Generation Utility started (Logging to sb_content_cert.log)
2026-02-15 10:43:09,238 - Parsing config file: cert/cfg/ICVSBContent.cfg
2026-02-15 10:43:09,238 - Parsed config items:
cert-keypair:	cert/key/ICVSBContent.pem
cert-keypair-pwd:	cert/key/ICVSBContent.pwd
load-verify-scheme:	0
crypto-type:	0
aes-ce-id:	0
aes-enc-key:	cert/key/KCEICV.txt
images-table:	cert/Images.txt
nvcounter-val:	1
cert-pkg:	cert/ICVSBContent.crt
2026-02-15 10:43:09,239 - **** Creating Content Certificate ****
2026-02-15 10:43:09,241 - **** Certificate file (context) creation has been completed successfully ****
2026-02-15 10:43:09,362 - Content Certificate Generation Utility started (Logging to sb_content_cert.log)
2026-02-15 10:43:09,362 - Parsing config file: cert/cfg/ICVSBContent.cfg
2026-02-15 10:43:09,362 - Parsed config items:
cert-keypair:	cert/key/ICVSBContent.pem
cert-keypair-pwd:	cert/key/ICVSBContent.pwd
load-verify-scheme:	0
crypto-type:	0
aes-ce-id:	0
aes-enc-key:	cert/key/KCEICV.txt
images-table:	cert/Images.txt
nvcounter-val:	1
cert-pkg:	cert/ICVSBContent.crt
2026-02-15 10:43:09,362 - **** Creating Content Certificate ****
2026-02-15 10:43:09,365 - **** Certificate file (context) creation has been completed successfully ****
2026-02-15 10:43:10,164 - Content Certificate Generation Utility started (Logging to sb_content_cert.log)
2026-02-15 10:43:10,164 - Parsing config file: cert/cfg/ICVSBContent.cfg
2026-02-15 10:43:10,164 - Parsed config items:
cert-keypair:	cert/key/ICVSBContent.pem
cert-keypair-pwd:	cert/key/ICVSBContent.pwd
load-verify-scheme:	0
crypto-type:	0
aes-ce-id:	0
aes-enc-key:	cert/key/KCEICV.txt
images-table:	cert/Images.txt
nvcounter-val:	1
cert-pkg:	cert/ICVSBContent.crt
2026-02-15 10:43:10,164 - **** Creating Content Certificate ****
2026-02-15 10:43:10,167 - **** Certificate file (context) creation has been completed successfully ****
2026-02-15 10:43:10,293 - Content Certificate Generation Utility started (Logging to sb_content_cert.log)
2026-02-15 10:43:10,293 - Parsing config file: cert/cfg/ICVSBContent.cfg
2026-02-15 10:43:10,293 - Parsed config items:
cert-keypair:	cert/key/ICVSBContent.pem
cert-keypair-pwd:	cert/key/ICVSBContent.pwd
load-verify-scheme:	0
crypto-type:	0
aes-ce-id:	0
aes-enc-key:	cert/key/KCEICV.txt
images-table:	cert/Images.txt
nvcounter-val:	1
cert-pkg:	cert/ICVSBContent.crt
2026-02-15 10:43:10,293 - **** Creating Content Certificate ****
2026-02-15 10:43:10,296 - **** Certificate file (context) creation has been completed successfully ****
2026-02-15 10:52:15,248 - Content Certificate Generation Utility started (Logging to sb_content_cert.log)
2026-02-15 10:52:15,248 - Parsing config file: cert/cfg/ICVSBContent.cfg
2026-02-15 10:52:15,248 - Parsed config items:
cert-keypair:	cert/key/ICVSBContent.pem
cert-keypair-pwd:	cert/key/ICVSBContent.pwd
load-verify-scheme:	0
crypto-type:	0
aes-ce-id:	0
aes-enc-key:	cert/key/KCEICV.txt
images-table:	cert/Images.txt
nvcounter-val:	1
cert-pkg:	cert/ICVSBContent.crt
2026-02-15 10:52:15,248 - **** Creating Content Certificate ****
2026-02-15 10:52:15,250 - **** Certificate file (context) creation has been completed successfully ****
2026-02-15 10:52:15,373 - Content Certificate Generation Utility started (Logging to sb_content_cert.log)
2026-02-15 10:52:15,373 - Parsing config file: cert/cfg/ICVSBContent.cfg
2026-02-15 10:52:15,373 - Parsed config items:
cert-keypair:	cert/key/ICVSBContent.pem
cert-keypair-pwd:	cert/key/ICVSBContent.pwd
load-verify-scheme:	0
crypto-type:	0
aes-ce-id:	0
aes-enc-key:	cert/key/KCEICV.txt
images-table:	cert/Images.txt
nvcounter-val:	1
cert-pkg:	cert/ICVSBContent.crt
2026-02-15 10:52:15,373 - **** Creating Content Certificate ****
2026-02-15 10:52:15,376 - **** Certificate file (context) creation has been completed successfully ****
2026-02-15 10:52:15,525 - Content Certificate Generation Utility started (Logging to sb_content_cert.log)
2026-02-15 10:52:15,526 - Parsing config file: cert/cfg/ICVSBContent.cfg
2026-02-15 10:52:15,526 - Parsed config items:
cert-keypair:	cert/key/ICVSBContent.pem
cert-keypair-pwd:	cert/key/ICVSBContent.pwd
load-verify-scheme:	0
crypto-type:	0
aes-ce-id:	0
aes-enc-key:	cert/key/KCEICV.txt
images-table:	cert/Images.txt
nvcounter-val:	1
cert-pkg:	cert/ICVSBContent.crt
2026-02-15 10:52:15,526 - **** Creating Content Certificate ****
2026-02-15 10:52:15,529 - **** Certificate file (context) creation has been completed successfully ****
2026-02-15 10:52:15,656 - Content Certificate Generation Utility started (Logging to sb_content_cert.log)
2026-02-15 10:52:15,656 - Parsing config file: cert/cfg/ICVSBContent.cfg
2026-02-15 10:52:15,656 - Parsed config items:
cert-keypair:	cert/key/ICVSBContent.pem
cert-keypair-pwd:	cert/key/ICVSBContent.pwd
load-verify-scheme:	0
crypto-type:	0
aes-ce-id:	0
aes-enc-key:	cert/key/KCEICV.txt
images-table:	cert/Images.txt
nvcounter-val:	1
cert-pkg:	cert/ICVSBContent.crt
2026-02-15 10:52:15,656 - **** Creating Content Certificate ****
2026-02-15 10:52:15,659 - **** Certificate file (context) creation has been completed successfully ****
2026-02-15 10:52:16,438 - Content Certificate Generation Utility started (Logging to sb_content_cert.log)
2026-02-15 10:52:16,438 - Parsing config file: cert/cfg/ICVSBContent.cfg
2026-02-15 10:52:16,438 - Parsed config items:
cert-keypair:	cert/key/ICVSBContent.pem
cert-keypair-pwd:	cert/key/ICVSBContent.pwd
load-verify-scheme:	0
crypto-type:	0
aes-ce-id:	0
aes-enc-key:	cert/key/KCEICV.txt
images-table:	cert/Images.txt
nvcounter-val:	1
cert-pkg:	cert/ICVSBContent.crt
2026-02-15 10:52:16,438 - **** Creating Content Certificate ****
2026-02-15 10:52:16,441 - **** Certificate file (context) creation has been completed successfully ****
2026-02-15 10:52:16,567 - Content Certificate Generation Utility started (Logging to sb_content_cert.log)
2026-02-15 10:52:16,567 - Parsing config file: cert/cfg/ICVSBContent.cfg
2026-02-15 10:52:16,567 - Parsed config items:
cert-keypair:	cert/key/ICVSBContent.pem
cert-keypair-pwd:	cert/key/ICVSBContent.pwd
load-verify-scheme:	0
crypto-type:	0
aes-ce-id:	0
aes-enc-key:	cert/key/KCEICV.txt
images-table:	cert/Images.txt
nvcounter-val:	1
cert-pkg:	cert/ICVSBContent.crt
2026-02-15 10:52:16,567 - **** Creating Content Certificate ****
2026-02-15 10:52:16,569 - **** Certificate file (context) creation has been completed successfully ****
2026-02-15 10:52:39,666 - Content Certificate Generation Utility started (Logging to sb_content_cert.log)
2026-02-15 10:52:39,666 - Parsing config file: cert/cfg/ICVSBContent.cfg
2026-02-15 10:52:39,666 - Parsed config items:
cert-keypair:	cert/key/ICVSBContent.pem
cert-keypair-pwd:	cert/key/ICVSBContent.pwd
load-verify-scheme:	0
crypto-type:	0
aes-ce-id:	0
aes-enc-key:	cert/key/KCEICV.txt
images-table:	cert/Images.txt
nvcounter-val:	1
cert-pkg:	cert/ICVSBContent.crt
2026-02-15 10:52:39,666 - **** Creating Content Certificate ****
2026-02-15 10:52:39,668 - **** Certificate file (context) creation has been completed successfully ****
2026-02-15 10:52:39,789 - Content Certificate Generation Utility started (Logging to sb_content_cert.log)
2026-02-15 10:52:39,789 - Parsing config file: cert/cfg/ICVSBContent.cfg
2026-02-15 10:52:39,789 - Parsed config items:
cert-keypair:	cert/key/ICVSBContent.pem
cert-keypair-pwd:	cert/key/ICVSBContent.pwd
load-verify-scheme:	0
crypto-type:	0
aes-ce-id:	0
aes-enc-key:	cert/key/KCEICV.txt
images-table:	cert/Images.txt
nvcounter-val:	1
cert-pkg:	cert/ICVSBContent.crt
2026-02-15 10:52:39,789 - **** Creating Content Certificate ****
2026-02-15 10:52:39,792 - **** Certificate file (context) creation has been completed successfully ****
2026-02-15 10:52:39,946 - Content Certificate Generation Utility started (Logging to sb_content_cert.log)
2026-02-15 10:52:39,946 - Parsing config file: cert/cfg/ICVSBContent.cfg
2026-02-15 10:52:39,946 - Parsed config items:
cert-keypair:	cert/key/ICVSBContent.pem
cert-keypair-pwd:	cert/key/ICVSBContent.pwd
load-verify-scheme:	0
crypto-type:	0
aes-ce-id:	0
aes-enc-key:	cert/key/KCEICV.txt
images-table:	cert/Images.txt
nvcounter-val:	1
cert-pkg:	cert/ICVSBContent.crt
2026-02-15 10:52:39,946 - **** Creating Content Certificate ****
2026-02-15 10:52:39,949 - **** Certificate file (context) creation has been completed successfully ****
2026-02-15 10:52:40,077 - Content Certificate Generation Utility started (Logging to sb_content_cert.log)
2026-02-15 10:52:40,077 - Parsing config file: cert/cfg/ICVSBContent.cfg
2026-02-15 10:52:40,077 - Parsed config items:
cert-keypair:	cert/key/ICVSBContent.pem
cert-keypair-pwd:	cert/key/ICVSBContent.pwd
load-verify-scheme:	0
crypto-type:	0
aes-ce-id:	0
aes-enc-key:	cert/key/KCEICV.txt
images-table:	cert/Images.txt
nvcounter-val:	1
cert-pkg:	cert/ICVSBContent.crt
2026-02-15 10:52:40,077 - **** Creating Content Certificate ****
2026-02-15 10:52:40,079 - **** Certificate file (context) creation has been completed successfully ****
2026-02-15 10:52:40,872 - Content Certificate Generation Utility started (Logging to sb_content_cert.log)
2026-02-15 10:52:40,872 - Parsing config file: cert/cfg/ICVSBContent.cfg
2026-02-15 10:52:40,873 - Parsed config items:
cert-keypair:	cert/key/ICVSBContent.pem
cert-keypair-pwd:	cert/key/ICVSBContent.pwd
load-verify-scheme:	0
crypto-type:	0
aes-ce-id:	0
aes-enc-key:	cert/key/KCEICV.txt
images-table:	cert/Images.txt
nvcounter-val:	1
cert-pkg:	cert/ICVSBContent.crt
2026-02-15 10:52:40,873 - **** Creating Content Certificate ****
2026-02-15 10:52:40,875 - **** Certificate file (context) creation has been completed successfully ****
2026-02-15 10:52:41,008 - Content Certificate Generation Utility started (Logging to sb_content_cert.log)
2026-02-15 10:52:41,008 - Parsing config file: cert/cfg/ICVSBContent.cfg
2026-02-15 10:52:41,008 - Parsed config items:
cert-keypair:	cert/key/ICVSBContent.pem
cert-keypair-pwd:	cert/key/ICVSBContent.pwd
load-verify-scheme:	0
crypto-type:	0
aes-ce-id:	0
aes-enc-key:	cert/key/KCEICV.txt
images-table:	cert/Images.txt
nvcounter-val:	1
cert-pkg:	cert/ICVSBContent.crt
2026-02-15 10:52:41,008 - **** Creating Content Certificate ****
2026-02-15 10:52:41,011 - **** Certificate file (context) creation has been completed successfully ****
2026-02-15 11:24:49,720 - Content Certificate Generation Utility started (Logging to sb_content_cert.log)
2026-02-15 11:24:49,720 - Parsing config file: cert/cfg/ICVSBContent.cfg
2026-02-15 11:24:49,720 - Parsed config items:
cert-keypair:	cert/key/ICVSBContent.pem
cert-keypair-pwd:	cert/key/ICVSBContent.pwd
load-verify-scheme:	0
crypto-type:	0
aes-ce-id:	0
aes-enc-key:	cert/key/KCEICV.txt
images-table:	cert/Images.txt
nvcounter-val:	1
cert-pkg:	cert/ICVSBContent.crt
2026-02-15 11:24:49,720 - **** Creating Content Certificate ****
2026-02-15 11:24:49,723 - **** Certificate file (context) creation has been completed successfully ****
2026-02-15 11:24:49,851 - Content Certificate Generation Utility started (Logging to sb_content_cert.log)
2026-02-15 11:24:49,851 - Parsing config file: cert/cfg/ICVSBContent.cfg
2026-02-15 11:24:49,852 - Parsed config items:
cert-keypair:	cert/key/ICVSBContent.pem
cert-keypair-pwd:	cert/key/ICVSBContent.pwd
load-verify-scheme:	0
crypto-type:	0
aes-ce-id:	0
aes-enc-key:	cert/key/KCEICV.txt
images-table:	cert/Images.txt
nvcounter-val:	1
cert-pkg:	cert/ICVSBContent.crt
2026-02-15 11:24:49,852 - **** Creating Content Certificate ****
2026-02-15 11:24:49,854 - **** Certificate file (context) creation has been completed successfully ****
2026-02-15 11:24:50,014 - Content Certificate Generation Utility started (Logging to sb_content_cert.log)
2026-02-15 11:24:50,014 - Parsing config file: cert/cfg/ICVSBContent.cfg
2026-02-15 11:24:50,014 - Parsed config items:
cert-keypair:	cert/key/ICVSBContent.pem
cert-keypair-pwd:	cert/key/ICVSBContent.pwd
load-verify-scheme:	0
crypto-type:	0
aes-ce-id:	0
aes-enc-key:	cert/key/KCEICV.txt
images-table:	cert/Images.txt
nvcounter-val:	1
cert-pkg:	cert/ICVSBContent.crt
2026-02-15 11:24:50,014 - **** Creating Content Certificate ****
2026-02-15 11:24:50,017 - **** Certificate file (context) creation has been completed successfully ****
2026-02-15 11:24:50,146 - Content Certificate Generation Utility started (Logging to sb_content_cert.log)
2026-02-15 11:24:50,147 - Parsing config file: cert/cfg/ICVSBContent.cfg
2026-02-15 11:24:50,147 - Parsed config items:
cert-keypair:	cert/key/ICVSBContent.pem
cert-keypair-pwd:	cert/key/ICVSBContent.pwd
load-verify-scheme:	0
crypto-type:	0
aes-ce-id:	0
aes-enc-key:	cert/key/KCEICV.txt
images-table:	cert/Images.txt
nvcounter-val:	1
cert-pkg:	cert/ICVSBContent.crt
2026-02-15 11:24:50,147 - **** Creating Content Certificate ****
2026-02-15 11:24:50,149 - **** Certificate file (context) creation has been completed successfully ****
2026-02-15 11:24:50,996 - Content Certificate Generation Utility started (Logging to sb_content_cert.log)
2026-02-15 11:24:50,996 - Parsing config file: cert/cfg/ICVSBContent.cfg
2026-02-15 11:24:50,997 - Parsed config items:
cert-keypair:	cert/key/ICVSBContent.pem
cert-keypair-pwd:	cert/key/ICVSBContent.pwd
load-verify-scheme:	0
crypto-type:	0
aes-ce-id:	0
aes-enc-key:	cert/key/KCEICV.txt
images-table:	cert/Images.txt
nvcounter-val:	1
cert-pkg:	cert/ICVSBContent.crt
2026-02-15 11:24:50,997 - **** Creating Content Certificate ****
2026-02-15 11:24:50,999 - **** Certificate file (context) creation has been completed successfully ****
2026-02-15 11:24:51,134 - Content Certificate Generation Utility started (Logging to sb_content_cert.log)
2026-02-15 11:24:51,134 - Parsing config file: cert/cfg/ICVSBContent.cfg
2026-02-15 11:24:51,134 - Parsed config items:
cert-keypair:	cert/key/ICVSBContent.pem
cert-keypair-pwd:	cert/key/ICVSBContent.pwd
load-verify-scheme:	0
crypto-type:	0
aes-ce-id:	0
aes-enc-key:	cert/key/KCEICV.txt
images-table:	cert/Images.txt
nvcounter-val:	1
cert-pkg:	cert/ICVSBContent.crt
2026-02-15 11:24:51,135 - **** Creating Content Certificate ****
2026-02-15 11:24:51,137 - **** Certificate file (context) creation has been completed successfully ****
2026-02-15 11:42:31,143 - Content Certificate Generation Utility started (Logging to sb_content_cert.log)
2026-02-15 11:42:31,144 - Parsing config file: cert/cfg/ICVSBContent.cfg
2026-02-15 11:42:31,144 - Parsed config items:
cert-keypair:	cert/key/ICVSBContent.pem
cert-keypair-pwd:	cert/key/ICVSBContent.pwd
load-verify-scheme:	0
crypto-type:	0
aes-ce-id:	0
aes-enc-key:	cert/key/KCEICV.txt
images-table:	cert/Images.txt
nvcounter-val:	1
cert-pkg:	cert/ICVSBContent.crt
2026-02-15 11:42:31,144 - **** Creating Content Certificate ****
2026-02-15 11:42:31,146 - **** Certificate file (context) creation has been completed successfully ****
2026-02-15 11:42:31,271 - Content Certificate Generation Utility started (Logging to sb_content_cert.log)
2026-02-15 11:42:31,271 - Parsing config file: cert/cfg/ICVSBContent.cfg
2026-02-15 11:42:31,271 - Parsed config items:
cert-keypair:	cert/key/ICVSBContent.pem
cert-keypair-pwd:	cert/key/ICVSBContent.pwd
load-verify-scheme:	0
crypto-type:	0
aes-ce-id:	0
aes-enc-key:	cert/key/KCEICV.txt
images-table:	cert/Images.txt
nvcounter-val:	1
cert-pkg:	cert/ICVSBContent.crt
2026-02-15 11:42:31,271 - **** Creating Content Certificate ****
2026-02-15 11:42:31,274 - **** Certificate file (context) creation has been completed successfully ****
2026-02-15 11:42:31,430 - Content Certificate Generation Utility started (Logging to sb_content_cert.log)
2026-02-15 11:42:31,430 - Parsing config file: cert/cfg/ICVSBContent.cfg
2026-02-15 11:42:31,430 - Parsed config items:
cert-keypair:	cert/key/ICVSBContent.pem
cert-keypair-pwd:	cert/key/ICVSBContent.pwd
load-verify-scheme:	0
crypto-type:	0
aes-ce-id:	0
aes-enc-key:	cert/key/KCEICV.txt
images-table:	cert/Images.txt
nvcounter-val:	1
cert-pkg:	cert/ICVSBContent.crt
2026-02-15 11:42:31,430 - **** Creating Content Certificate ****
2026-02-15 11:42:31,433 - **** Certificate file (context) creation has been completed successfully ****
2026-02-15 11:42:31,558 - Content Certificate Generation Utility started (Logging to sb_content_cert.log)
2026-02-15 11:42:31,558 - Parsing config file: cert/cfg/ICVSBContent.cfg
2026-02-15 11:42:31,558 - Parsed config items:
cert-keypair:	cert/key/ICVSBContent.pem
cert-keypair-pwd:	cert/key/ICVSBContent.pwd
load-verify-scheme:	0
crypto-type:	0
aes-ce-id:	0
aes-enc-key:	cert/key/KCEICV.txt
images-table:	cert/Images.txt
nvcounter-val:	1
cert-pkg:	cert/ICVSBContent.crt
2026-02-15 11:42:31,558 - **** Creating Content Certificate ****
2026-02-15 11:42:31,560 - **** Certificate file (context) creation has been completed successfully ****
2026-02-15 11:42:32,346 - Content Certificate Generation Utility started (Logging to sb_content_cert.log)
2026-02-15 11:42:32,346 - Parsing config file: cert/cfg/ICVSBContent.cfg
2026-02-15 11:42:32,346 - Parsed config items:
cert-keypair:	cert/key/ICVSBContent.pem
cert-keypair-pwd:	cert/key/ICVSBContent.pwd
load-verify-scheme:	0
crypto-type:	0
aes-ce-id:	0
aes-enc-key:	cert/key/KCEICV.txt
images-table:	cert/Images.txt
nvcounter-val:	1
cert-pkg:	cert/ICVSBContent.crt
2026-02-15 11:42:32,346 - **** Creating Content Certificate ****
2026-02-15 11:42:32,348 - **** Certificate file (context) creation has been completed successfully ****
2026-02-15 11:42:32,475 - Content Certificate Generation Utility started (Logging to sb_content_cert.log)
2026-02-15 11:42:32,475 - Parsing config file: cert/cfg/ICVSBContent.cfg
2026-02-15 11:42:32,475 - Parsed config items:
cert-keypair:	cert/key/ICVSBContent.pem
cert-keypair-pwd:	cert/key/ICVSBContent.pwd
load-verify-scheme:	0
crypto-type:	0
aes-ce-id:	0
aes-enc-key:	cert/key/KCEICV.txt
images-table:	cert/Images.txt
nvcounter-val:	1
cert-pkg:	cert/ICVSBContent.crt
2026-02-15 11:42:32,475 - **** Creating Content Certificate ****
2026-02-15 11:42:32,478 - **** Certificate file (context) creation has been completed successfully ****
2026-02-15 12:27:43,457 - Content Certificate Generation Utility started (Logging to sb_content_cert.log)
2026-02-15 12:27:43,457 - Parsing config file: cert/cfg/ICVSBContent.cfg
2026-02-15 12:27:43,457 - Parsed config items:
cert-keypair:	cert/key/ICVSBContent.pem
cert-keypair-pwd:	cert/key/ICVSBContent.pwd
load-verify-scheme:	0
crypto-type:	0
aes-ce-id:	0
aes-enc-key:	cert/key/KCEICV.txt
images-table:	cert/Images.txt
nvcounter-val:	1
cert-pkg:	cert/ICVSBContent.crt
2026-02-15 12:27:43,458 - **** Creating Content Certificate ****
2026-02-15 12:27:43,460 - **** Certificate file (context) creation has been completed successfully ****
2026-02-15 12:27:43,581 - Content Certificate Generation Utility started (Logging to sb_content_cert.log)
2026-02-15 12:27:43,581 - Parsing config file: cert/cfg/ICVSBContent.cfg
2026-02-15 12:27:43,581 - Parsed config items:
cert-keypair:	cert/key/ICVSBContent.pem
cert-keypair-pwd:	cert/key/ICVSBContent.pwd
load-verify-scheme:	0
crypto-type:	0
aes-ce-id:	0
aes-enc-key:	cert/key/KCEICV.txt
images-table:	cert/Images.txt
nvcounter-val:	1
cert-pkg:	cert/ICVSBContent.crt
2026-02-15 12:27:43,581 - **** Creating Content Certificate ****
2026-02-15 12:27:43,583 - **** Certificate file (context) creation has been completed successfully ****
2026-02-15 12:27:43,735 - Content Certificate Generation Utility started (Logging to sb_content_cert.log)
2026-02-15 12:27:43,735 - Parsing config file: cert/cfg/ICVSBContent.cfg
2026-02-15 12:27:43,735 - Parsed config items:
cert-keypair:	cert/key/ICVSBContent.pem
cert-keypair-pwd:	cert/key/ICVSBContent.pwd
load-verify-scheme:	0
crypto-type:	0
aes-ce-id:	0
aes-enc-key:	cert/key/KCEICV.txt
images-table:	cert/Images.txt
nvcounter-val:	1
cert-pkg:	cert/ICVSBContent.crt
2026-02-15 12:27:43,735 - **** Creating Content Certificate ****
2026-02-15 12:27:43,739 - **** Certificate file (context) creation has been completed successfully ****
2026-02-15 12:27:43,863 - Content Certificate Generation Utility started (Logging to sb_content_cert.log)
2026-02-15 12:27:43,863 - Parsing config file: cert/cfg/ICVSBContent.cfg
2026-02-15 12:27:43,863 - Parsed config items:
cert-keypair:	cert/key/ICVSBContent.pem
cert-keypair-pwd:	cert/key/ICVSBContent.pwd
load-verify-scheme:	0
crypto-type:	0
aes-ce-id:	0
aes-enc-key:	cert/key/KCEICV.txt
images-table:	cert/Images.txt
nvcounter-val:	1
cert-pkg:	cert/ICVSBContent.crt
2026-02-15 12:27:43,863 - **** Creating Content Certificate ****
2026-02-15 12:27:43,866 - **** Certificate file (context) creation has been completed successfully ****
2026-02-15 12:27:44,625 - Content Certificate Generation Utility started (Logging to sb_content_cert.log)
2026-02-15 12:27:44,625 - Parsing config file: cert/cfg/ICVSBContent.cfg
2026-02-15 12:27:44,625 - Parsed config items:
cert-keypair:	cert/key/ICVSBContent.pem
cert-keypair-pwd:	cert/key/ICVSBContent.pwd
load-verify-scheme:	0
crypto-type:	0
aes-ce-id:	0
aes-enc-key:	cert/key/KCEICV.txt
images-table:	cert/Images.txt
nvcounter-val:	1
cert-pkg:	cert/ICVSBContent.crt
2026-02-15 12:27:44,625 - **** Creating Content Certificate ****
2026-02-15 12:27:44,627 - **** Certificate file (context) creation has been completed successfully ****
2026-02-15 12:27:44,750 - Content Certificate Generation Utility started (Logging to sb_content_cert.log)
2026-02-15 12:27:44,750 - Parsing config file: cert/cfg/ICVSBContent.cfg
2026-02-15 12:27:44,750 - Parsed config items:
cert-keypair:	cert/key/ICVSBContent.pem
cert-keypair-pwd:	cert/key/ICVSBContent.pwd
load-verify-scheme:	0
crypto-type:	0
aes-ce-id:	0
aes-enc-key:	cert/key/KCEICV.txt
images-table:	cert/Images.txt
nvcounter-val:	1
cert-pkg:	cert/ICVSBContent.crt
2026-02-15 12:27:44,750 - **** Creating Content Certificate ****
2026-02-15 12:27:44,752 - **** Certificate file (context) creation has been completed successfully ****
2026-02-15 12:58:07,601 - Content Certificate Generation Utility started (Logging to sb_content_cert.log)
2026-02-15 12:58:07,602 - Parsing config file: cert/cfg/ICVSBContent.cfg
2026-02-15 12:58:07,602 - Parsed config items:
cert-keypair:	cert/key/ICVSBContent.pem
cert-keypair-pwd:	cert/key/ICVSBContent.pwd
load-verify-scheme:	0
crypto-type:	0
aes-ce-id:	0
aes-enc-key:	cert/key/KCEICV.txt
images-table:	cert/Images.txt
nvcounter-val:	1
cert-pkg:	cert/ICVSBContent.crt
2026-02-15 12:58:07,602 - **** Creating Content Certificate ****
2026-02-15 12:58:07,604 - **** Certificate file (context) creation has been completed successfully ****
2026-02-15 12:58:07,727 - Content Certificate Generation Utility started (Logging to sb_content_cert.log)
2026-02-15 12:58:07,727 - Parsing config file: cert/cfg/ICVSBContent.cfg
2026-02-15 12:58:07,727 - Parsed config items:
cert-keypair:	cert/key/ICVSBContent.pem
cert-keypair-pwd:	cert/key/ICVSBContent.pwd
load-verify-scheme:	0
crypto-type:	0
aes-ce-id:	0
aes-enc-key:	cert/key/KCEICV.txt
images-table:	cert/Images.txt
nvcounter-val:	1
cert-pkg:	cert/ICVSBContent.crt
2026-02-15 12:58:07,727 - **** Creating Content Certificate ****
2026-02-15 12:58:07,730 - **** Certificate file (context) creation has been completed successfully ****
2026-02-15 12:58:07,881 - Content Certificate Generation Utility started (Logging to sb_content_cert.log)
2026-02-15 12:58:07,881 - Parsing config file: cert/cfg/ICVSBContent.cfg
2026-02-15 12:58:07,882 - Parsed config items:
cert-keypair:	cert/key/ICVSBContent.pem
cert-keypair-pwd:	cert/key/ICVSBContent.pwd
load-verify-scheme:	0
crypto-type:	0
aes-ce-id:	0
aes-enc-key:	cert/key/KCEICV.txt
images-table:	cert/Images.txt
nvcounter-val:	1
cert-pkg:	cert/ICVSBContent.crt
2026-02-15 12:58:07,882 - **** Creating Content Certificate ****
2026-02-15 12:58:07,885 - **** Certificate file (context) creation has been completed successfully ****
2026-02-15 12:58:08,010 - Content Certificate Generation Utility started (Logging to sb_content_cert.log)
2026-02-15 12:58:08,010 - Parsing config file: cert/cfg/ICVSBContent.cfg
2026-02-15 12:58:08,010 - Parsed config items:
cert-keypair:	cert/key/ICVSBContent.pem
cert-keypair-pwd:	cert/key/ICVSBContent.pwd
load-verify-scheme:	0
crypto-type:	0
aes-ce-id:	0
aes-enc-key:	cert/key/KCEICV.txt
images-table:	cert/Images.txt
nvcounter-val:	1
cert-pkg:	cert/ICVSBContent.crt
2026-02-15 12:58:08,010 - **** Creating Content Certificate ****
2026-02-15 12:58:08,012 - **** Certificate file (context) creation has been completed successfully ****
2026-02-15 12:58:08,783 - Content Certificate Generation Utility started (Logging to sb_content_cert.log)
2026-02-15 12:58:08,783 - Parsing config file: cert/cfg/ICVSBContent.cfg
2026-02-15 12:58:08,783 - Parsed config items:
cert-keypair:	cert/key/ICVSBContent.pem
cert-keypair-pwd:	cert/key/ICVSBContent.pwd
load-verify-scheme:	0
crypto-type:	0
aes-ce-id:	0
aes-enc-key:	cert/key/KCEICV.txt
images-table:	cert/Images.txt
nvcounter-val:	1
cert-pkg:	cert/ICVSBContent.crt
2026-02-15 12:58:08,784 - **** Creating Content Certificate ****
2026-02-15 12:58:08,786 - **** Certificate file (context) creation has been completed successfully ****
2026-02-15 12:58:08,914 - Content Certificate Generation Utility started (Logging to sb_content_cert.log)
2026-02-15 12:58:08,914 - Parsing config file: cert/cfg/ICVSBContent.cfg
2026-02-15 12:58:08,914 - Parsed config items:
cert-keypair:	cert/key/ICVSBContent.pem
cert-keypair-pwd:	cert/key/ICVSBContent.pwd
load-verify-scheme:	0
crypto-type:	0
aes-ce-id:	0
aes-enc-key:	cert/key/KCEICV.txt
images-table:	cert/Images.txt
nvcounter-val:	1
cert-pkg:	cert/ICVSBContent.crt
2026-02-15 12:58:08,914 - **** Creating Content Certificate ****
2026-02-15 12:58:08,917 - **** Certificate file (context) creation has been completed successfully ****
2026-02-15 15:10:49,733 - Content Certificate Generation Utility started (Logging to sb_content_cert.log)
2026-02-15 15:10:49,733 - Parsing config file: cert/cfg/ICVSBContent.cfg
2026-02-15 15:10:49,733 - Parsed config items:
cert-keypair:	cert/key/ICVSBContent.pem
cert-keypair-pwd:	cert/key/ICVSBContent.pwd
load-verify-scheme:	0
crypto-type:	0
aes-ce-id:	0
aes-enc-key:	cert/key/KCEICV.txt
images-table:	cert/Images.txt
nvcounter-val:	1
cert-pkg:	cert/ICVSBContent.crt
2026-02-15 15:10:49,733 - **** Creating Content Certificate ****
2026-02-15 15:10:49,736 - **** Certificate file (context) creation has been completed successfully ****
2026-02-15 15:10:49,859 - Content Certificate Generation Utility started (Logging to sb_content_cert.log)
2026-02-15 15:10:49,860 - Parsing config file: cert/cfg/ICVSBContent.cfg
2026-02-15 15:10:49,860 - Parsed config items:
cert-keypair:	cert/key/ICVSBContent.pem
cert-keypair-pwd:	cert/key/ICVSBContent.pwd
load-verify-scheme:	0
crypto-type:	0
aes-ce-id:	0
aes-enc-key:	cert/key/KCEICV.txt
images-table:	cert/Images.txt
nvcounter-val:	1
cert-pkg:	cert/ICVSBContent.crt
2026-02-15 15:10:49,860 - **** Creating Content Certificate ****
2026-02-15 15:10:49,862 - **** Certificate file (context) creation has been completed successfully ****
2026-02-15 15:10:50,016 - Content Certificate Generation Utility started (Logging to sb_content_cert.log)
2026-02-15 15:10:50,016 - Parsing config file: cert/cfg/ICVSBContent.cfg
2026-02-15 15:10:50,016 - Parsed config items:
cert-keypair:	cert/key/ICVSBContent.pem
cert-keypair-pwd:	cert/key/ICVSBContent.pwd
load-verify-scheme:	0
crypto-type:	0
aes-ce-id:	0
aes-enc-key:	cert/key/KCEICV.txt
images-table:	cert/Images.txt
nvcounter-val:	1
cert-pkg:	cert/ICVSBContent.crt
2026-02-15 15:10:50,016 - **** Creating Content Certificate ****
2026-02-15 15:10:50,019 - **** Certificate file (context) creation has been completed successfully ****
2026-02-15 15:10:50,144 - Content Certificate Generation Utility started (Logging to sb_content_cert.log)
2026-02-15 15:10:50,144 - Parsing config file: cert/cfg/ICVSBContent.cfg
2026-02-15 15:10:50,144 - Parsed config items:
cert-keypair:	cert/key/ICVSBContent.pem
cert-keypair-pwd:	cert/key/ICVSBContent.pwd
load-verify-scheme:	0
crypto-type:	0
aes-ce-id:	0
aes-enc-key:	cert/key/KCEICV.txt
images-table:	cert/Images.txt
nvcounter-val:	1
cert-pkg:	cert/ICVSBContent.crt
2026-02-15 15:10:50,144 - **** Creating Content Certificate ****
2026-02-15 15:10:50,147 - **** Certificate file (context) creation has been completed successfully ****
2026-02-15 15:10:50,931 - Content Certificate Generation Utility started (Logging to sb_content_cert.log)
2026-02-15 15:10:50,931 - Parsing config file: cert/cfg/ICVSBContent.cfg
2026-02-15 15:10:50,931 - Parsed config items:
cert-keypair:	cert/key/ICVSBContent.pem
cert-keypair-pwd:	cert/key/ICVSBContent.pwd
load-verify-scheme:	0
crypto-type:	0
aes-ce-id:	0
aes-enc-key:	cert/key/KCEICV.txt
images-table:	cert/Images.txt
nvcounter-val:	1
cert-pkg:	cert/ICVSBContent.crt
2026-02-15 15:10:50,931 - **** Creating Content Certificate ****
2026-02-15 15:10:50,933 - **** Certificate file (context) creation has been completed successfully ****
2026-02-15 15:10:51,062 - Content Certificate Generation Utility started (Logging to sb_content_cert.log)
2026-02-15 15:10:51,062 - Parsing config file: cert/cfg/ICVSBContent.cfg
2026-02-15 15:10:51,062 - Parsed config items:
cert-keypair:	cert/key/ICVSBContent.pem
cert-keypair-pwd:	cert/key/ICVSBContent.pwd
load-verify-scheme:	0
crypto-type:	0
aes-ce-id:	0
aes-enc-key:	cert/key/KCEICV.txt
images-table:	cert/Images.txt
nvcounter-val:	1
cert-pkg:	cert/ICVSBContent.crt
2026-02-15 15:10:51,063 - **** Creating Content Certificate ****
2026-02-15 15:10:51,065 - **** Certificate file (context) creation has been completed successfully ****
2026-02-15 15:22:35,391 - Content Certificate Generation Utility started (Logging to sb_content_cert.log)
2026-02-15 15:22:35,391 - Parsing config file: cert/cfg/ICVSBContent.cfg
2026-02-15 15:22:35,391 - Parsed config items:
cert-keypair:	cert/key/ICVSBContent.pem
cert-keypair-pwd:	cert/key/ICVSBContent.pwd
load-verify-scheme:	0
crypto-type:	0
aes-ce-id:	0
aes-enc-key:	cert/key/KCEICV.txt
images-table:	cert/Images.txt
nvcounter-val:	1
cert-pkg:	cert/ICVSBContent.crt
2026-02-15 15:22:35,391 - **** Creating Content Certificate ****
2026-02-15 15:22:35,393 - **** Certificate file (context) creation has been completed successfully ****
2026-02-15 15:22:35,515 - Content Certificate Generation Utility started (Logging to sb_content_cert.log)
2026-02-15 15:22:35,515 - Parsing config file: cert/cfg/ICVSBContent.cfg
2026-02-15 15:22:35,515 - Parsed config items:
cert-keypair:	cert/key/ICVSBContent.pem
cert-keypair-pwd:	cert/key/ICVSBContent.pwd
load-verify-scheme:	0
crypto-type:	0
aes-ce-id:	0
aes-enc-key:	cert/key/KCEICV.txt
images-table:	cert/Images.txt
nvcounter-val:	1
cert-pkg:	cert/ICVSBContent.crt
2026-02-15 15:22:35,515 - **** Creating Content Certificate ****
2026-02-15 15:22:35,518 - **** Certificate file (context) creation has been completed successfully ****
2026-02-15 15:22:35,676 - Content Certificate Generation Utility started (Logging to sb_content_cert.log)
2026-02-15 15:22:35,676 - Parsing config file: cert/cfg/ICVSBContent.cfg
2026-02-15 15:22:35,676 - Parsed config items:
cert-keypair:	cert/key/ICVSBContent.pem
cert-keypair-pwd:	cert/key/ICVSBContent.pwd
load-verify-scheme:	0
crypto-type:	0
aes-ce-id:	0
aes-enc-key:	cert/key/KCEICV.txt
images-table:	cert/Images.txt
nvcounter-val:	1
cert-pkg:	cert/ICVSBContent.crt
2026-02-15 15:22:35,677 - **** Creating Content Certificate ****
2026-02-15 15:22:35,679 - **** Certificate file (context) creation has been completed successfully ****
2026-02-15 15:22:35,801 - Content Certificate Generation Utility started (Logging to sb_content_cert.log)
2026-02-15 15:22:35,802 - Parsing config file: cert/cfg/ICVSBContent.cfg
2026-02-15 15:22:35,802 - Parsed config items:
cert-keypair:	cert/key/ICVSBContent.pem
cert-keypair-pwd:	cert/key/ICVSBContent.pwd
load-verify-scheme:	0
crypto-type:	0
aes-ce-id:	0
aes-enc-key:	cert/key/KCEICV.txt
images-table:	cert/Images.txt
nvcounter-val:	1
cert-pkg:	cert/ICVSBContent.crt
2026-02-15 15:22:35,802 - **** Creating Content Certificate ****
2026-02-15 15:22:35,804 - **** Certificate file (context) creation has been completed successfully ****
2026-02-15 15:22:36,581 - Content Certificate Generation Utility started (Logging to sb_content_cert.log)
2026-02-15 15:22:36,581 - Parsing config file: cert/cfg/ICVSBContent.cfg
2026-02-15 15:22:36,581 - Parsed config items:
cert-keypair:	cert/key/ICVSBContent.pem
cert-keypair-pwd:	cert/key/ICVSBContent.pwd
load-verify-scheme:	0
crypto-type:	0
aes-ce-id:	0
aes-enc-key:	cert/key/KCEICV.txt
images-table:	cert/Images.txt
nvcounter-val:	1
cert-pkg:	cert/ICVSBContent.crt
2026-02-15 15:22:36,581 - **** Creating Content Certificate ****
2026-02-15 15:22:36,583 - **** Certificate file (context) creation has been completed successfully ****
2026-02-15 15:22:36,711 - Content Certificate Generation Utility started (Logging to sb_content_cert.log)
2026-02-15 15:22:36,711 - Parsing config file: cert/cfg/ICVSBContent.cfg
2026-02-15 15:22:36,711 - Parsed config items:
cert-keypair:	cert/key/ICVSBContent.pem
cert-keypair-pwd:	cert/key/ICVSBContent.pwd
load-verify-scheme:	0
crypto-type:	0
aes-ce-id:	0
aes-enc-key:	cert/key/KCEICV.txt
images-table:	cert/Images.txt
nvcounter-val:	1
cert-pkg:	cert/ICVSBContent.crt
2026-02-15 15:22:36,711 - **** Creating Content Certificate ****
2026-02-15 15:22:36,714 - **** Certificate file (context) creation has been completed successfully ****
2026-02-15 15:34:36,269 - Content Certificate Generation Utility started (Logging to sb_content_cert.log)
2026-02-15 15:34:36,269 - Parsing config file: cert/cfg/ICVSBContent.cfg
2026-02-15 15:34:36,269 - Parsed config items:
cert-keypair:	cert/key/ICVSBContent.pem
cert-keypair-pwd:	cert/key/ICVSBContent.pwd
load-verify-scheme:	0
crypto-type:	0
aes-ce-id:	0
aes-enc-key:	cert/key/KCEICV.txt
images-table:	cert/Images.txt
nvcounter-val:	1
cert-pkg:	cert/ICVSBContent.crt
2026-02-15 15:34:36,269 - **** Creating Content Certificate ****
2026-02-15 15:34:36,271 - **** Certificate file (context) creation has been completed successfully ****
2026-02-15 15:34:36,394 - Content Certificate Generation Utility started (Logging to sb_content_cert.log)
2026-02-15 15:34:36,394 - Parsing config file: cert/cfg/ICVSBContent.cfg
2026-02-15 15:34:36,395 - Parsed config items:
cert-keypair:	cert/key/ICVSBContent.pem
cert-keypair-pwd:	cert/key/ICVSBContent.pwd
load-verify-scheme:	0
crypto-type:	0
aes-ce-id:	0
aes-enc-key:	cert/key/KCEICV.txt
images-table:	cert/Images.txt
nvcounter-val:	1
cert-pkg:	cert/ICVSBContent.crt
2026-02-15 15:34:36,395 - **** Creating Content Certificate ****
2026-02-15 15:34:36,397 - **** Certificate file (context) creation has been completed successfully ****
2026-02-15 15:34:36,550 - Content Certificate Generation Utility started (Logging to sb_content_cert.log)
2026-02-15 15:34:36,550 - Parsing config file: cert/cfg/ICVSBContent.cfg
2026-02-15 15:34:36,550 - Parsed config items:
cert-keypair:	cert/key/ICVSBContent.pem
cert-keypair-pwd:	cert/key/ICVSBContent.pwd
load-verify-scheme:	0
crypto-type:	0
aes-ce-id:	0
aes-enc-key:	cert/key/KCEICV.txt
images-table:	cert/Images.txt
nvcounter-val:	1
cert-pkg:	cert/ICVSBContent.crt
2026-02-15 15:34:36,551 - **** Creating Content Certificate ****
2026-02-15 15:34:36,554 - **** Certificate file (context) creation has been completed successfully ****
2026-02-15 15:34:36,678 - Content Certificate Generation Utility started (Logging to sb_content_cert.log)
2026-02-15 15:34:36,678 - Parsing config file: cert/cfg/ICVSBContent.cfg
2026-02-15 15:34:36,678 - Parsed config items:
cert-keypair:	cert/key/ICVSBContent.pem
cert-keypair-pwd:	cert/key/ICVSBContent.pwd
load-verify-scheme:	0
crypto-type:	0
aes-ce-id:	0
aes-enc-key:	cert/key/KCEICV.txt
images-table:	cert/Images.txt
nvcounter-val:	1
cert-pkg:	cert/ICVSBContent.crt
2026-02-15 15:34:36,678 - **** Creating Content Certificate ****
2026-02-15 15:34:36,681 - **** Certificate file (context) creation has been completed successfully ****
2026-02-15 15:34:37,470 - Content Certificate Generation Utility started (Logging to sb_content_cert.log)
2026-02-15 15:34:37,470 - Parsing config file: cert/cfg/ICVSBContent.cfg
2026-02-15 15:34:37,471 - Parsed config items:
cert-keypair:	cert/key/ICVSBContent.pem
cert-keypair-pwd:	cert/key/ICVSBContent.pwd
load-verify-scheme:	0
crypto-type:	0
aes-ce-id:	0
aes-enc-key:	cert/key/KCEICV.txt
images-table:	cert/Images.txt
nvcounter-val:	1
cert-pkg:	cert/ICVSBContent.crt
2026-02-15 15:34:37,471 - **** Creating Content Certificate ****
2026-02-15 15:34:37,473 - **** Certificate file (context) creation has been completed successfully ****
2026-02-15 15:34:37,600 - Content Certificate Generation Utility started (Logging to sb_content_cert.log)
2026-02-15 15:34:37,600 - Parsing config file: cert/cfg/ICVSBContent.cfg
2026-02-15 15:34:37,600 - Parsed config items:
cert-keypair:	cert/key/ICVSBContent.pem
cert-keypair-pwd:	cert/key/ICVSBContent.pwd
load-verify-scheme:	0
crypto-type:	0
aes-ce-id:	0
aes-enc-key:	cert/key/KCEICV.txt
images-table:	cert/Images.txt
nvcounter-val:	1
cert-pkg:	cert/ICVSBContent.crt
2026-02-15 15:34:37,601 - **** Creating Content Certificate ****
2026-02-15 15:34:37,603 - **** Certificate file (context) creation has been completed successfully ****
2026-02-15 16:10:05,947 - Content Certificate Generation Utility started (Logging to sb_content_cert.log)
2026-02-15 16:10:05,947 - Parsing config file: cert/cfg/ICVSBContent.cfg
2026-02-15 16:10:05,948 - Parsed config items:
cert-keypair:	cert/key/ICVSBContent.pem
cert-keypair-pwd:	cert/key/ICVSBContent.pwd
load-verify-scheme:	0
crypto-type:	0
aes-ce-id:	0
aes-enc-key:	cert/key/KCEICV.txt
images-table:	cert/Images.txt
nvcounter-val:	1
cert-pkg:	cert/ICVSBContent.crt
2026-02-15 16:10:05,948 - **** Creating Content Certificate ****
2026-02-15 16:10:05,950 - **** Certificate file (context) creation has been completed successfully ****
2026-02-15 16:10:06,075 - Content Certificate Generation Utility started (Logging to sb_content_cert.log)
2026-02-15 16:10:06,075 - Parsing config file: cert/cfg/ICVSBContent.cfg
2026-02-15 16:10:06,075 - Parsed config items:
cert-keypair:	cert/key/ICVSBContent.pem
cert-keypair-pwd:	cert/key/ICVSBContent.pwd
load-verify-scheme:	0
crypto-type:	0
aes-ce-id:	0
aes-enc-key:	cert/key/KCEICV.txt
images-table:	cert/Images.txt
nvcounter-val:	1
cert-pkg:	cert/ICVSBContent.crt
2026-02-15 16:10:06,075 - **** Creating Content Certificate ****
2026-02-15 16:10:06,077 - **** Certificate file (context) creation has been completed successfully ****
2026-02-15 16:10:06,234 - Content Certificate Generation Utility started (Logging to sb_content_cert.log)
2026-02-15 16:10:06,234 - Parsing config file: cert/cfg/ICVSBContent.cfg
2026-02-15 16:10:06,235 - Parsed config items:
cert-keypair:	cert/key/ICVSBContent.pem
cert-keypair-pwd:	cert/key/ICVSBContent.pwd
load-verify-scheme:	0
crypto-type:	0
aes-ce-id:	0
aes-enc-key:	cert/key/KCEICV.txt
images-table:	cert/Images.txt
nvcounter-val:	1
cert-pkg:	cert/ICVSBContent.crt
2026-02-15 16:10:06,235 - **** Creating Content Certificate ****
2026-02-15 16:10:06,238 - **** Certificate file (context) creation has been completed successfully ****
2026-02-15 16:10:06,363 - Content Certificate Generation Utility started (Logging to sb_content_cert.log)
2026-02-15 16:10:06,364 - Parsing config file: cert/cfg/ICVSBContent.cfg
2026-02-15 16:10:06,364 - Parsed config items:
cert-keypair:	cert/key/ICVSBContent.pem
cert-keypair-pwd:	cert/key/ICVSBContent.pwd
load-verify-scheme:	0
crypto-type:	0
aes-ce-id:	0
aes-enc-key:	cert/key/KCEICV.txt
images-table:	cert/Images.txt
nvcounter-val:	1
cert-pkg:	cert/ICVSBContent.crt
2026-02-15 16:10:06,364 - **** Creating Content Certificate ****
2026-02-15 16:10:06,366 - **** Certificate file (context) creation has been completed successfully ****
2026-02-15 16:10:07,158 - Content Certificate Generation Utility started (Logging to sb_content_cert.log)
2026-02-15 16:10:07,158 - Parsing config file: cert/cfg/ICVSBContent.cfg
2026-02-15 16:10:07,158 - Parsed config items:
cert-keypair:	cert/key/ICVSBContent.pem
cert-keypair-pwd:	cert/key/ICVSBContent.pwd
load-verify-scheme:	0
crypto-type:	0
aes-ce-id:	0
aes-enc-key:	cert/key/KCEICV.txt
images-table:	cert/Images.txt
nvcounter-val:	1
cert-pkg:	cert/ICVSBContent.crt
2026-02-15 16:10:07,158 - **** Creating Content Certificate ****
2026-02-15 16:10:07,161 - **** Certificate file (context) creation has been completed successfully ****
2026-02-15 16:10:07,287 - Content Certificate Generation Utility started (Logging to sb_content_cert.log)
2026-02-15 16:10:07,287 - Parsing config file: cert/cfg/ICVSBContent.cfg
2026-02-15 16:10:07,287 - Parsed config items:
cert-keypair:	cert/key/ICVSBContent.pem
cert-keypair-pwd:	cert/key/ICVSBContent.pwd
load-verify-scheme:	0
crypto-type:	0
aes-ce-id:	0
aes-enc-key:	cert/key/KCEICV.txt
images-table:	cert/Images.txt
nvcounter-val:	1
cert-pkg:	cert/ICVSBContent.crt
2026-02-15 16:10:07,287 - **** Creating Content Certificate ****
2026-02-15 16:10:07,290 - **** Certificate file (context) creation has been completed successfully ****
2026-02-15 17:06:12,773 - Content Certificate Generation Utility started (Logging to sb_content_cert.log)
2026-02-15 17:06:12,773 - Parsing config file: cert/cfg/ICVSBContent.cfg
2026-02-15 17:06:12,773 - Parsed config items:
cert-keypair:	cert/key/ICVSBContent.pem
cert-keypair-pwd:	cert/key/ICVSBContent.pwd
load-verify-scheme:	0
crypto-type:	0
aes-ce-id:	0
aes-enc-key:	cert/key/KCEICV.txt
images-table:	cert/Images.txt
nvcounter-val:	1
cert-pkg:	cert/ICVSBContent.crt
2026-02-15 17:06:12,774 - **** Creating Content Certificate ****
2026-02-15 17:06:12,776 - **** Certificate file (context) creation has been completed successfully ****
2026-02-15 17:06:12,897 - Content Certificate Generation Utility started (Logging to sb_content_cert.log)
2026-02-15 17:06:12,898 - Parsing config file: cert/cfg/ICVSBContent.cfg
2026-02-15 17:06:12,898 - Parsed config items:
cert-keypair:	cert/key/ICVSBContent.pem
cert-keypair-pwd:	cert/key/ICVSBContent.pwd
load-verify-scheme:	0
crypto-type:	0
aes-ce-id:	0
aes-enc-key:	cert/key/KCEICV.txt
images-table:	cert/Images.txt
nvcounter-val:	1
cert-pkg:	cert/ICVSBContent.crt
2026-02-15 17:06:12,898 - **** Creating Content Certificate ****
2026-02-15 17:06:12,900 - **** Certificate file (context) creation has been completed successfully ****
2026-02-15 17:06:13,051 - Content Certificate Generation Utility started (Logging to sb_content_cert.log)
2026-02-15 17:06:13,051 - Parsing config file: cert/cfg/ICVSBContent.cfg
2026-02-15 17:06:13,051 - Parsed config items:
cert-keypair:	cert/key/ICVSBContent.pem
cert-keypair-pwd:	cert/key/ICVSBContent.pwd
load-verify-scheme:	0
crypto-type:	0
aes-ce-id:	0
aes-enc-key:	cert/key/KCEICV.txt
images-table:	cert/Images.txt
nvcounter-val:	1
cert-pkg:	cert/ICVSBContent.crt
2026-02-15 17:06:13,051 - **** Creating Content Certificate ****
2026-02-15 17:06:13,054 - **** Certificate file (context) creation has been completed successfully ****
2026-02-15 17:06:13,176 - Content Certificate Generation Utility started (Logging to sb_content_cert.log)
2026-02-15 17:06:13,176 - Parsing config file: cert/cfg/ICVSBContent.cfg
2026-02-15 17:06:13,177 - Parsed config items:
cert-keypair:	cert/key/ICVSBContent.pem
cert-keypair-pwd:	cert/key/ICVSBContent.pwd
load-verify-scheme:	0
crypto-type:	0
aes-ce-id:	0
aes-enc-key:	cert/key/KCEICV.txt
images-table:	cert/Images.txt
nvcounter-val:	1
cert-pkg:	cert/ICVSBContent.crt
2026-02-15 17:06:13,177 - **** Creating Content Certificate ****
2026-02-15 17:06:13,179 - **** Certificate file (context) creation has been completed successfully ****
2026-02-15 17:06:13,946 - Content Certificate Generation Utility started (Logging to sb_content_cert.log)
2026-02-15 17:06:13,946 - Parsing config file: cert/cfg/ICVSBContent.cfg
2026-02-15 17:06:13,946 - Parsed config items:
cert-keypair:	cert/key/ICVSBContent.pem
cert-keypair-pwd:	cert/key/ICVSBContent.pwd
load-verify-scheme:	0
crypto-type:	0
aes-ce-id:	0
aes-enc-key:	cert/key/KCEICV.txt
images-table:	cert/Images.txt
nvcounter-val:	1
cert-pkg:	cert/ICVSBContent.crt
2026-02-15 17:06:13,946 - **** Creating Content Certificate ****
2026-02-15 17:06:13,949 - **** Certificate file (context) creation has been completed successfully ****
2026-02-15 17:06:14,074 - Content Certificate Generation Utility started (Logging to sb_content_cert.log)
2026-02-15 17:06:14,074 - Parsing config file: cert/cfg/ICVSBContent.cfg
2026-02-15 17:06:14,074 - Parsed config items:
cert-keypair:	cert/key/ICVSBContent.pem
cert-keypair-pwd:	cert/key/ICVSBContent.pwd
load-verify-scheme:	0
crypto-type:	0
aes-ce-id:	0
aes-enc-key:	cert/key/KCEICV.txt
images-table:	cert/Images.txt
nvcounter-val:	1
cert-pkg:	cert/ICVSBContent.crt
2026-02-15 17:06:14,074 - **** Creating Content Certificate ****
2026-02-15 17:06:14,076 - **** Certificate file (context) creation has been completed successfully ****
2026-03-02 11:03:34,436 - Content Certificate Generation Utility started (Logging to sb_content_cert.log)
2026-03-02 11:03:34,437 - Parsing config file: cert/cfg/ICVSBContent.cfg
2026-03-02 11:03:34,437 - Parsed config items:
cert-keypair:	cert/key/ICVSBContent.pem
cert-keypair-pwd:	cert/key/ICVSBContent.pwd
load-verify-scheme:	0
crypto-type:	0
aes-ce-id:	0
aes-enc-key:	cert/key/KCEICV.txt
images-table:	cert/Images.txt
nvcounter-val:	1
cert-pkg:	cert/ICVSBContent.crt
2026-03-02 11:03:34,437 - **** Creating Content Certificate ****
2026-03-02 11:03:34,439 - **** Certificate file (context) creation has been completed successfully ****
2026-03-02 11:03:34,559 - Content Certificate Generation Utility started (Logging to sb_content_cert.log)
2026-03-02 11:03:34,559 - Parsing config file: cert/cfg/ICVSBContent.cfg
2026-03-02 11:03:34,559 - Parsed config items:
cert-keypair:	cert/key/ICVSBContent.pem
cert-keypair-pwd:	cert/key/ICVSBContent.pwd
load-verify-scheme:	0
crypto-type:	0
aes-ce-id:	0
aes-enc-key:	cert/key/KCEICV.txt
images-table:	cert/Images.txt
nvcounter-val:	1
cert-pkg:	cert/ICVSBContent.crt
2026-03-02 11:03:34,560 - **** Creating Content Certificate ****
2026-03-02 11:03:34,564 - **** Certificate file (context) creation has been completed successfully ****
2026-03-02 11:03:34,722 - Content Certificate Generation Utility started (Logging to sb_content_cert.log)
2026-03-02 11:03:34,722 - Parsing config file: cert/cfg/ICVSBContent.cfg
2026-03-02 11:03:34,722 - Parsed config items:
cert-keypair:	cert/key/ICVSBContent.pem
cert-keypair-pwd:	cert/key/ICVSBContent.pwd
load-verify-scheme:	0
crypto-type:	0
aes-ce-id:	0
aes-enc-key:	cert/key/KCEICV.txt
images-table:	cert/Images.txt
nvcounter-val:	1
cert-pkg:	cert/ICVSBContent.crt
2026-03-02 11:03:34,722 - **** Creating Content Certificate ****
2026-03-02 11:03:34,725 - **** Certificate file (context) creation has been completed successfully ****
2026-03-02 11:03:34,846 - Content Certificate Generation Utility started (Logging to sb_content_cert.log)
2026-03-02 11:03:34,846 - Parsing config file: cert/cfg/ICVSBContent.cfg
2026-03-02 11:03:34,847 - Parsed config items:
cert-keypair:	cert/key/ICVSBContent.pem
cert-keypair-pwd:	cert/key/ICVSBContent.pwd
load-verify-scheme:	0
crypto-type:	0
aes-ce-id:	0
aes-enc-key:	cert/key/KCEICV.txt
images-table:	cert/Images.txt
nvcounter-val:	1
cert-pkg:	cert/ICVSBContent.crt
2026-03-02 11:03:34,847 - **** Creating Content Certificate ****
2026-03-02 11:03:34,849 - **** Certificate file (context) creation has been completed successfully ****
2026-03-02 11:03:35,599 - Content Certificate Generation Utility started (Logging to sb_content_cert.log)
2026-03-02 11:03:35,599 - Parsing config file: cert/cfg/ICVSBContent.cfg
2026-03-02 11:03:35,600 - Parsed config items:
cert-keypair:	cert/key/ICVSBContent.pem
cert-keypair-pwd:	cert/key/ICVSBContent.pwd
load-verify-scheme:	0
crypto-type:	0
aes-ce-id:	0
aes-enc-key:	cert/key/KCEICV.txt
images-table:	cert/Images.txt
nvcounter-val:	1
cert-pkg:	cert/ICVSBContent.crt
2026-03-02 11:03:35,600 - **** Creating Content Certificate ****
2026-03-02 11:03:35,602 - **** Certificate file (context) creation has been completed successfully ****
2026-03-02 11:03:35,724 - Content Certificate Generation Utility started (Logging to sb_content_cert.log)
2026-03-02 11:03:35,724 - Parsing config file: cert/cfg/ICVSBContent.cfg
2026-03-02 11:03:35,724 - Parsed config items:
cert-keypair:	cert/key/ICVSBContent.pem
cert-keypair-pwd:	cert/key/ICVSBContent.pwd
load-verify-scheme:	0
crypto-type:	0
aes-ce-id:	0
aes-enc-key:	cert/key/KCEICV.txt
images-table:	cert/Images.txt
nvcounter-val:	1
cert-pkg:	cert/ICVSBContent.crt
2026-03-02 11:03:35,724 - **** Creating Content Certificate ****
2026-03-02 11:03:35,727 - **** Certificate file (context) creation has been completed successfully ****
2026-03-02 11:19:06,173 - Content Certificate Generation Utility started (Logging to sb_content_cert.log)
2026-03-02 11:19:06,173 - Parsing config file: cert/cfg/ICVSBContent.cfg
2026-03-02 11:19:06,173 - Parsed config items:
cert-keypair:	cert/key/ICVSBContent.pem
cert-keypair-pwd:	cert/key/ICVSBContent.pwd
load-verify-scheme:	0
crypto-type:	0
aes-ce-id:	0
aes-enc-key:	cert/key/KCEICV.txt
images-table:	cert/Images.txt
nvcounter-val:	1
cert-pkg:	cert/ICVSBContent.crt
2026-03-02 11:19:06,173 - **** Creating Content Certificate ****
2026-03-02 11:19:06,176 - **** Certificate file (context) creation has been completed successfully ****
2026-03-02 11:19:06,296 - Content Certificate Generation Utility started (Logging to sb_content_cert.log)
2026-03-02 11:19:06,296 - Parsing config file: cert/cfg/ICVSBContent.cfg
2026-03-02 11:19:06,296 - Parsed config items:
cert-keypair:	cert/key/ICVSBContent.pem
cert-keypair-pwd:	cert/key/ICVSBContent.pwd
load-verify-scheme:	0
crypto-type:	0
aes-ce-id:	0
aes-enc-key:	cert/key/KCEICV.txt
images-table:	cert/Images.txt
nvcounter-val:	1
cert-pkg:	cert/ICVSBContent.crt
2026-03-02 11:19:06,296 - **** Creating Content Certificate ****
2026-03-02 11:19:06,299 - **** Certificate file (context) creation has been completed successfully ****
2026-03-02 11:19:06,457 - Content Certificate Generation Utility started (Logging to sb_content_cert.log)
2026-03-02 11:19:06,457 - Parsing config file: cert/cfg/ICVSBContent.cfg
2026-03-02 11:19:06,457 - Parsed config items:
cert-keypair:	cert/key/ICVSBContent.pem
cert-keypair-pwd:	cert/key/ICVSBContent.pwd
load-verify-scheme:	0
crypto-type:	0
aes-ce-id:	0
aes-enc-key:	cert/key/KCEICV.txt
images-table:	cert/Images.txt
nvcounter-val:	1
cert-pkg:	cert/ICVSBContent.crt
2026-03-02 11:19:06,457 - **** Creating Content Certificate ****
2026-03-02 11:19:06,460 - **** Certificate file (context) creation has been completed successfully ****
2026-03-02 11:19:06,581 - Content Certificate Generation Utility started (Logging to sb_content_cert.log)
2026-03-02 11:19:06,582 - Parsing config file: cert/cfg/ICVSBContent.cfg
2026-03-02 11:19:06,582 - Parsed config items:
cert-keypair:	cert/key/ICVSBContent.pem
cert-keypair-pwd:	cert/key/ICVSBContent.pwd
load-verify-scheme:	0
crypto-type:	0
aes-ce-id:	0
aes-enc-key:	cert/key/KCEICV.txt
images-table:	cert/Images.txt
nvcounter-val:	1
cert-pkg:	cert/ICVSBContent.crt
2026-03-02 11:19:06,582 - **** Creating Content Certificate ****
2026-03-02 11:19:06,584 - **** Certificate file (context) creation has been completed successfully ****
2026-03-02 11:19:07,348 - Content Certificate Generation Utility started (Logging to sb_content_cert.log)
2026-03-02 11:19:07,348 - Parsing config file: cert/cfg/ICVSBContent.cfg
2026-03-02 11:19:07,348 - Parsed config items:
cert-keypair:	cert/key/ICVSBContent.pem
cert-keypair-pwd:	cert/key/ICVSBContent.pwd
load-verify-scheme:	0
crypto-type:	0
aes-ce-id:	0
aes-enc-key:	cert/key/KCEICV.txt
images-table:	cert/Images.txt
nvcounter-val:	1
cert-pkg:	cert/ICVSBContent.crt
2026-03-02 11:19:07,348 - **** Creating Content Certificate ****
2026-03-02 11:19:07,351 - **** Certificate file (context) creation has been completed successfully ****
2026-03-02 11:19:07,477 - Content Certificate Generation Utility started (Logging to sb_content_cert.log)
2026-03-02 11:19:07,477 - Parsing config file: cert/cfg/ICVSBContent.cfg
2026-03-02 11:19:07,477 - Parsed config items:
cert-keypair:	cert/key/ICVSBContent.pem
cert-keypair-pwd:	cert/key/ICVSBContent.pwd
load-verify-scheme:	0
crypto-type:	0
aes-ce-id:	0
aes-enc-key:	cert/key/KCEICV.txt
images-table:	cert/Images.txt
nvcounter-val:	1
cert-pkg:	cert/ICVSBContent.crt
2026-03-02 11:19:07,477 - **** Creating Content Certificate ****
2026-03-02 11:19:07,480 - **** Certificate file (context) creation has been completed successfully ****
2026-03-02 14:44:29,041 - Content Certificate Generation Utility started (Logging to sb_content_cert.log)
2026-03-02 14:44:29,041 - Parsing config file: cert/cfg/ICVSBContent.cfg
2026-03-02 14:44:29,041 - Parsed config items:
cert-keypair:	cert/key/ICVSBContent.pem
cert-keypair-pwd:	cert/key/ICVSBContent.pwd
load-verify-scheme:	0
crypto-type:	0
aes-ce-id:	0
aes-enc-key:	cert/key/KCEICV.txt
images-table:	cert/Images.txt
nvcounter-val:	1
cert-pkg:	cert/ICVSBContent.crt
2026-03-02 14:44:29,042 - **** Creating Content Certificate ****
2026-03-02 14:44:29,044 - **** Certificate file (context) creation has been completed successfully ****
2026-03-02 14:44:29,167 - Content Certificate Generation Utility started (Logging to sb_content_cert.log)
2026-03-02 14:44:29,167 - Parsing config file: cert/cfg/ICVSBContent.cfg
2026-03-02 14:44:29,167 - Parsed config items:
cert-keypair:	cert/key/ICVSBContent.pem
cert-keypair-pwd:	cert/key/ICVSBContent.pwd
load-verify-scheme:	0
crypto-type:	0
aes-ce-id:	0
aes-enc-key:	cert/key/KCEICV.txt
images-table:	cert/Images.txt
nvcounter-val:	1
cert-pkg:	cert/ICVSBContent.crt
2026-03-02 14:44:29,167 - **** Creating Content Certificate ****
2026-03-02 14:44:29,170 - **** Certificate file (context) creation has been completed successfully ****
2026-03-02 14:44:29,323 - Content Certificate Generation Utility started (Logging to sb_content_cert.log)
2026-03-02 14:44:29,323 - Parsing config file: cert/cfg/ICVSBContent.cfg
2026-03-02 14:44:29,323 - Parsed config items:
cert-keypair:	cert/key/ICVSBContent.pem
cert-keypair-pwd:	cert/key/ICVSBContent.pwd
load-verify-scheme:	0
crypto-type:	0
aes-ce-id:	0
aes-enc-key:	cert/key/KCEICV.txt
images-table:	cert/Images.txt
nvcounter-val:	1
cert-pkg:	cert/ICVSBContent.crt
2026-03-02 14:44:29,323 - **** Creating Content Certificate ****
2026-03-02 14:44:29,326 - **** Certificate file (context) creation has been completed successfully ****
2026-03-02 14:44:29,454 - Content Certificate Generation Utility started (Logging to sb_content_cert.log)
2026-03-02 14:44:29,454 - Parsing config file: cert/cfg/ICVSBContent.cfg
2026-03-02 14:44:29,455 - Parsed config items:
cert-keypair:	cert/key/ICVSBContent.pem
cert-keypair-pwd:	cert/key/ICVSBContent.pwd
load-verify-scheme:	0
crypto-type:	0
aes-ce-id:	0
aes-enc-key:	cert/key/KCEICV.txt
images-table:	cert/Images.txt
nvcounter-val:	1
cert-pkg:	cert/ICVSBContent.crt
2026-03-02 14:44:29,455 - **** Creating Content Certificate ****
2026-03-02 14:44:29,457 - **** Certificate file (context) creation has been completed successfully ****
2026-03-02 14:44:30,265 - Content Certificate Generation Utility started (Logging to sb_content_cert.log)
2026-03-02 14:44:30,265 - Parsing config file: cert/cfg/ICVSBContent.cfg
2026-03-02 14:44:30,265 - Parsed config items:
cert-keypair:	cert/key/ICVSBContent.pem
cert-keypair-pwd:	cert/key/ICVSBContent.pwd
load-verify-scheme:	0
crypto-type:	0
aes-ce-id:	0
aes-enc-key:	cert/key/KCEICV.txt
images-table:	cert/Images.txt
nvcounter-val:	1
cert-pkg:	cert/ICVSBContent.crt
2026-03-02 14:44:30,265 - **** Creating Content Certificate ****
2026-03-02 14:44:30,268 - **** Certificate file (context) creation has been completed successfully ****
2026-03-02 14:44:30,392 - Content Certificate Generation Utility started (Logging to sb_content_cert.log)
2026-03-02 14:44:30,392 - Parsing config file: cert/cfg/ICVSBContent.cfg
2026-03-02 14:44:30,392 - Parsed config items:
cert-keypair:	cert/key/ICVSBContent.pem
cert-keypair-pwd:	cert/key/ICVSBContent.pwd
load-verify-scheme:	0
crypto-type:	0
aes-ce-id:	0
aes-enc-key:	cert/key/KCEICV.txt
images-table:	cert/Images.txt
nvcounter-val:	1
cert-pkg:	cert/ICVSBContent.crt
2026-03-02 14:44:30,392 - **** Creating Content Certificate ****
2026-03-02 14:44:30,395 - **** Certificate file (context) creation has been completed successfully ****
2026-03-02 14:45:42,228 - Content Certificate Generation Utility started (Logging to sb_content_cert.log)
2026-03-02 14:45:42,228 - Parsing config file: cert/cfg/ICVSBContent.cfg
2026-03-02 14:45:42,228 - Parsed config items:
cert-keypair:	cert/key/ICVSBContent.pem
cert-keypair-pwd:	cert/key/ICVSBContent.pwd
load-verify-scheme:	0
crypto-type:	0
aes-ce-id:	0
aes-enc-key:	cert/key/KCEICV.txt
images-table:	cert/Images.txt
nvcounter-val:	1
cert-pkg:	cert/ICVSBContent.crt
2026-03-02 14:45:42,228 - **** Creating Content Certificate ****
2026-03-02 14:45:42,230 - **** Certificate file (context) creation has been completed successfully ****
2026-03-02 14:45:42,354 - Content Certificate Generation Utility started (Logging to sb_content_cert.log)
2026-03-02 14:45:42,354 - Parsing config file: cert/cfg/ICVSBContent.cfg
2026-03-02 14:45:42,354 - Parsed config items:
cert-keypair:	cert/key/ICVSBContent.pem
cert-keypair-pwd:	cert/key/ICVSBContent.pwd
load-verify-scheme:	0
crypto-type:	0
aes-ce-id:	0
aes-enc-key:	cert/key/KCEICV.txt
images-table:	cert/Images.txt
nvcounter-val:	1
cert-pkg:	cert/ICVSBContent.crt
2026-03-02 14:45:42,354 - **** Creating Content Certificate ****
2026-03-02 14:45:42,356 - **** Certificate file (context) creation has been completed successfully ****
2026-03-02 14:45:42,514 - Content Certificate Generation Utility started (Logging to sb_content_cert.log)
2026-03-02 14:45:42,514 - Parsing config file: cert/cfg/ICVSBContent.cfg
2026-03-02 14:45:42,514 - Parsed config items:
cert-keypair:	cert/key/ICVSBContent.pem
cert-keypair-pwd:	cert/key/ICVSBContent.pwd
load-verify-scheme:	0
crypto-type:	0
aes-ce-id:	0
aes-enc-key:	cert/key/KCEICV.txt
images-table:	cert/Images.txt
nvcounter-val:	1
cert-pkg:	cert/ICVSBContent.crt
2026-03-02 14:45:42,514 - **** Creating Content Certificate ****
2026-03-02 14:45:42,517 - **** Certificate file (context) creation has been completed successfully ****
2026-03-02 14:45:42,639 - Content Certificate Generation Utility started (Logging to sb_content_cert.log)
2026-03-02 14:45:42,639 - Parsing config file: cert/cfg/ICVSBContent.cfg
2026-03-02 14:45:42,639 - Parsed config items:
cert-keypair:	cert/key/ICVSBContent.pem
cert-keypair-pwd:	cert/key/ICVSBContent.pwd
load-verify-scheme:	0
crypto-type:	0
aes-ce-id:	0
aes-enc-key:	cert/key/KCEICV.txt
images-table:	cert/Images.txt
nvcounter-val:	1
cert-pkg:	cert/ICVSBContent.crt
2026-03-02 14:45:42,639 - **** Creating Content Certificate ****
2026-03-02 14:45:42,641 - **** Certificate file (context) creation has been completed successfully ****
2026-03-02 14:45:43,431 - Content Certificate Generation Utility started (Logging to sb_content_cert.log)
2026-03-02 14:45:43,431 - Parsing config file: cert/cfg/ICVSBContent.cfg
2026-03-02 14:45:43,432 - Parsed config items:
cert-keypair:	cert/key/ICVSBContent.pem
cert-keypair-pwd:	cert/key/ICVSBContent.pwd
load-verify-scheme:	0
crypto-type:	0
aes-ce-id:	0
aes-enc-key:	cert/key/KCEICV.txt
images-table:	cert/Images.txt
nvcounter-val:	1
cert-pkg:	cert/ICVSBContent.crt
2026-03-02 14:45:43,432 - **** Creating Content Certificate ****
2026-03-02 14:45:43,434 - **** Certificate file (context) creation has been completed successfully ****
2026-03-02 14:45:43,561 - Content Certificate Generation Utility started (Logging to sb_content_cert.log)
2026-03-02 14:45:43,561 - Parsing config file: cert/cfg/ICVSBContent.cfg
2026-03-02 14:45:43,561 - Parsed config items:
cert-keypair:	cert/key/ICVSBContent.pem
cert-keypair-pwd:	cert/key/ICVSBContent.pwd
load-verify-scheme:	0
crypto-type:	0
aes-ce-id:	0
aes-enc-key:	cert/key/KCEICV.txt
images-table:	cert/Images.txt
nvcounter-val:	1
cert-pkg:	cert/ICVSBContent.crt
2026-03-02 14:45:43,561 - **** Creating Content Certificate ****
2026-03-02 14:45:43,564 - **** Certificate file (context) creation has been completed successfully ****
2026-03-02 14:47:10,389 - Content Certificate Generation Utility started (Logging to sb_content_cert.log)
2026-03-02 14:47:10,390 - Parsing config file: cert/cfg/ICVSBContent.cfg
2026-03-02 14:47:10,390 - Parsed config items:
cert-keypair:	cert/key/ICVSBContent.pem
cert-keypair-pwd:	cert/key/ICVSBContent.pwd
load-verify-scheme:	0
crypto-type:	0
aes-ce-id:	0
aes-enc-key:	cert/key/KCEICV.txt
images-table:	cert/Images.txt
nvcounter-val:	1
cert-pkg:	cert/ICVSBContent.crt
2026-03-02 14:47:10,390 - **** Creating Content Certificate ****
2026-03-02 14:47:10,392 - **** Certificate file (context) creation has been completed successfully ****
2026-03-02 14:47:10,513 - Content Certificate Generation Utility started (Logging to sb_content_cert.log)
2026-03-02 14:47:10,513 - Parsing config file: cert/cfg/ICVSBContent.cfg
2026-03-02 14:47:10,514 - Parsed config items:
cert-keypair:	cert/key/ICVSBContent.pem
cert-keypair-pwd:	cert/key/ICVSBContent.pwd
load-verify-scheme:	0
crypto-type:	0
aes-ce-id:	0
aes-enc-key:	cert/key/KCEICV.txt
images-table:	cert/Images.txt
nvcounter-val:	1
cert-pkg:	cert/ICVSBContent.crt
2026-03-02 14:47:10,514 - **** Creating Content Certificate ****
2026-03-02 14:47:10,516 - **** Certificate file (context) creation has been completed successfully ****
2026-03-02 14:47:10,661 - Content Certificate Generation Utility started (Logging to sb_content_cert.log)
2026-03-02 14:47:10,661 - Parsing config file: cert/cfg/ICVSBContent.cfg
2026-03-02 14:47:10,661 - Parsed config items:
cert-keypair:	cert/key/ICVSBContent.pem
cert-keypair-pwd:	cert/key/ICVSBContent.pwd
load-verify-scheme:	0
crypto-type:	0
aes-ce-id:	0
aes-enc-key:	cert/key/KCEICV.txt
images-table:	cert/Images.txt
nvcounter-val:	1
cert-pkg:	cert/ICVSBContent.crt
2026-03-02 14:47:10,662 - **** Creating Content Certificate ****
2026-03-02 14:47:10,664 - **** Certificate file (context) creation has been completed successfully ****
2026-03-02 14:47:10,786 - Content Certificate Generation Utility started (Logging to sb_content_cert.log)
2026-03-02 14:47:10,786 - Parsing config file: cert/cfg/ICVSBContent.cfg
2026-03-02 14:47:10,786 - Parsed config items:
cert-keypair:	cert/key/ICVSBContent.pem
cert-keypair-pwd:	cert/key/ICVSBContent.pwd
load-verify-scheme:	0
crypto-type:	0
aes-ce-id:	0
aes-enc-key:	cert/key/KCEICV.txt
images-table:	cert/Images.txt
nvcounter-val:	1
cert-pkg:	cert/ICVSBContent.crt
2026-03-02 14:47:10,787 - **** Creating Content Certificate ****
2026-03-02 14:47:10,789 - **** Certificate file (context) creation has been completed successfully ****
2026-03-02 14:47:11,194 - Content Certificate Generation Utility started (Logging to sb_content_cert.log)
2026-03-02 14:47:11,194 - Parsing config file: cert/cfg/ICVSBContent.cfg
2026-03-02 14:47:11,194 - Parsed config items:
cert-keypair:	cert/key/ICVSBContent.pem
cert-keypair-pwd:	cert/key/ICVSBContent.pwd
load-verify-scheme:	0
crypto-type:	0
aes-ce-id:	0
aes-enc-key:	cert/key/KCEICV.txt
images-table:	cert/Images.txt
nvcounter-val:	1
cert-pkg:	cert/ICVSBContent.crt
2026-03-02 14:47:11,194 - **** Creating Content Certificate ****
2026-03-02 14:47:11,197 - **** Certificate file (context) creation has been completed successfully ****
2026-03-02 14:47:11,319 - Content Certificate Generation Utility started (Logging to sb_content_cert.log)
2026-03-02 14:47:11,319 - Parsing config file: cert/cfg/ICVSBContent.cfg
2026-03-02 14:47:11,319 - Parsed config items:
cert-keypair:	cert/key/ICVSBContent.pem
cert-keypair-pwd:	cert/key/ICVSBContent.pwd
load-verify-scheme:	0
crypto-type:	0
aes-ce-id:	0
aes-enc-key:	cert/key/KCEICV.txt
images-table:	cert/Images.txt
nvcounter-val:	1
cert-pkg:	cert/ICVSBContent.crt
2026-03-02 14:47:11,319 - **** Creating Content Certificate ****
2026-03-02 14:47:11,322 - **** Certificate file (context) creation has been completed successfully ****
2026-03-02 21:06:07,827 - Content Certificate Generation Utility started (Logging to sb_content_cert.log)
2026-03-02 21:06:07,827 - Parsing config file: cert/cfg/ICVSBContent.cfg
2026-03-02 21:06:07,827 - Parsed config items:
cert-keypair:	cert/key/ICVSBContent.pem
cert-keypair-pwd:	cert/key/ICVSBContent.pwd
load-verify-scheme:	0
crypto-type:	0
aes-ce-id:	0
aes-enc-key:	cert/key/KCEICV.txt
images-table:	cert/Images.txt
nvcounter-val:	1
cert-pkg:	cert/ICVSBContent.crt
2026-03-02 21:06:07,827 - **** Creating Content Certificate ****
2026-03-02 21:06:07,830 - **** Certificate file (context) creation has been completed successfully ****
2026-03-02 21:06:07,950 - Content Certificate Generation Utility started (Logging to sb_content_cert.log)
2026-03-02 21:06:07,950 - Parsing config file: cert/cfg/ICVSBContent.cfg
2026-03-02 21:06:07,950 - Parsed config items:
cert-keypair:	cert/key/ICVSBContent.pem
cert-keypair-pwd:	cert/key/ICVSBContent.pwd
load-verify-scheme:	0
crypto-type:	0
aes-ce-id:	0
aes-enc-key:	cert/key/KCEICV.txt
images-table:	cert/Images.txt
nvcounter-val:	1
cert-pkg:	cert/ICVSBContent.crt
2026-03-02 21:06:07,950 - **** Creating Content Certificate ****
2026-03-02 21:06:07,952 - **** Certificate file (context) creation has been completed successfully ****
2026-03-02 21:06:08,092 - Content Certificate Generation Utility started (Logging to sb_content_cert.log)
2026-03-02 21:06:08,092 - Parsing config file: cert/cfg/ICVSBContent.cfg
2026-03-02 21:06:08,092 - Parsed config items:
cert-keypair:	cert/key/ICVSBContent.pem
cert-keypair-pwd:	cert/key/ICVSBContent.pwd
load-verify-scheme:	0
crypto-type:	0
aes-ce-id:	0
aes-enc-key:	cert/key/KCEICV.txt
images-table:	cert/Images.txt
nvcounter-val:	1
cert-pkg:	cert/ICVSBContent.crt
2026-03-02 21:06:08,093 - **** Creating Content Certificate ****
2026-03-02 21:06:08,095 - **** Certificate file (context) creation has been completed successfully ****
2026-03-02 21:06:08,217 - Content Certificate Generation Utility started (Logging to sb_content_cert.log)
2026-03-02 21:06:08,218 - Parsing config file: cert/cfg/ICVSBContent.cfg
2026-03-02 21:06:08,218 - Parsed config items:
cert-keypair:	cert/key/ICVSBContent.pem
cert-keypair-pwd:	cert/key/ICVSBContent.pwd
load-verify-scheme:	0
crypto-type:	0
aes-ce-id:	0
aes-enc-key:	cert/key/KCEICV.txt
images-table:	cert/Images.txt
nvcounter-val:	1
cert-pkg:	cert/ICVSBContent.crt
2026-03-02 21:06:08,218 - **** Creating Content Certificate ****
2026-03-02 21:06:08,220 - **** Certificate file (context) creation has been completed successfully ****
2026-03-02 21:06:08,611 - Content Certificate Generation Utility started (Logging to sb_content_cert.log)
2026-03-02 21:06:08,611 - Parsing config file: cert/cfg/ICVSBContent.cfg
2026-03-02 21:06:08,611 - Parsed config items:
cert-keypair:	cert/key/ICVSBContent.pem
cert-keypair-pwd:	cert/key/ICVSBContent.pwd
load-verify-scheme:	0
crypto-type:	0
aes-ce-id:	0
aes-enc-key:	cert/key/KCEICV.txt
images-table:	cert/Images.txt
nvcounter-val:	1
cert-pkg:	cert/ICVSBContent.crt
2026-03-02 21:06:08,611 - **** Creating Content Certificate ****
2026-03-02 21:06:08,614 - **** Certificate file (context) creation has been completed successfully ****
2026-03-02 21:06:08,740 - Content Certificate Generation Utility started (Logging to sb_content_cert.log)
2026-03-02 21:06:08,740 - Parsing config file: cert/cfg/ICVSBContent.cfg
2026-03-02 21:06:08,740 - Parsed config items:
cert-keypair:	cert/key/ICVSBContent.pem
cert-keypair-pwd:	cert/key/ICVSBContent.pwd
load-verify-scheme:	0
crypto-type:	0
aes-ce-id:	0
aes-enc-key:	cert/key/KCEICV.txt
images-table:	cert/Images.txt
nvcounter-val:	1
cert-pkg:	cert/ICVSBContent.crt
2026-03-02 21:06:08,740 - **** Creating Content Certificate ****
2026-03-02 21:06:08,742 - **** Certificate file (context) creation has been completed successfully ****
2026-03-02 21:25:41,892 - Content Certificate Generation Utility started (Logging to sb_content_cert.log)
2026-03-02 21:25:41,892 - Parsing config file: cert/cfg/ICVSBContent.cfg
2026-03-02 21:25:41,892 - Parsed config items:
cert-keypair:	cert/key/ICVSBContent.pem
cert-keypair-pwd:	cert/key/ICVSBContent.pwd
load-verify-scheme:	0
crypto-type:	0
aes-ce-id:	0
aes-enc-key:	cert/key/KCEICV.txt
images-table:	cert/Images.txt
nvcounter-val:	1
cert-pkg:	cert/ICVSBContent.crt
2026-03-02 21:25:41,892 - **** Creating Content Certificate ****
2026-03-02 21:25:41,895 - **** Certificate file (context) creation has been completed successfully ****
2026-03-02 21:25:42,015 - Content Certificate Generation Utility started (Logging to sb_content_cert.log)
2026-03-02 21:25:42,015 - Parsing config file: cert/cfg/ICVSBContent.cfg
2026-03-02 21:25:42,015 - Parsed config items:
cert-keypair:	cert/key/ICVSBContent.pem
cert-keypair-pwd:	cert/key/ICVSBContent.pwd
load-verify-scheme:	0
crypto-type:	0
aes-ce-id:	0
aes-enc-key:	cert/key/KCEICV.txt
images-table:	cert/Images.txt
nvcounter-val:	1
cert-pkg:	cert/ICVSBContent.crt
2026-03-02 21:25:42,015 - **** Creating Content Certificate ****
2026-03-02 21:25:42,018 - **** Certificate file (context) creation has been completed successfully ****
2026-03-02 21:25:42,159 - Content Certificate Generation Utility started (Logging to sb_content_cert.log)
2026-03-02 21:25:42,159 - Parsing config file: cert/cfg/ICVSBContent.cfg
2026-03-02 21:25:42,159 - Parsed config items:
cert-keypair:	cert/key/ICVSBContent.pem
cert-keypair-pwd:	cert/key/ICVSBContent.pwd
load-verify-scheme:	0
crypto-type:	0
aes-ce-id:	0
aes-enc-key:	cert/key/KCEICV.txt
images-table:	cert/Images.txt
nvcounter-val:	1
cert-pkg:	cert/ICVSBContent.crt
2026-03-02 21:25:42,159 - **** Creating Content Certificate ****
2026-03-02 21:25:42,162 - **** Certificate file (context) creation has been completed successfully ****
2026-03-02 21:25:42,283 - Content Certificate Generation Utility started (Logging to sb_content_cert.log)
2026-03-02 21:25:42,283 - Parsing config file: cert/cfg/ICVSBContent.cfg
2026-03-02 21:25:42,283 - Parsed config items:
cert-keypair:	cert/key/ICVSBContent.pem
cert-keypair-pwd:	cert/key/ICVSBContent.pwd
load-verify-scheme:	0
crypto-type:	0
aes-ce-id:	0
aes-enc-key:	cert/key/KCEICV.txt
images-table:	cert/Images.txt
nvcounter-val:	1
cert-pkg:	cert/ICVSBContent.crt
2026-03-02 21:25:42,283 - **** Creating Content Certificate ****
2026-03-02 21:25:42,286 - **** Certificate file (context) creation has been completed successfully ****
2026-03-02 21:25:42,674 - Content Certificate Generation Utility started (Logging to sb_content_cert.log)
2026-03-02 21:25:42,674 - Parsing config file: cert/cfg/ICVSBContent.cfg
2026-03-02 21:25:42,674 - Parsed config items:
cert-keypair:	cert/key/ICVSBContent.pem
cert-keypair-pwd:	cert/key/ICVSBContent.pwd
load-verify-scheme:	0
crypto-type:	0
aes-ce-id:	0
aes-enc-key:	cert/key/KCEICV.txt
images-table:	cert/Images.txt
nvcounter-val:	1
cert-pkg:	cert/ICVSBContent.crt
2026-03-02 21:25:42,674 - **** Creating Content Certificate ****
2026-03-02 21:25:42,677 - **** Certificate file (context) creation has been completed successfully ****
2026-03-02 21:25:42,803 - Content Certificate Generation Utility started (Logging to sb_content_cert.log)
2026-03-02 21:25:42,803 - Parsing config file: cert/cfg/ICVSBContent.cfg
2026-03-02 21:25:42,804 - Parsed config items:
cert-keypair:	cert/key/ICVSBContent.pem
cert-keypair-pwd:	cert/key/ICVSBContent.pwd
load-verify-scheme:	0
crypto-type:	0
aes-ce-id:	0
aes-enc-key:	cert/key/KCEICV.txt
images-table:	cert/Images.txt
nvcounter-val:	1
cert-pkg:	cert/ICVSBContent.crt
2026-03-02 21:25:42,804 - **** Creating Content Certificate ****
2026-03-02 21:25:42,806 - **** Certificate file (context) creation has been completed successfully ****
2026-03-02 21:33:43,763 - Content Certificate Generation Utility started (Logging to sb_content_cert.log)
2026-03-02 21:33:43,763 - Parsing config file: cert/cfg/ICVSBContent.cfg
2026-03-02 21:33:43,763 - Parsed config items:
cert-keypair:	cert/key/ICVSBContent.pem
cert-keypair-pwd:	cert/key/ICVSBContent.pwd
load-verify-scheme:	0
crypto-type:	0
aes-ce-id:	0
aes-enc-key:	cert/key/KCEICV.txt
images-table:	cert/Images.txt
nvcounter-val:	1
cert-pkg:	cert/ICVSBContent.crt
2026-03-02 21:33:43,763 - **** Creating Content Certificate ****
2026-03-02 21:33:43,766 - **** Certificate file (context) creation has been completed successfully ****
2026-03-02 21:33:43,890 - Content Certificate Generation Utility started (Logging to sb_content_cert.log)
2026-03-02 21:33:43,890 - Parsing config file: cert/cfg/ICVSBContent.cfg
2026-03-02 21:33:43,890 - Parsed config items:
cert-keypair:	cert/key/ICVSBContent.pem
cert-keypair-pwd:	cert/key/ICVSBContent.pwd
load-verify-scheme:	0
crypto-type:	0
aes-ce-id:	0
aes-enc-key:	cert/key/KCEICV.txt
images-table:	cert/Images.txt
nvcounter-val:	1
cert-pkg:	cert/ICVSBContent.crt
2026-03-02 21:33:43,890 - **** Creating Content Certificate ****
2026-03-02 21:33:43,893 - **** Certificate file (context) creation has been completed successfully ****
2026-03-02 21:33:44,037 - Content Certificate Generation Utility started (Logging to sb_content_cert.log)
2026-03-02 21:33:44,037 - Parsing config file: cert/cfg/ICVSBContent.cfg
2026-03-02 21:33:44,038 - Parsed config items:
cert-keypair:	cert/key/ICVSBContent.pem
cert-keypair-pwd:	cert/key/ICVSBContent.pwd
load-verify-scheme:	0
crypto-type:	0
aes-ce-id:	0
aes-enc-key:	cert/key/KCEICV.txt
images-table:	cert/Images.txt
nvcounter-val:	1
cert-pkg:	cert/ICVSBContent.crt
2026-03-02 21:33:44,038 - **** Creating Content Certificate ****
2026-03-02 21:33:44,040 - **** Certificate file (context) creation has been completed successfully ****
2026-03-02 21:33:44,163 - Content Certificate Generation Utility started (Logging to sb_content_cert.log)
2026-03-02 21:33:44,163 - Parsing config file: cert/cfg/ICVSBContent.cfg
2026-03-02 21:33:44,164 - Parsed config items:
cert-keypair:	cert/key/ICVSBContent.pem
cert-keypair-pwd:	cert/key/ICVSBContent.pwd
load-verify-scheme:	0
crypto-type:	0
aes-ce-id:	0
aes-enc-key:	cert/key/KCEICV.txt
images-table:	cert/Images.txt
nvcounter-val:	1
cert-pkg:	cert/ICVSBContent.crt
2026-03-02 21:33:44,164 - **** Creating Content Certificate ****
2026-03-02 21:33:44,168 - **** Certificate file (context) creation has been completed successfully ****
2026-03-02 21:33:44,588 - Content Certificate Generation Utility started (Logging to sb_content_cert.log)
2026-03-02 21:33:44,588 - Parsing config file: cert/cfg/ICVSBContent.cfg
2026-03-02 21:33:44,588 - Parsed config items:
cert-keypair:	cert/key/ICVSBContent.pem
cert-keypair-pwd:	cert/key/ICVSBContent.pwd
load-verify-scheme:	0
crypto-type:	0
aes-ce-id:	0
aes-enc-key:	cert/key/KCEICV.txt
images-table:	cert/Images.txt
nvcounter-val:	1
cert-pkg:	cert/ICVSBContent.crt
2026-03-02 21:33:44,589 - **** Creating Content Certificate ****
2026-03-02 21:33:44,591 - **** Certificate file (context) creation has been completed successfully ****
2026-03-02 21:33:44,719 - Content Certificate Generation Utility started (Logging to sb_content_cert.log)
2026-03-02 21:33:44,719 - Parsing config file: cert/cfg/ICVSBContent.cfg
2026-03-02 21:33:44,720 - Parsed config items:
cert-keypair:	cert/key/ICVSBContent.pem
cert-keypair-pwd:	cert/key/ICVSBContent.pwd
load-verify-scheme:	0
crypto-type:	0
aes-ce-id:	0
aes-enc-key:	cert/key/KCEICV.txt
images-table:	cert/Images.txt
nvcounter-val:	1
cert-pkg:	cert/ICVSBContent.crt
2026-03-02 21:33:44,720 - **** Creating Content Certificate ****
2026-03-02 21:33:44,722 - **** Certificate file (context) creation has been completed successfully ****
2026-03-02 21:33:48,603 - Content Certificate Generation Utility started (Logging to sb_content_cert.log)
2026-03-02 21:33:48,604 - Parsing config file: cert/cfg/ICVSBContent.cfg
2026-03-02 21:33:48,604 - Parsed config items:
cert-keypair:	cert/key/ICVSBContent.pem
cert-keypair-pwd:	cert/key/ICVSBContent.pwd
load-verify-scheme:	0
crypto-type:	0
aes-ce-id:	0
aes-enc-key:	cert/key/KCEICV.txt
images-table:	cert/Images.txt
nvcounter-val:	1
cert-pkg:	cert/ICVSBContent.crt
2026-03-02 21:33:48,605 - **** Creating Content Certificate ****
2026-03-02 21:33:48,608 - **** Certificate file (context) creation has been completed successfully ****
2026-03-02 21:33:48,731 - Content Certificate Generation Utility started (Logging to sb_content_cert.log)
2026-03-02 21:33:48,731 - Parsing config file: cert/cfg/ICVSBContent.cfg
2026-03-02 21:33:48,731 - Parsed config items:
cert-keypair:	cert/key/ICVSBContent.pem
cert-keypair-pwd:	cert/key/ICVSBContent.pwd
load-verify-scheme:	0
crypto-type:	0
aes-ce-id:	0
aes-enc-key:	cert/key/KCEICV.txt
images-table:	cert/Images.txt
nvcounter-val:	1
cert-pkg:	cert/ICVSBContent.crt
2026-03-02 21:33:48,731 - **** Creating Content Certificate ****
2026-03-02 21:33:48,734 - **** Certificate file (context) creation has been completed successfully ****
2026-03-02 21:33:48,876 - Content Certificate Generation Utility started (Logging to sb_content_cert.log)
2026-03-02 21:33:48,876 - Parsing config file: cert/cfg/ICVSBContent.cfg
2026-03-02 21:33:48,876 - Parsed config items:
cert-keypair:	cert/key/ICVSBContent.pem
cert-keypair-pwd:	cert/key/ICVSBContent.pwd
load-verify-scheme:	0
crypto-type:	0
aes-ce-id:	0
aes-enc-key:	cert/key/KCEICV.txt
images-table:	cert/Images.txt
nvcounter-val:	1
cert-pkg:	cert/ICVSBContent.crt
2026-03-02 21:33:48,876 - **** Creating Content Certificate ****
2026-03-02 21:33:48,879 - **** Certificate file (context) creation has been completed successfully ****
2026-03-02 21:33:49,000 - Content Certificate Generation Utility started (Logging to sb_content_cert.log)
2026-03-02 21:33:49,000 - Parsing config file: cert/cfg/ICVSBContent.cfg
2026-03-02 21:33:49,000 - Parsed config items:
cert-keypair:	cert/key/ICVSBContent.pem
cert-keypair-pwd:	cert/key/ICVSBContent.pwd
load-verify-scheme:	0
crypto-type:	0
aes-ce-id:	0
aes-enc-key:	cert/key/KCEICV.txt
images-table:	cert/Images.txt
nvcounter-val:	1
cert-pkg:	cert/ICVSBContent.crt
2026-03-02 21:33:49,000 - **** Creating Content Certificate ****
2026-03-02 21:33:49,002 - **** Certificate file (context) creation has been completed successfully ****
2026-03-02 21:33:49,421 - Content Certificate Generation Utility started (Logging to sb_content_cert.log)
2026-03-02 21:33:49,422 - Parsing config file: cert/cfg/ICVSBContent.cfg
2026-03-02 21:33:49,422 - Parsed config items:
cert-keypair:	cert/key/ICVSBContent.pem
cert-keypair-pwd:	cert/key/ICVSBContent.pwd
load-verify-scheme:	0
crypto-type:	0
aes-ce-id:	0
aes-enc-key:	cert/key/KCEICV.txt
images-table:	cert/Images.txt
nvcounter-val:	1
cert-pkg:	cert/ICVSBContent.crt
2026-03-02 21:33:49,422 - **** Creating Content Certificate ****
2026-03-02 21:33:49,424 - **** Certificate file (context) creation has been completed successfully ****
2026-03-02 21:33:49,551 - Content Certificate Generation Utility started (Logging to sb_content_cert.log)
2026-03-02 21:33:49,551 - Parsing config file: cert/cfg/ICVSBContent.cfg
2026-03-02 21:33:49,551 - Parsed config items:
cert-keypair:	cert/key/ICVSBContent.pem
cert-keypair-pwd:	cert/key/ICVSBContent.pwd
load-verify-scheme:	0
crypto-type:	0
aes-ce-id:	0
aes-enc-key:	cert/key/KCEICV.txt
images-table:	cert/Images.txt
nvcounter-val:	1
cert-pkg:	cert/ICVSBContent.crt
2026-03-02 21:33:49,552 - **** Creating Content Certificate ****
2026-03-02 21:33:49,554 - **** Certificate file (context) creation has been completed successfully ****
2026-03-03 10:45:47,317 - Content Certificate Generation Utility started (Logging to sb_content_cert.log)
2026-03-03 10:45:47,317 - Parsing config file: cert/cfg/ICVSBContent.cfg
2026-03-03 10:45:47,317 - Parsed config items:
cert-keypair:	cert/key/ICVSBContent.pem
cert-keypair-pwd:	cert/key/ICVSBContent.pwd
load-verify-scheme:	0
crypto-type:	0
aes-ce-id:	0
aes-enc-key:	cert/key/KCEICV.txt
images-table:	cert/Images.txt
nvcounter-val:	1
cert-pkg:	cert/ICVSBContent.crt
2026-03-03 10:45:47,317 - **** Creating Content Certificate ****
2026-03-03 10:45:47,320 - **** Certificate file (context) creation has been completed successfully ****
2026-03-03 10:45:47,441 - Content Certificate Generation Utility started (Logging to sb_content_cert.log)
2026-03-03 10:45:47,441 - Parsing config file: cert/cfg/ICVSBContent.cfg
2026-03-03 10:45:47,441 - Parsed config items:
cert-keypair:	cert/key/ICVSBContent.pem
cert-keypair-pwd:	cert/key/ICVSBContent.pwd
load-verify-scheme:	0
crypto-type:	0
aes-ce-id:	0
aes-enc-key:	cert/key/KCEICV.txt
images-table:	cert/Images.txt
nvcounter-val:	1
cert-pkg:	cert/ICVSBContent.crt
2026-03-03 10:45:47,441 - **** Creating Content Certificate ****
2026-03-03 10:45:47,444 - **** Certificate file (context) creation has been completed successfully ****
2026-03-03 10:45:47,585 - Content Certificate Generation Utility started (Logging to sb_content_cert.log)
2026-03-03 10:45:47,585 - Parsing config file: cert/cfg/ICVSBContent.cfg
2026-03-03 10:45:47,585 - Parsed config items:
cert-keypair:	cert/key/ICVSBContent.pem
cert-keypair-pwd:	cert/key/ICVSBContent.pwd
load-verify-scheme:	0
crypto-type:	0
aes-ce-id:	0
aes-enc-key:	cert/key/KCEICV.txt
images-table:	cert/Images.txt
nvcounter-val:	1
cert-pkg:	cert/ICVSBContent.crt
2026-03-03 10:45:47,585 - **** Creating Content Certificate ****
2026-03-03 10:45:47,588 - **** Certificate file (context) creation has been completed successfully ****
2026-03-03 10:45:47,709 - Content Certificate Generation Utility started (Logging to sb_content_cert.log)
2026-03-03 10:45:47,709 - Parsing config file: cert/cfg/ICVSBContent.cfg
2026-03-03 10:45:47,709 - Parsed config items:
cert-keypair:	cert/key/ICVSBContent.pem
cert-keypair-pwd:	cert/key/ICVSBContent.pwd
load-verify-scheme:	0
crypto-type:	0
aes-ce-id:	0
aes-enc-key:	cert/key/KCEICV.txt
images-table:	cert/Images.txt
nvcounter-val:	1
cert-pkg:	cert/ICVSBContent.crt
2026-03-03 10:45:47,709 - **** Creating Content Certificate ****
2026-03-03 10:45:47,711 - **** Certificate file (context) creation has been completed successfully ****
2026-03-03 10:45:48,116 - Content Certificate Generation Utility started (Logging to sb_content_cert.log)
2026-03-03 10:45:48,116 - Parsing config file: cert/cfg/ICVSBContent.cfg
2026-03-03 10:45:48,117 - Parsed config items:
cert-keypair:	cert/key/ICVSBContent.pem
cert-keypair-pwd:	cert/key/ICVSBContent.pwd
load-verify-scheme:	0
crypto-type:	0
aes-ce-id:	0
aes-enc-key:	cert/key/KCEICV.txt
images-table:	cert/Images.txt
nvcounter-val:	1
cert-pkg:	cert/ICVSBContent.crt
2026-03-03 10:45:48,117 - **** Creating Content Certificate ****
2026-03-03 10:45:48,119 - **** Certificate file (context) creation has been completed successfully ****
2026-03-03 10:45:48,247 - Content Certificate Generation Utility started (Logging to sb_content_cert.log)
2026-03-03 10:45:48,247 - Parsing config file: cert/cfg/ICVSBContent.cfg
2026-03-03 10:45:48,247 - Parsed config items:
cert-keypair:	cert/key/ICVSBContent.pem
cert-keypair-pwd:	cert/key/ICVSBContent.pwd
load-verify-scheme:	0
crypto-type:	0
aes-ce-id:	0
aes-enc-key:	cert/key/KCEICV.txt
images-table:	cert/Images.txt
nvcounter-val:	1
cert-pkg:	cert/ICVSBContent.crt
2026-03-03 10:45:48,247 - **** Creating Content Certificate ****
2026-03-03 10:45:48,249 - **** Certificate file (context) creation has been completed successfully ****
2026-03-03 10:51:45,225 - Content Certificate Generation Utility started (Logging to sb_content_cert.log)
2026-03-03 10:51:45,225 - Parsing config file: cert/cfg/ICVSBContent.cfg
2026-03-03 10:51:45,226 - Parsed config items:
cert-keypair:	cert/key/ICVSBContent.pem
cert-keypair-pwd:	cert/key/ICVSBContent.pwd
load-verify-scheme:	0
crypto-type:	0
aes-ce-id:	0
aes-enc-key:	cert/key/KCEICV.txt
images-table:	cert/Images.txt
nvcounter-val:	1
cert-pkg:	cert/ICVSBContent.crt
2026-03-03 10:51:45,226 - **** Creating Content Certificate ****
2026-03-03 10:51:45,228 - **** Certificate file (context) creation has been completed successfully ****
2026-03-03 10:51:45,353 - Content Certificate Generation Utility started (Logging to sb_content_cert.log)
2026-03-03 10:51:45,353 - Parsing config file: cert/cfg/ICVSBContent.cfg
2026-03-03 10:51:45,353 - Parsed config items:
cert-keypair:	cert/key/ICVSBContent.pem
cert-keypair-pwd:	cert/key/ICVSBContent.pwd
load-verify-scheme:	0
crypto-type:	0
aes-ce-id:	0
aes-enc-key:	cert/key/KCEICV.txt
images-table:	cert/Images.txt
nvcounter-val:	1
cert-pkg:	cert/ICVSBContent.crt
2026-03-03 10:51:45,353 - **** Creating Content Certificate ****
2026-03-03 10:51:45,355 - **** Certificate file (context) creation has been completed successfully ****
2026-03-03 10:51:45,511 - Content Certificate Generation Utility started (Logging to sb_content_cert.log)
2026-03-03 10:51:45,511 - Parsing config file: cert/cfg/ICVSBContent.cfg
2026-03-03 10:51:45,511 - Parsed config items:
cert-keypair:	cert/key/ICVSBContent.pem
cert-keypair-pwd:	cert/key/ICVSBContent.pwd
load-verify-scheme:	0
crypto-type:	0
aes-ce-id:	0
aes-enc-key:	cert/key/KCEICV.txt
images-table:	cert/Images.txt
nvcounter-val:	1
cert-pkg:	cert/ICVSBContent.crt
2026-03-03 10:51:45,511 - **** Creating Content Certificate ****
2026-03-03 10:51:45,514 - **** Certificate file (context) creation has been completed successfully ****
2026-03-03 10:51:45,642 - Content Certificate Generation Utility started (Logging to sb_content_cert.log)
2026-03-03 10:51:45,642 - Parsing config file: cert/cfg/ICVSBContent.cfg
2026-03-03 10:51:45,642 - Parsed config items:
cert-keypair:	cert/key/ICVSBContent.pem
cert-keypair-pwd:	cert/key/ICVSBContent.pwd
load-verify-scheme:	0
crypto-type:	0
aes-ce-id:	0
aes-enc-key:	cert/key/KCEICV.txt
images-table:	cert/Images.txt
nvcounter-val:	1
cert-pkg:	cert/ICVSBContent.crt
2026-03-03 10:51:45,642 - **** Creating Content Certificate ****
2026-03-03 10:51:45,645 - **** Certificate file (context) creation has been completed successfully ****
2026-03-03 10:51:46,458 - Content Certificate Generation Utility started (Logging to sb_content_cert.log)
2026-03-03 10:51:46,458 - Parsing config file: cert/cfg/ICVSBContent.cfg
2026-03-03 10:51:46,458 - Parsed config items:
cert-keypair:	cert/key/ICVSBContent.pem
cert-keypair-pwd:	cert/key/ICVSBContent.pwd
load-verify-scheme:	0
crypto-type:	0
aes-ce-id:	0
aes-enc-key:	cert/key/KCEICV.txt
images-table:	cert/Images.txt
nvcounter-val:	1
cert-pkg:	cert/ICVSBContent.crt
2026-03-03 10:51:46,458 - **** Creating Content Certificate ****
2026-03-03 10:51:46,460 - **** Certificate file (context) creation has been completed successfully ****
2026-03-03 10:51:46,591 - Content Certificate Generation Utility started (Logging to sb_content_cert.log)
2026-03-03 10:51:46,591 - Parsing config file: cert/cfg/ICVSBContent.cfg
2026-03-03 10:51:46,591 - Parsed config items:
cert-keypair:	cert/key/ICVSBContent.pem
cert-keypair-pwd:	cert/key/ICVSBContent.pwd
load-verify-scheme:	0
crypto-type:	0
aes-ce-id:	0
aes-enc-key:	cert/key/KCEICV.txt
images-table:	cert/Images.txt
nvcounter-val:	1
cert-pkg:	cert/ICVSBContent.crt
2026-03-03 10:51:46,591 - **** Creating Content Certificate ****
2026-03-03 10:51:46,594 - **** Certificate file (context) creation has been completed successfully ****
2026-07-04 19:34:47,995 - Content Certificate Generation Utility started (Logging to sb_content_cert.log)
2026-07-04 19:34:47,995 - Parsing config file: cert/cfg/ICVSBContent.cfg
2026-07-04 19:34:47,996 - Parsed config items:
cert-keypair:	cert/key/ICVSBContent.pem
cert-keypair-pwd:	cert/key/ICVSBContent.pwd
load-verify-scheme:	0
crypto-type:	0
aes-ce-id:	0
aes-enc-key:	cert/key/KCEICV.txt
images-table:	cert/Images.txt
nvcounter-val:	1
cert-pkg:	cert/ICVSBContent.crt
2026-07-04 19:34:47,996 - **** Creating Content Certificate ****
2026-07-04 19:34:47,998 - **** Certificate file (context) creation has been completed successfully ****
2026-07-04 19:34:48,123 - Content Certificate Generation Utility started (Logging to sb_content_cert.log)
2026-07-04 19:34:48,123 - Parsing config file: cert/cfg/ICVSBContent.cfg
2026-07-04 19:34:48,123 - Parsed config items:
cert-keypair:	cert/key/ICVSBContent.pem
cert-keypair-pwd:	cert/key/ICVSBContent.pwd
load-verify-scheme:	0
crypto-type:	0
aes-ce-id:	0
aes-enc-key:	cert/key/KCEICV.txt
images-table:	cert/Images.txt
nvcounter-val:	1
cert-pkg:	cert/ICVSBContent.crt
2026-07-04 19:34:48,123 - **** Creating Content Certificate ****
2026-07-04 19:34:48,125 - **** Certificate file (context) creation has been completed successfully ****
2026-07-04 19:34:48,270 - Content Certificate Generation Utility started (Logging to sb_content_cert.log)
2026-07-04 19:34:48,270 - Parsing config file: cert/cfg/ICVSBContent.cfg
2026-07-04 19:34:48,270 - Parsed config items:
cert-keypair:	cert/key/ICVSBContent.pem
cert-keypair-pwd:	cert/key/ICVSBContent.pwd
load-verify-scheme:	0
crypto-type:	0
aes-ce-id:	0
aes-enc-key:	cert/key/KCEICV.txt
images-table:	cert/Images.txt
nvcounter-val:	1
cert-pkg:	cert/ICVSBContent.crt
2026-07-04 19:34:48,270 - **** Creating Content Certificate ****
2026-07-04 19:34:48,273 - **** Certificate file (context) creation has been completed successfully ****
2026-07-04 19:34:48,405 - Content Certificate Generation Utility started (Logging to sb_content_cert.log)
2026-07-04 19:34:48,405 - Parsing config file: cert/cfg/ICVSBContent.cfg
2026-07-04 19:34:48,405 - Parsed config items:
cert-keypair:	cert/key/ICVSBContent.pem
cert-keypair-pwd:	cert/key/ICVSBContent.pwd
load-verify-scheme:	0
crypto-type:	0
aes-ce-id:	0
aes-enc-key:	cert/key/KCEICV.txt
images-table:	cert/Images.txt
nvcounter-val:	1
cert-pkg:	cert/ICVSBContent.crt
2026-07-04 19:34:48,405 - **** Creating Content Certificate ****
2026-07-04 19:34:48,408 - **** Certificate file (context) creation has been completed successfully ****
2026-07-04 19:34:49,136 - Content Certificate Generation Utility started (Logging to sb_content_cert.log)
2026-07-04 19:34:49,137 - Parsing config file: cert/cfg/ICVSBContent.cfg
2026-07-04 19:34:49,137 - Parsed config items:
cert-keypair:	cert/key/ICVSBContent.pem
cert-keypair-pwd:	cert/key/ICVSBContent.pwd
load-verify-scheme:	0
crypto-type:	0
aes-ce-id:	0
aes-enc-key:	cert/key/KCEICV.txt
images-table:	cert/Images.txt
nvcounter-val:	1
cert-pkg:	cert/ICVSBContent.crt
2026-07-04 19:34:49,137 - **** Creating Content Certificate ****
2026-07-04 19:34:49,139 - **** Certificate file (context) creation has been completed successfully ****
2026-07-04 19:34:49,275 - Content Certificate Generation Utility started (Logging to sb_content_cert.log)
2026-07-04 19:34:49,275 - Parsing config file: cert/cfg/ICVSBContent.cfg
2026-07-04 19:34:49,276 - Parsed config items:
cert-keypair:	cert/key/ICVSBContent.pem
cert-keypair-pwd:	cert/key/ICVSBContent.pwd
load-verify-scheme:	0
crypto-type:	0
aes-ce-id:	0
aes-enc-key:	cert/key/KCEICV.txt
images-table:	cert/Images.txt
nvcounter-val:	1
cert-pkg:	cert/ICVSBContent.crt
2026-07-04 19:34:49,276 - **** Creating Content Certificate ****
2026-07-04 19:34:49,278 - **** Certificate file (context) creation has been completed successfully ****
2026-07-04 19:34:55,273 - Content Certificate Generation Utility started (Logging to sb_content_cert.log)
2026-07-04 19:34:55,273 - Parsing config file: cert/cfg/ICVSBContent.cfg
2026-07-04 19:34:55,273 - Parsed config items:
cert-keypair:	cert/key/ICVSBContent.pem
cert-keypair-pwd:	cert/key/ICVSBContent.pwd
load-verify-scheme:	0
crypto-type:	0
aes-ce-id:	0
aes-enc-key:	cert/key/KCEICV.txt
images-table:	cert/Images.txt
nvcounter-val:	1
cert-pkg:	cert/ICVSBContent.crt
2026-07-04 19:34:55,273 - **** Creating Content Certificate ****
2026-07-04 19:34:55,275 - **** Certificate file (context) creation has been completed successfully ****
2026-07-04 19:34:55,399 - Content Certificate Generation Utility started (Logging to sb_content_cert.log)
2026-07-04 19:34:55,400 - Parsing config file: cert/cfg/ICVSBContent.cfg
2026-07-04 19:34:55,400 - Parsed config items:
cert-keypair:	cert/key/ICVSBContent.pem
cert-keypair-pwd:	cert/key/ICVSBContent.pwd
load-verify-scheme:	0
crypto-type:	0
aes-ce-id:	0
aes-enc-key:	cert/key/KCEICV.txt
images-table:	cert/Images.txt
nvcounter-val:	1
cert-pkg:	cert/ICVSBContent.crt
2026-07-04 19:34:55,400 - **** Creating Content Certificate ****
2026-07-04 19:34:55,402 - **** Certificate file (context) creation has been completed successfully ****
2026-07-04 19:34:55,550 - Content Certificate Generation Utility started (Logging to sb_content_cert.log)
2026-07-04 19:34:55,550 - Parsing config file: cert/cfg/ICVSBContent.cfg
2026-07-04 19:34:55,550 - Parsed config items:
cert-keypair:	cert/key/ICVSBContent.pem
cert-keypair-pwd:	cert/key/ICVSBContent.pwd
load-verify-scheme:	0
crypto-type:	0
aes-ce-id:	0
aes-enc-key:	cert/key/KCEICV.txt
images-table:	cert/Images.txt
nvcounter-val:	1
cert-pkg:	cert/ICVSBContent.crt
2026-07-04 19:34:55,550 - **** Creating Content Certificate ****
2026-07-04 19:34:55,553 - **** Certificate file (context) creation has been completed successfully ****
2026-07-04 19:34:55,679 - Content Certificate Generation Utility started (Logging to sb_content_cert.log)
2026-07-04 19:34:55,679 - Parsing config file: cert/cfg/ICVSBContent.cfg
2026-07-04 19:34:55,679 - Parsed config items:
cert-keypair:	cert/key/ICVSBContent.pem
cert-keypair-pwd:	cert/key/ICVSBContent.pwd
load-verify-scheme:	0
crypto-type:	0
aes-ce-id:	0
aes-enc-key:	cert/key/KCEICV.txt
images-table:	cert/Images.txt
nvcounter-val:	1
cert-pkg:	cert/ICVSBContent.crt
2026-07-04 19:34:55,679 - **** Creating Content Certificate ****
2026-07-04 19:34:55,681 - **** Certificate file (context) creation has been completed successfully ****
2026-07-04 19:34:56,349 - Content Certificate Generation Utility started (Logging to sb_content_cert.log)
2026-07-04 19:34:56,349 - Parsing config file: cert/cfg/ICVSBContent.cfg
2026-07-04 19:34:56,349 - Parsed config items:
cert-keypair:	cert/key/ICVSBContent.pem
cert-keypair-pwd:	cert/key/ICVSBContent.pwd
load-verify-scheme:	0
crypto-type:	0
aes-ce-id:	0
aes-enc-key:	cert/key/KCEICV.txt
images-table:	cert/Images.txt
nvcounter-val:	1
cert-pkg:	cert/ICVSBContent.crt
2026-07-04 19:34:56,349 - **** Creating Content Certificate ****
2026-07-04 19:34:56,351 - **** Certificate file (context) creation has been completed successfully ****
2026-07-04 19:34:56,478 - Content Certificate Generation Utility started (Logging to sb_content_cert.log)
2026-07-04 19:34:56,478 - Parsing config file: cert/cfg/ICVSBContent.cfg
2026-07-04 19:34:56,478 - Parsed config items:
cert-keypair:	cert/key/ICVSBContent.pem
cert-keypair-pwd:	cert/key/ICVSBContent.pwd
load-verify-scheme:	0
crypto-type:	0
aes-ce-id:	0
aes-enc-key:	cert/key/KCEICV.txt
images-table:	cert/Images.txt
nvcounter-val:	1
cert-pkg:	cert/ICVSBContent.crt
2026-07-04 19:34:56,478 - **** Creating Content Certificate ****
2026-07-04 19:34:56,481 - **** Certificate file (context) creation has been completed successfully ****
2026-07-04 20:08:03,637 - Content Certificate Generation Utility started (Logging to sb_content_cert.log)
2026-07-04 20:08:03,637 - Parsing config file: cert/cfg/ICVSBContent.cfg
2026-07-04 20:08:03,638 - Parsed config items:
cert-keypair:	cert/key/ICVSBContent.pem
cert-keypair-pwd:	cert/key/ICVSBContent.pwd
load-verify-scheme:	0
crypto-type:	0
aes-ce-id:	0
aes-enc-key:	cert/key/KCEICV.txt
images-table:	cert/Images.txt
nvcounter-val:	1
cert-pkg:	cert/ICVSBContent.crt
2026-07-04 20:08:03,638 - **** Creating Content Certificate ****
2026-07-04 20:08:03,640 - **** Certificate file (context) creation has been completed successfully ****
2026-07-04 20:08:03,776 - Content Certificate Generation Utility started (Logging to sb_content_cert.log)
2026-07-04 20:08:03,777 - Parsing config file: cert/cfg/ICVSBContent.cfg
2026-07-04 20:08:03,777 - Parsed config items:
cert-keypair:	cert/key/ICVSBContent.pem
cert-keypair-pwd:	cert/key/ICVSBContent.pwd
load-verify-scheme:	0
crypto-type:	0
aes-ce-id:	0
aes-enc-key:	cert/key/KCEICV.txt
images-table:	cert/Images.txt
nvcounter-val:	1
cert-pkg:	cert/ICVSBContent.crt
2026-07-04 20:08:03,777 - **** Creating Content Certificate ****
2026-07-04 20:08:03,780 - **** Certificate file (context) creation has been completed successfully ****
2026-07-04 20:08:03,932 - Content Certificate Generation Utility started (Logging to sb_content_cert.log)
2026-07-04 20:08:03,932 - Parsing config file: cert/cfg/ICVSBContent.cfg
2026-07-04 20:08:03,932 - Parsed config items:
cert-keypair:	cert/key/ICVSBContent.pem
cert-keypair-pwd:	cert/key/ICVSBContent.pwd
load-verify-scheme:	0
crypto-type:	0
aes-ce-id:	0
aes-enc-key:	cert/key/KCEICV.txt
images-table:	cert/Images.txt
nvcounter-val:	1
cert-pkg:	cert/ICVSBContent.crt
2026-07-04 20:08:03,932 - **** Creating Content Certificate ****
2026-07-04 20:08:03,935 - **** Certificate file (context) creation has been completed successfully ****
2026-07-04 20:08:04,064 - Content Certificate Generation Utility started (Logging to sb_content_cert.log)
2026-07-04 20:08:04,065 - Parsing config file: cert/cfg/ICVSBContent.cfg
2026-07-04 20:08:04,065 - Parsed config items:
cert-keypair:	cert/key/ICVSBContent.pem
cert-keypair-pwd:	cert/key/ICVSBContent.pwd
load-verify-scheme:	0
crypto-type:	0
aes-ce-id:	0
aes-enc-key:	cert/key/KCEICV.txt
images-table:	cert/Images.txt
nvcounter-val:	1
cert-pkg:	cert/ICVSBContent.crt
2026-07-04 20:08:04,065 - **** Creating Content Certificate ****
2026-07-04 20:08:04,068 - **** Certificate file (context) creation has been completed successfully ****
2026-07-04 20:08:04,927 - Content Certificate Generation Utility started (Logging to sb_content_cert.log)
2026-07-04 20:08:04,927 - Parsing config file: cert/cfg/ICVSBContent.cfg
2026-07-04 20:08:04,927 - Parsed config items:
cert-keypair:	cert/key/ICVSBContent.pem
cert-keypair-pwd:	cert/key/ICVSBContent.pwd
load-verify-scheme:	0
crypto-type:	0
aes-ce-id:	0
aes-enc-key:	cert/key/KCEICV.txt
images-table:	cert/Images.txt
nvcounter-val:	1
cert-pkg:	cert/ICVSBContent.crt
2026-07-04 20:08:04,927 - **** Creating Content Certificate ****
2026-07-04 20:08:04,929 - **** Certificate file (context) creation has been completed successfully ****
2026-07-04 20:08:05,060 - Content Certificate Generation Utility started (Logging to sb_content_cert.log)
2026-07-04 20:08:05,060 - Parsing config file: cert/cfg/ICVSBContent.cfg
2026-07-04 20:08:05,060 - Parsed config items:
cert-keypair:	cert/key/ICVSBContent.pem
cert-keypair-pwd:	cert/key/ICVSBContent.pwd
load-verify-scheme:	0
crypto-type:	0
aes-ce-id:	0
aes-enc-key:	cert/key/KCEICV.txt
images-table:	cert/Images.txt
nvcounter-val:	1
cert-pkg:	cert/ICVSBContent.crt
2026-07-04 20:08:05,060 - **** Creating Content Certificate ****
2026-07-04 20:08:05,063 - **** Certificate file (context) creation has been completed successfully ****
2026-07-04 20:28:53,684 - Content Certificate Generation Utility started (Logging to sb_content_cert.log)
2026-07-04 20:28:53,684 - Parsing config file: cert/cfg/ICVSBContent.cfg
2026-07-04 20:28:53,684 - Parsed config items:
cert-keypair:	cert/key/ICVSBContent.pem
cert-keypair-pwd:	cert/key/ICVSBContent.pwd
load-verify-scheme:	0
crypto-type:	0
aes-ce-id:	0
aes-enc-key:	cert/key/KCEICV.txt
images-table:	cert/Images.txt
nvcounter-val:	1
cert-pkg:	cert/ICVSBContent.crt
2026-07-04 20:28:53,684 - **** Creating Content Certificate ****
2026-07-04 20:28:53,687 - **** Certificate file (context) creation has been completed successfully ****
2026-07-04 20:28:53,810 - Content Certificate Generation Utility started (Logging to sb_content_cert.log)
2026-07-04 20:28:53,810 - Parsing config file: cert/cfg/ICVSBContent.cfg
2026-07-04 20:28:53,810 - Parsed config items:
cert-keypair:	cert/key/ICVSBContent.pem
cert-keypair-pwd:	cert/key/ICVSBContent.pwd
load-verify-scheme:	0
crypto-type:	0
aes-ce-id:	0
aes-enc-key:	cert/key/KCEICV.txt
images-table:	cert/Images.txt
nvcounter-val:	1
cert-pkg:	cert/ICVSBContent.crt
2026-07-04 20:28:53,810 - **** Creating Content Certificate ****
2026-07-04 20:28:53,813 - **** Certificate file (context) creation has been completed successfully ****
2026-07-04 20:28:53,967 - Content Certificate Generation Utility started (Logging to sb_content_cert.log)
2026-07-04 20:28:53,967 - Parsing config file: cert/cfg/ICVSBContent.cfg
2026-07-04 20:28:53,967 - Parsed config items:
cert-keypair:	cert/key/ICVSBContent.pem
cert-keypair-pwd:	cert/key/ICVSBContent.pwd
load-verify-scheme:	0
crypto-type:	0
aes-ce-id:	0
aes-enc-key:	cert/key/KCEICV.txt
images-table:	cert/Images.txt
nvcounter-val:	1
cert-pkg:	cert/ICVSBContent.crt
2026-07-04 20:28:53,967 - **** Creating Content Certificate ****
2026-07-04 20:28:53,970 - **** Certificate file (context) creation has been completed successfully ****
2026-07-04 20:28:54,096 - Content Certificate Generation Utility started (Logging to sb_content_cert.log)
2026-07-04 20:28:54,096 - Parsing config file: cert/cfg/ICVSBContent.cfg
2026-07-04 20:28:54,096 - Parsed config items:
cert-keypair:	cert/key/ICVSBContent.pem
cert-keypair-pwd:	cert/key/ICVSBContent.pwd
load-verify-scheme:	0
crypto-type:	0
aes-ce-id:	0
aes-enc-key:	cert/key/KCEICV.txt
images-table:	cert/Images.txt
nvcounter-val:	1
cert-pkg:	cert/ICVSBContent.crt
2026-07-04 20:28:54,096 - **** Creating Content Certificate ****
2026-07-04 20:28:54,099 - **** Certificate file (context) creation has been completed successfully ****
2026-07-04 20:28:54,873 - Content Certificate Generation Utility started (Logging to sb_content_cert.log)
2026-07-04 20:28:54,873 - Parsing config file: cert/cfg/ICVSBContent.cfg
2026-07-04 20:28:54,873 - Parsed config items:
cert-keypair:	cert/key/ICVSBContent.pem
cert-keypair-pwd:	cert/key/ICVSBContent.pwd
load-verify-scheme:	0
crypto-type:	0
aes-ce-id:	0
aes-enc-key:	cert/key/KCEICV.txt
images-table:	cert/Images.txt
nvcounter-val:	1
cert-pkg:	cert/ICVSBContent.crt
2026-07-04 20:28:54,873 - **** Creating Content Certificate ****
2026-07-04 20:28:54,876 - **** Certificate file (context) creation has been completed successfully ****
2026-07-04 20:28:55,007 - Content Certificate Generation Utility started (Logging to sb_content_cert.log)
2026-07-04 20:28:55,007 - Parsing config file: cert/cfg/ICVSBContent.cfg
2026-07-04 20:28:55,007 - Parsed config items:
cert-keypair:	cert/key/ICVSBContent.pem
cert-keypair-pwd:	cert/key/ICVSBContent.pwd
load-verify-scheme:	0
crypto-type:	0
aes-ce-id:	0
aes-enc-key:	cert/key/KCEICV.txt
images-table:	cert/Images.txt
nvcounter-val:	1
cert-pkg:	cert/ICVSBContent.crt
2026-07-04 20:28:55,007 - **** Creating Content Certificate ****
2026-07-04 20:28:55,010 - **** Certificate file (context) creation has been completed successfully ****
2026-07-04 20:41:48,452 - Content Certificate Generation Utility started (Logging to sb_content_cert.log)
2026-07-04 20:41:48,453 - Parsing config file: cert/cfg/ICVSBContent.cfg
2026-07-04 20:41:48,453 - Parsed config items:
cert-keypair:	cert/key/ICVSBContent.pem
cert-keypair-pwd:	cert/key/ICVSBContent.pwd
load-verify-scheme:	0
crypto-type:	0
aes-ce-id:	0
aes-enc-key:	cert/key/KCEICV.txt
images-table:	cert/Images.txt
nvcounter-val:	1
cert-pkg:	cert/ICVSBContent.crt
2026-07-04 20:41:48,453 - **** Creating Content Certificate ****
2026-07-04 20:41:48,456 - **** Certificate file (context) creation has been completed successfully ****
2026-07-04 20:41:48,582 - Content Certificate Generation Utility started (Logging to sb_content_cert.log)
2026-07-04 20:41:48,582 - Parsing config file: cert/cfg/ICVSBContent.cfg
2026-07-04 20:41:48,582 - Parsed config items:
cert-keypair:	cert/key/ICVSBContent.pem
cert-keypair-pwd:	cert/key/ICVSBContent.pwd
load-verify-scheme:	0
crypto-type:	0
aes-ce-id:	0
aes-enc-key:	cert/key/KCEICV.txt
images-table:	cert/Images.txt
nvcounter-val:	1
cert-pkg:	cert/ICVSBContent.crt
2026-07-04 20:41:48,582 - **** Creating Content Certificate ****
2026-07-04 20:41:48,585 - **** Certificate file (context) creation has been completed successfully ****
2026-07-04 20:41:48,740 - Content Certificate Generation Utility started (Logging to sb_content_cert.log)
2026-07-04 20:41:48,740 - Parsing config file: cert/cfg/ICVSBContent.cfg
2026-07-04 20:41:48,741 - Parsed config items:
cert-keypair:	cert/key/ICVSBContent.pem
cert-keypair-pwd:	cert/key/ICVSBContent.pwd
load-verify-scheme:	0
crypto-type:	0
aes-ce-id:	0
aes-enc-key:	cert/key/KCEICV.txt
images-table:	cert/Images.txt
nvcounter-val:	1
cert-pkg:	cert/ICVSBContent.crt
2026-07-04 20:41:48,741 - **** Creating Content Certificate ****
2026-07-04 20:41:48,744 - **** Certificate file (context) creation has been completed successfully ****
2026-07-04 20:41:48,880 - Content Certificate Generation Utility started (Logging to sb_content_cert.log)
2026-07-04 20:41:48,881 - Parsing config file: cert/cfg/ICVSBContent.cfg
2026-07-04 20:41:48,881 - Parsed config items:
cert-keypair:	cert/key/ICVSBContent.pem
cert-keypair-pwd:	cert/key/ICVSBContent.pwd
load-verify-scheme:	0
crypto-type:	0
aes-ce-id:	0
aes-enc-key:	cert/key/KCEICV.txt
images-table:	cert/Images.txt
nvcounter-val:	1
cert-pkg:	cert/ICVSBContent.crt
2026-07-04 20:41:48,881 - **** Creating Content Certificate ****
2026-07-04 20:41:48,883 - **** Certificate file (context) creation has been completed successfully ****
2026-07-04 20:41:49,659 - Content Certificate Generation Utility started (Logging to sb_content_cert.log)
2026-07-04 20:41:49,659 - Parsing config file: cert/cfg/ICVSBContent.cfg
2026-07-04 20:41:49,659 - Parsed config items:
cert-keypair:	cert/key/ICVSBContent.pem
cert-keypair-pwd:	cert/key/ICVSBContent.pwd
load-verify-scheme:	0
crypto-type:	0
aes-ce-id:	0
aes-enc-key:	cert/key/KCEICV.txt
images-table:	cert/Images.txt
nvcounter-val:	1
cert-pkg:	cert/ICVSBContent.crt
2026-07-04 20:41:49,659 - **** Creating Content Certificate ****
2026-07-04 20:41:49,662 - **** Certificate file (context) creation has been completed successfully ****
2026-07-04 20:41:49,800 - Content Certificate Generation Utility started (Logging to sb_content_cert.log)
2026-07-04 20:41:49,800 - Parsing config file: cert/cfg/ICVSBContent.cfg
2026-07-04 20:41:49,800 - Parsed config items:
cert-keypair:	cert/key/ICVSBContent.pem
cert-keypair-pwd:	cert/key/ICVSBContent.pwd
load-verify-scheme:	0
crypto-type:	0
aes-ce-id:	0
aes-enc-key:	cert/key/KCEICV.txt
images-table:	cert/Images.txt
nvcounter-val:	1
cert-pkg:	cert/ICVSBContent.crt
2026-07-04 20:41:49,800 - **** Creating Content Certificate ****
2026-07-04 20:41:49,803 - **** Certificate file (context) creation has been completed successfully ****
2026-07-04 20:53:59,549 - Content Certificate Generation Utility started (Logging to sb_content_cert.log)
2026-07-04 20:53:59,549 - Parsing config file: cert/cfg/ICVSBContent.cfg
2026-07-04 20:53:59,549 - Parsed config items:
cert-keypair:	cert/key/ICVSBContent.pem
cert-keypair-pwd:	cert/key/ICVSBContent.pwd
load-verify-scheme:	0
crypto-type:	0
aes-ce-id:	0
aes-enc-key:	cert/key/KCEICV.txt
images-table:	cert/Images.txt
nvcounter-val:	1
cert-pkg:	cert/ICVSBContent.crt
2026-07-04 20:53:59,549 - **** Creating Content Certificate ****
2026-07-04 20:53:59,551 - **** Certificate file (context) creation has been completed successfully ****
2026-07-04 20:53:59,676 - Content Certificate Generation Utility started (Logging to sb_content_cert.log)
2026-07-04 20:53:59,676 - Parsing config file: cert/cfg/ICVSBContent.cfg
2026-07-04 20:53:59,676 - Parsed config items:
cert-keypair:	cert/key/ICVSBContent.pem
cert-keypair-pwd:	cert/key/ICVSBContent.pwd
load-verify-scheme:	0
crypto-type:	0
aes-ce-id:	0
aes-enc-key:	cert/key/KCEICV.txt
images-table:	cert/Images.txt
nvcounter-val:	1
cert-pkg:	cert/ICVSBContent.crt
2026-07-04 20:53:59,676 - **** Creating Content Certificate ****
2026-07-04 20:53:59,679 - **** Certificate file (context) creation has been completed successfully ****
2026-07-04 20:53:59,837 - Content Certificate Generation Utility started (Logging to sb_content_cert.log)
2026-07-04 20:53:59,837 - Parsing config file: cert/cfg/ICVSBContent.cfg
2026-07-04 20:53:59,838 - Parsed config items:
cert-keypair:	cert/key/ICVSBContent.pem
cert-keypair-pwd:	cert/key/ICVSBContent.pwd
load-verify-scheme:	0
crypto-type:	0
aes-ce-id:	0
aes-enc-key:	cert/key/KCEICV.txt
images-table:	cert/Images.txt
nvcounter-val:	1
cert-pkg:	cert/ICVSBContent.crt
2026-07-04 20:53:59,838 - **** Creating Content Certificate ****
2026-07-04 20:53:59,840 - **** Certificate file (context) creation has been completed successfully ****
2026-07-04 20:53:59,971 - Content Certificate Generation Utility started (Logging to sb_content_cert.log)
2026-07-04 20:53:59,971 - Parsing config file: cert/cfg/ICVSBContent.cfg
2026-07-04 20:53:59,971 - Parsed config items:
cert-keypair:	cert/key/ICVSBContent.pem
cert-keypair-pwd:	cert/key/ICVSBContent.pwd
load-verify-scheme:	0
crypto-type:	0
aes-ce-id:	0
aes-enc-key:	cert/key/KCEICV.txt
images-table:	cert/Images.txt
nvcounter-val:	1
cert-pkg:	cert/ICVSBContent.crt
2026-07-04 20:53:59,971 - **** Creating Content Certificate ****
2026-07-04 20:53:59,973 - **** Certificate file (context) creation has been completed successfully ****
2026-07-04 20:54:00,706 - Content Certificate Generation Utility started (Logging to sb_content_cert.log)
2026-07-04 20:54:00,707 - Parsing config file: cert/cfg/ICVSBContent.cfg
2026-07-04 20:54:00,707 - Parsed config items:
cert-keypair:	cert/key/ICVSBContent.pem
cert-keypair-pwd:	cert/key/ICVSBContent.pwd
load-verify-scheme:	0
crypto-type:	0
aes-ce-id:	0
aes-enc-key:	cert/key/KCEICV.txt
images-table:	cert/Images.txt
nvcounter-val:	1
cert-pkg:	cert/ICVSBContent.crt
2026-07-04 20:54:00,707 - **** Creating Content Certificate ****
2026-07-04 20:54:00,709 - **** Certificate file (context) creation has been completed successfully ****
2026-07-04 20:54:00,835 - Content Certificate Generation Utility started (Logging to sb_content_cert.log)
2026-07-04 20:54:00,835 - Parsing config file: cert/cfg/ICVSBContent.cfg
2026-07-04 20:54:00,835 - Parsed config items:
cert-keypair:	cert/key/ICVSBContent.pem
cert-keypair-pwd:	cert/key/ICVSBContent.pwd
load-verify-scheme:	0
crypto-type:	0
aes-ce-id:	0
aes-enc-key:	cert/key/KCEICV.txt
images-table:	cert/Images.txt
nvcounter-val:	1
cert-pkg:	cert/ICVSBContent.crt
2026-07-04 20:54:00,835 - **** Creating Content Certificate ****
2026-07-04 20:54:00,838 - **** Certificate file (context) creation has been completed successfully ****
2026-07-04 22:00:05,041 - Content Certificate Generation Utility started (Logging to sb_content_cert.log)
2026-07-04 22:00:05,041 - Parsing config file: cert/cfg/ICVSBContent.cfg
2026-07-04 22:00:05,042 - Parsed config items:
cert-keypair:	cert/key/ICVSBContent.pem
cert-keypair-pwd:	cert/key/ICVSBContent.pwd
load-verify-scheme:	0
crypto-type:	0
aes-ce-id:	0
aes-enc-key:	cert/key/KCEICV.txt
images-table:	cert/Images.txt
nvcounter-val:	1
cert-pkg:	cert/ICVSBContent.crt
2026-07-04 22:00:05,042 - **** Creating Content Certificate ****
2026-07-04 22:00:05,044 - **** Certificate file (context) creation has been completed successfully ****
2026-07-04 22:00:05,163 - Content Certificate Generation Utility started (Logging to sb_content_cert.log)
2026-07-04 22:00:05,163 - Parsing config file: cert/cfg/ICVSBContent.cfg
2026-07-04 22:00:05,163 - Parsed config items:
cert-keypair:	cert/key/ICVSBContent.pem
cert-keypair-pwd:	cert/key/ICVSBContent.pwd
load-verify-scheme:	0
crypto-type:	0
aes-ce-id:	0
aes-enc-key:	cert/key/KCEICV.txt
images-table:	cert/Images.txt
nvcounter-val:	1
cert-pkg:	cert/ICVSBContent.crt
2026-07-04 22:00:05,163 - **** Creating Content Certificate ****
2026-07-04 22:00:05,166 - **** Certificate file (context) creation has been completed successfully ****
2026-07-04 22:00:05,319 - Content Certificate Generation Utility started (Logging to sb_content_cert.log)
2026-07-04 22:00:05,319 - Parsing config file: cert/cfg/ICVSBContent.cfg
2026-07-04 22:00:05,320 - Parsed config items:
cert-keypair:	cert/key/ICVSBContent.pem
cert-keypair-pwd:	cert/key/ICVSBContent.pwd
load-verify-scheme:	0
crypto-type:	0
aes-ce-id:	0
aes-enc-key:	cert/key/KCEICV.txt
images-table:	cert/Images.txt
nvcounter-val:	1
cert-pkg:	cert/ICVSBContent.crt
2026-07-04 22:00:05,320 - **** Creating Content Certificate ****
2026-07-04 22:00:05,323 - **** Certificate file (context) creation has been completed successfully ****
2026-07-04 22:00:05,444 - Content Certificate Generation Utility started (Logging to sb_content_cert.log)
2026-07-04 22:00:05,444 - Parsing config file: cert/cfg/ICVSBContent.cfg
2026-07-04 22:00:05,444 - Parsed config items:
cert-keypair:	cert/key/ICVSBContent.pem
cert-keypair-pwd:	cert/key/ICVSBContent.pwd
load-verify-scheme:	0
crypto-type:	0
aes-ce-id:	0
aes-enc-key:	cert/key/KCEICV.txt
images-table:	cert/Images.txt
nvcounter-val:	1
cert-pkg:	cert/ICVSBContent.crt
2026-07-04 22:00:05,445 - **** Creating Content Certificate ****
2026-07-04 22:00:05,447 - **** Certificate file (context) creation has been completed successfully ****
2026-07-04 22:00:06,187 - Content Certificate Generation Utility started (Logging to sb_content_cert.log)
2026-07-04 22:00:06,187 - Parsing config file: cert/cfg/ICVSBContent.cfg
2026-07-04 22:00:06,187 - Parsed config items:
cert-keypair:	cert/key/ICVSBContent.pem
cert-keypair-pwd:	cert/key/ICVSBContent.pwd
load-verify-scheme:	0
crypto-type:	0
aes-ce-id:	0
aes-enc-key:	cert/key/KCEICV.txt
images-table:	cert/Images.txt
nvcounter-val:	1
cert-pkg:	cert/ICVSBContent.crt
2026-07-04 22:00:06,187 - **** Creating Content Certificate ****
2026-07-04 22:00:06,190 - **** Certificate file (context) creation has been completed successfully ****
2026-07-04 22:00:06,320 - Content Certificate Generation Utility started (Logging to sb_content_cert.log)
2026-07-04 22:00:06,320 - Parsing config file: cert/cfg/ICVSBContent.cfg
2026-07-04 22:00:06,320 - Parsed config items:
cert-keypair:	cert/key/ICVSBContent.pem
cert-keypair-pwd:	cert/key/ICVSBContent.pwd
load-verify-scheme:	0
crypto-type:	0
aes-ce-id:	0
aes-enc-key:	cert/key/KCEICV.txt
images-table:	cert/Images.txt
nvcounter-val:	1
cert-pkg:	cert/ICVSBContent.crt
2026-07-04 22:00:06,320 - **** Creating Content Certificate ****
2026-07-04 22:00:06,323 - **** Certificate file (context) creation has been completed successfully ****
2026-07-05 09:01:33,933 - Content Certificate Generation Utility started (Logging to sb_content_cert.log)
2026-07-05 09:01:33,933 - Parsing config file: cert/cfg/ICVSBContent.cfg
2026-07-05 09:01:33,933 - Parsed config items:
cert-keypair:	cert/key/ICVSBContent.pem
cert-keypair-pwd:	cert/key/ICVSBContent.pwd
load-verify-scheme:	0
crypto-type:	0
aes-ce-id:	0
aes-enc-key:	cert/key/KCEICV.txt
images-table:	cert/Images.txt
nvcounter-val:	1
cert-pkg:	cert/ICVSBContent.crt
2026-07-05 09:01:33,933 - **** Creating Content Certificate ****
2026-07-05 09:01:33,936 - **** Certificate file (context) creation has been completed successfully ****
2026-07-05 09:01:34,060 - Content Certificate Generation Utility started (Logging to sb_content_cert.log)
2026-07-05 09:01:34,060 - Parsing config file: cert/cfg/ICVSBContent.cfg
2026-07-05 09:01:34,060 - Parsed config items:
cert-keypair:	cert/key/ICVSBContent.pem
cert-keypair-pwd:	cert/key/ICVSBContent.pwd
load-verify-scheme:	0
crypto-type:	0
aes-ce-id:	0
aes-enc-key:	cert/key/KCEICV.txt
images-table:	cert/Images.txt
nvcounter-val:	1
cert-pkg:	cert/ICVSBContent.crt
2026-07-05 09:01:34,060 - **** Creating Content Certificate ****
2026-07-05 09:01:34,062 - **** Certificate file (context) creation has been completed successfully ****
2026-07-05 09:01:34,209 - Content Certificate Generation Utility started (Logging to sb_content_cert.log)
2026-07-05 09:01:34,209 - Parsing config file: cert/cfg/ICVSBContent.cfg
2026-07-05 09:01:34,209 - Parsed config items:
cert-keypair:	cert/key/ICVSBContent.pem
cert-keypair-pwd:	cert/key/ICVSBContent.pwd
load-verify-scheme:	0
crypto-type:	0
aes-ce-id:	0
aes-enc-key:	cert/key/KCEICV.txt
images-table:	cert/Images.txt
nvcounter-val:	1
cert-pkg:	cert/ICVSBContent.crt
2026-07-05 09:01:34,209 - **** Creating Content Certificate ****
2026-07-05 09:01:34,212 - **** Certificate file (context) creation has been completed successfully ****
2026-07-05 09:01:34,333 - Content Certificate Generation Utility started (Logging to sb_content_cert.log)
2026-07-05 09:01:34,333 - Parsing config file: cert/cfg/ICVSBContent.cfg
2026-07-05 09:01:34,333 - Parsed config items:
cert-keypair:	cert/key/ICVSBContent.pem
cert-keypair-pwd:	cert/key/ICVSBContent.pwd
load-verify-scheme:	0
crypto-type:	0
aes-ce-id:	0
aes-enc-key:	cert/key/KCEICV.txt
images-table:	cert/Images.txt
nvcounter-val:	1
cert-pkg:	cert/ICVSBContent.crt
2026-07-05 09:01:34,333 - **** Creating Content Certificate ****
2026-07-05 09:01:34,336 - **** Certificate file (context) creation has been completed successfully ****
2026-07-05 09:01:35,056 - Content Certificate Generation Utility started (Logging to sb_content_cert.log)
2026-07-05 09:01:35,056 - Parsing config file: cert/cfg/ICVSBContent.cfg
2026-07-05 09:01:35,057 - Parsed config items:
cert-keypair:	cert/key/ICVSBContent.pem
cert-keypair-pwd:	cert/key/ICVSBContent.pwd
load-verify-scheme:	0
crypto-type:	0
aes-ce-id:	0
aes-enc-key:	cert/key/KCEICV.txt
images-table:	cert/Images.txt
nvcounter-val:	1
cert-pkg:	cert/ICVSBContent.crt
2026-07-05 09:01:35,057 - **** Creating Content Certificate ****
2026-07-05 09:01:35,059 - **** Certificate file (context) creation has been completed successfully ****
2026-07-05 09:01:35,184 - Content Certificate Generation Utility started (Logging to sb_content_cert.log)
2026-07-05 09:01:35,184 - Parsing config file: cert/cfg/ICVSBContent.cfg
2026-07-05 09:01:35,184 - Parsed config items:
cert-keypair:	cert/key/ICVSBContent.pem
cert-keypair-pwd:	cert/key/ICVSBContent.pwd
load-verify-scheme:	0
crypto-type:	0
aes-ce-id:	0
aes-enc-key:	cert/key/KCEICV.txt
images-table:	cert/Images.txt
nvcounter-val:	1
cert-pkg:	cert/ICVSBContent.crt
2026-07-05 09:01:35,184 - **** Creating Content Certificate ****
2026-07-05 09:01:35,187 - **** Certificate file (context) creation has been completed successfully ****
2026-07-05 09:42:15,773 - Content Certificate Generation Utility started (Logging to sb_content_cert.log)
2026-07-05 09:42:15,773 - Parsing config file: cert/cfg/ICVSBContent.cfg
2026-07-05 09:42:15,773 - Parsed config items:
cert-keypair:	cert/key/ICVSBContent.pem
cert-keypair-pwd:	cert/key/ICVSBContent.pwd
load-verify-scheme:	0
crypto-type:	0
aes-ce-id:	0
aes-enc-key:	cert/key/KCEICV.txt
images-table:	cert/Images.txt
nvcounter-val:	1
cert-pkg:	cert/ICVSBContent.crt
2026-07-05 09:42:15,773 - **** Creating Content Certificate ****
2026-07-05 09:42:15,776 - **** Certificate file (context) creation has been completed successfully ****
2026-07-05 09:42:15,907 - Content Certificate Generation Utility started (Logging to sb_content_cert.log)
2026-07-05 09:42:15,907 - Parsing config file: cert/cfg/ICVSBContent.cfg
2026-07-05 09:42:15,907 - Parsed config items:
cert-keypair:	cert/key/ICVSBContent.pem
cert-keypair-pwd:	cert/key/ICVSBContent.pwd
load-verify-scheme:	0
crypto-type:	0
aes-ce-id:	0
aes-enc-key:	cert/key/KCEICV.txt
images-table:	cert/Images.txt
nvcounter-val:	1
cert-pkg:	cert/ICVSBContent.crt
2026-07-05 09:42:15,907 - **** Creating Content Certificate ****
2026-07-05 09:42:15,910 - **** Certificate file (context) creation has been completed successfully ****
2026-07-05 09:42:16,073 - Content Certificate Generation Utility started (Logging to sb_content_cert.log)
2026-07-05 09:42:16,073 - Parsing config file: cert/cfg/ICVSBContent.cfg
2026-07-05 09:42:16,073 - Parsed config items:
cert-keypair:	cert/key/ICVSBContent.pem
cert-keypair-pwd:	cert/key/ICVSBContent.pwd
load-verify-scheme:	0
crypto-type:	0
aes-ce-id:	0
aes-enc-key:	cert/key/KCEICV.txt
images-table:	cert/Images.txt
nvcounter-val:	1
cert-pkg:	cert/ICVSBContent.crt
2026-07-05 09:42:16,073 - **** Creating Content Certificate ****
2026-07-05 09:42:16,076 - **** Certificate file (context) creation has been completed successfully ****
2026-07-05 09:42:16,205 - Content Certificate Generation Utility started (Logging to sb_content_cert.log)
2026-07-05 09:42:16,205 - Parsing config file: cert/cfg/ICVSBContent.cfg
2026-07-05 09:42:16,205 - Parsed config items:
cert-keypair:	cert/key/ICVSBContent.pem
cert-keypair-pwd:	cert/key/ICVSBContent.pwd
load-verify-scheme:	0
crypto-type:	0
aes-ce-id:	0
aes-enc-key:	cert/key/KCEICV.txt
images-table:	cert/Images.txt
nvcounter-val:	1
cert-pkg:	cert/ICVSBContent.crt
2026-07-05 09:42:16,206 - **** Creating Content Certificate ****
2026-07-05 09:42:16,208 - **** Certificate file (context) creation has been completed successfully ****
2026-07-05 09:42:17,020 - Content Certificate Generation Utility started (Logging to sb_content_cert.log)
2026-07-05 09:42:17,020 - Parsing config file: cert/cfg/ICVSBContent.cfg
2026-07-05 09:42:17,020 - Parsed config items:
cert-keypair:	cert/key/ICVSBContent.pem
cert-keypair-pwd:	cert/key/ICVSBContent.pwd
load-verify-scheme:	0
crypto-type:	0
aes-ce-id:	0
aes-enc-key:	cert/key/KCEICV.txt
images-table:	cert/Images.txt
nvcounter-val:	1
cert-pkg:	cert/ICVSBContent.crt
2026-07-05 09:42:17,020 - **** Creating Content Certificate ****
2026-07-05 09:42:17,022 - **** Certificate file (context) creation has been completed successfully ****
2026-07-05 09:42:17,150 - Content Certificate Generation Utility started (Logging to sb_content_cert.log)
2026-07-05 09:42:17,150 - Parsing config file: cert/cfg/ICVSBContent.cfg
2026-07-05 09:42:17,150 - Parsed config items:
cert-keypair:	cert/key/ICVSBContent.pem
cert-keypair-pwd:	cert/key/ICVSBContent.pwd
load-verify-scheme:	0
crypto-type:	0
aes-ce-id:	0
aes-enc-key:	cert/key/KCEICV.txt
images-table:	cert/Images.txt
nvcounter-val:	1
cert-pkg:	cert/ICVSBContent.crt
2026-07-05 09:42:17,150 - **** Creating Content Certificate ****
2026-07-05 09:42:17,152 - **** Certificate file (context) creation has been completed successfully ****
2026-07-05 09:50:43,809 - Content Certificate Generation Utility started (Logging to sb_content_cert.log)
2026-07-05 09:50:43,810 - Parsing config file: cert/cfg/ICVSBContent.cfg
2026-07-05 09:50:43,810 - Parsed config items:
cert-keypair:	cert/key/ICVSBContent.pem
cert-keypair-pwd:	cert/key/ICVSBContent.pwd
load-verify-scheme:	0
crypto-type:	0
aes-ce-id:	0
aes-enc-key:	cert/key/KCEICV.txt
images-table:	cert/Images.txt
nvcounter-val:	1
cert-pkg:	cert/ICVSBContent.crt
2026-07-05 09:50:43,810 - **** Creating Content Certificate ****
2026-07-05 09:50:43,812 - **** Certificate file (context) creation has been completed successfully ****
2026-07-05 09:50:43,937 - Content Certificate Generation Utility started (Logging to sb_content_cert.log)
2026-07-05 09:50:43,937 - Parsing config file: cert/cfg/ICVSBContent.cfg
2026-07-05 09:50:43,937 - Parsed config items:
cert-keypair:	cert/key/ICVSBContent.pem
cert-keypair-pwd:	cert/key/ICVSBContent.pwd
load-verify-scheme:	0
crypto-type:	0
aes-ce-id:	0
aes-enc-key:	cert/key/KCEICV.txt
images-table:	cert/Images.txt
nvcounter-val:	1
cert-pkg:	cert/ICVSBContent.crt
2026-07-05 09:50:43,937 - **** Creating Content Certificate ****
2026-07-05 09:50:43,940 - **** Certificate file (context) creation has been completed successfully ****
2026-07-05 09:50:44,089 - Content Certificate Generation Utility started (Logging to sb_content_cert.log)
2026-07-05 09:50:44,089 - Parsing config file: cert/cfg/ICVSBContent.cfg
2026-07-05 09:50:44,090 - Parsed config items:
cert-keypair:	cert/key/ICVSBContent.pem
cert-keypair-pwd:	cert/key/ICVSBContent.pwd
load-verify-scheme:	0
crypto-type:	0
aes-ce-id:	0
aes-enc-key:	cert/key/KCEICV.txt
images-table:	cert/Images.txt
nvcounter-val:	1
cert-pkg:	cert/ICVSBContent.crt
2026-07-05 09:50:44,090 - **** Creating Content Certificate ****
2026-07-05 09:50:44,092 - **** Certificate file (context) creation has been completed successfully ****
2026-07-05 09:50:44,219 - Content Certificate Generation Utility started (Logging to sb_content_cert.log)
2026-07-05 09:50:44,219 - Parsing config file: cert/cfg/ICVSBContent.cfg
2026-07-05 09:50:44,220 - Parsed config items:
cert-keypair:	cert/key/ICVSBContent.pem
cert-keypair-pwd:	cert/key/ICVSBContent.pwd
load-verify-scheme:	0
crypto-type:	0
aes-ce-id:	0
aes-enc-key:	cert/key/KCEICV.txt
images-table:	cert/Images.txt
nvcounter-val:	1
cert-pkg:	cert/ICVSBContent.crt
2026-07-05 09:50:44,220 - **** Creating Content Certificate ****
2026-07-05 09:50:44,223 - **** Certificate file (context) creation has been completed successfully ****
2026-07-05 09:50:44,957 - Content Certificate Generation Utility started (Logging to sb_content_cert.log)
2026-07-05 09:50:44,958 - Parsing config file: cert/cfg/ICVSBContent.cfg
2026-07-05 09:50:44,958 - Parsed config items:
cert-keypair:	cert/key/ICVSBContent.pem
cert-keypair-pwd:	cert/key/ICVSBContent.pwd
load-verify-scheme:	0
crypto-type:	0
aes-ce-id:	0
aes-enc-key:	cert/key/KCEICV.txt
images-table:	cert/Images.txt
nvcounter-val:	1
cert-pkg:	cert/ICVSBContent.crt
2026-07-05 09:50:44,958 - **** Creating Content Certificate ****
2026-07-05 09:50:44,960 - **** Certificate file (context) creation has been completed successfully ****
2026-07-05 09:50:45,088 - Content Certificate Generation Utility started (Logging to sb_content_cert.log)
2026-07-05 09:50:45,088 - Parsing config file: cert/cfg/ICVSBContent.cfg
2026-07-05 09:50:45,088 - Parsed config items:
cert-keypair:	cert/key/ICVSBContent.pem
cert-keypair-pwd:	cert/key/ICVSBContent.pwd
load-verify-scheme:	0
crypto-type:	0
aes-ce-id:	0
aes-enc-key:	cert/key/KCEICV.txt
images-table:	cert/Images.txt
nvcounter-val:	1
cert-pkg:	cert/ICVSBContent.crt
2026-07-05 09:50:45,088 - **** Creating Content Certificate ****
2026-07-05 09:50:45,090 - **** Certificate file (context) creation has been completed successfully ****
2026-07-05 09:58:14,225 - Content Certificate Generation Utility started (Logging to sb_content_cert.log)
2026-07-05 09:58:14,225 - Parsing config file: cert/cfg/ICVSBContent.cfg
2026-07-05 09:58:14,226 - Parsed config items:
cert-keypair:	cert/key/ICVSBContent.pem
cert-keypair-pwd:	cert/key/ICVSBContent.pwd
load-verify-scheme:	0
crypto-type:	0
aes-ce-id:	0
aes-enc-key:	cert/key/KCEICV.txt
images-table:	cert/Images.txt
nvcounter-val:	1
cert-pkg:	cert/ICVSBContent.crt
2026-07-05 09:58:14,226 - **** Creating Content Certificate ****
2026-07-05 09:58:14,228 - **** Certificate file (context) creation has been completed successfully ****
2026-07-05 09:58:14,351 - Content Certificate Generation Utility started (Logging to sb_content_cert.log)
2026-07-05 09:58:14,351 - Parsing config file: cert/cfg/ICVSBContent.cfg
2026-07-05 09:58:14,351 - Parsed config items:
cert-keypair:	cert/key/ICVSBContent.pem
cert-keypair-pwd:	cert/key/ICVSBContent.pwd
load-verify-scheme:	0
crypto-type:	0
aes-ce-id:	0
aes-enc-key:	cert/key/KCEICV.txt
images-table:	cert/Images.txt
nvcounter-val:	1
cert-pkg:	cert/ICVSBContent.crt
2026-07-05 09:58:14,351 - **** Creating Content Certificate ****
2026-07-05 09:58:14,353 - **** Certificate file (context) creation has been completed successfully ****
2026-07-05 09:58:14,504 - Content Certificate Generation Utility started (Logging to sb_content_cert.log)
2026-07-05 09:58:14,504 - Parsing config file: cert/cfg/ICVSBContent.cfg
2026-07-05 09:58:14,504 - Parsed config items:
cert-keypair:	cert/key/ICVSBContent.pem
cert-keypair-pwd:	cert/key/ICVSBContent.pwd
load-verify-scheme:	0
crypto-type:	0
aes-ce-id:	0
aes-enc-key:	cert/key/KCEICV.txt
images-table:	cert/Images.txt
nvcounter-val:	1
cert-pkg:	cert/ICVSBContent.crt
2026-07-05 09:58:14,505 - **** Creating Content Certificate ****
2026-07-05 09:58:14,508 - **** Certificate file (context) creation has been completed successfully ****
2026-07-05 09:58:14,633 - Content Certificate Generation Utility started (Logging to sb_content_cert.log)
2026-07-05 09:58:14,633 - Parsing config file: cert/cfg/ICVSBContent.cfg
2026-07-05 09:58:14,633 - Parsed config items:
cert-keypair:	cert/key/ICVSBContent.pem
cert-keypair-pwd:	cert/key/ICVSBContent.pwd
load-verify-scheme:	0
crypto-type:	0
aes-ce-id:	0
aes-enc-key:	cert/key/KCEICV.txt
images-table:	cert/Images.txt
nvcounter-val:	1
cert-pkg:	cert/ICVSBContent.crt
2026-07-05 09:58:14,633 - **** Creating Content Certificate ****
2026-07-05 09:58:14,636 - **** Certificate file (context) creation has been completed successfully ****
2026-07-05 09:58:15,456 - Content Certificate Generation Utility started (Logging to sb_content_cert.log)
2026-07-05 09:58:15,456 - Parsing config file: cert/cfg/ICVSBContent.cfg
2026-07-05 09:58:15,456 - Parsed config items:
cert-keypair:	cert/key/ICVSBContent.pem
cert-keypair-pwd:	cert/key/ICVSBContent.pwd
load-verify-scheme:	0
crypto-type:	0
aes-ce-id:	0
aes-enc-key:	cert/key/KCEICV.txt
images-table:	cert/Images.txt
nvcounter-val:	1
cert-pkg:	cert/ICVSBContent.crt
2026-07-05 09:58:15,456 - **** Creating Content Certificate ****
2026-07-05 09:58:15,458 - **** Certificate file (context) creation has been completed successfully ****
2026-07-05 09:58:15,595 - Content Certificate Generation Utility started (Logging to sb_content_cert.log)
2026-07-05 09:58:15,595 - Parsing config file: cert/cfg/ICVSBContent.cfg
2026-07-05 09:58:15,595 - Parsed config items:
cert-keypair:	cert/key/ICVSBContent.pem
cert-keypair-pwd:	cert/key/ICVSBContent.pwd
load-verify-scheme:	0
crypto-type:	0
aes-ce-id:	0
aes-enc-key:	cert/key/KCEICV.txt
images-table:	cert/Images.txt
nvcounter-val:	1
cert-pkg:	cert/ICVSBContent.crt
2026-07-05 09:58:15,595 - **** Creating Content Certificate ****
2026-07-05 09:58:15,598 - **** Certificate file (context) creation has been completed successfully ****
2026-07-05 10:01:26,774 - Content Certificate Generation Utility started (Logging to sb_content_cert.log)
2026-07-05 10:01:26,774 - Parsing config file: cert/cfg/ICVSBContent.cfg
2026-07-05 10:01:26,774 - Parsed config items:
cert-keypair:	cert/key/ICVSBContent.pem
cert-keypair-pwd:	cert/key/ICVSBContent.pwd
load-verify-scheme:	0
crypto-type:	0
aes-ce-id:	0
aes-enc-key:	cert/key/KCEICV.txt
images-table:	cert/Images.txt
nvcounter-val:	1
cert-pkg:	cert/ICVSBContent.crt
2026-07-05 10:01:26,774 - **** Creating Content Certificate ****
2026-07-05 10:01:26,777 - **** Certificate file (context) creation has been completed successfully ****
2026-07-05 10:01:26,904 - Content Certificate Generation Utility started (Logging to sb_content_cert.log)
2026-07-05 10:01:26,904 - Parsing config file: cert/cfg/ICVSBContent.cfg
2026-07-05 10:01:26,904 - Parsed config items:
cert-keypair:	cert/key/ICVSBContent.pem
cert-keypair-pwd:	cert/key/ICVSBContent.pwd
load-verify-scheme:	0
crypto-type:	0
aes-ce-id:	0
aes-enc-key:	cert/key/KCEICV.txt
images-table:	cert/Images.txt
nvcounter-val:	1
cert-pkg:	cert/ICVSBContent.crt
2026-07-05 10:01:26,905 - **** Creating Content Certificate ****
2026-07-05 10:01:26,908 - **** Certificate file (context) creation has been completed successfully ****
2026-07-05 10:01:27,066 - Content Certificate Generation Utility started (Logging to sb_content_cert.log)
2026-07-05 10:01:27,066 - Parsing config file: cert/cfg/ICVSBContent.cfg
2026-07-05 10:01:27,066 - Parsed config items:
cert-keypair:	cert/key/ICVSBContent.pem
cert-keypair-pwd:	cert/key/ICVSBContent.pwd
load-verify-scheme:	0
crypto-type:	0
aes-ce-id:	0
aes-enc-key:	cert/key/KCEICV.txt
images-table:	cert/Images.txt
nvcounter-val:	1
cert-pkg:	cert/ICVSBContent.crt
2026-07-05 10:01:27,066 - **** Creating Content Certificate ****
2026-07-05 10:01:27,069 - **** Certificate file (context) creation has been completed successfully ****
2026-07-05 10:01:27,196 - Content Certificate Generation Utility started (Logging to sb_content_cert.log)
2026-07-05 10:01:27,196 - Parsing config file: cert/cfg/ICVSBContent.cfg
2026-07-05 10:01:27,196 - Parsed config items:
cert-keypair:	cert/key/ICVSBContent.pem
cert-keypair-pwd:	cert/key/ICVSBContent.pwd
load-verify-scheme:	0
crypto-type:	0
aes-ce-id:	0
aes-enc-key:	cert/key/KCEICV.txt
images-table:	cert/Images.txt
nvcounter-val:	1
cert-pkg:	cert/ICVSBContent.crt
2026-07-05 10:01:27,196 - **** Creating Content Certificate ****
2026-07-05 10:01:27,201 - **** Certificate file (context) creation has been completed successfully ****
2026-07-05 10:01:27,944 - Content Certificate Generation Utility started (Logging to sb_content_cert.log)
2026-07-05 10:01:27,944 - Parsing config file: cert/cfg/ICVSBContent.cfg
2026-07-05 10:01:27,944 - Parsed config items:
cert-keypair:	cert/key/ICVSBContent.pem
cert-keypair-pwd:	cert/key/ICVSBContent.pwd
load-verify-scheme:	0
crypto-type:	0
aes-ce-id:	0
aes-enc-key:	cert/key/KCEICV.txt
images-table:	cert/Images.txt
nvcounter-val:	1
cert-pkg:	cert/ICVSBContent.crt
2026-07-05 10:01:27,944 - **** Creating Content Certificate ****
2026-07-05 10:01:27,946 - **** Certificate file (context) creation has been completed successfully ****
2026-07-05 10:01:28,074 - Content Certificate Generation Utility started (Logging to sb_content_cert.log)
2026-07-05 10:01:28,074 - Parsing config file: cert/cfg/ICVSBContent.cfg
2026-07-05 10:01:28,075 - Parsed config items:
cert-keypair:	cert/key/ICVSBContent.pem
cert-keypair-pwd:	cert/key/ICVSBContent.pwd
load-verify-scheme:	0
crypto-type:	0
aes-ce-id:	0
aes-enc-key:	cert/key/KCEICV.txt
images-table:	cert/Images.txt
nvcounter-val:	1
cert-pkg:	cert/ICVSBContent.crt
2026-07-05 10:01:28,075 - **** Creating Content Certificate ****
2026-07-05 10:01:28,077 - **** Certificate file (context) creation has been completed successfully ****
2026-07-05 17:36:43,266 - Content Certificate Generation Utility started (Logging to sb_content_cert.log)
2026-07-05 17:36:43,266 - Parsing config file: cert/cfg/ICVSBContent.cfg
2026-07-05 17:36:43,266 - Parsed config items:
cert-keypair:	cert/key/ICVSBContent.pem
cert-keypair-pwd:	cert/key/ICVSBContent.pwd
load-verify-scheme:	0
crypto-type:	0
aes-ce-id:	0
aes-enc-key:	cert/key/KCEICV.txt
images-table:	cert/Images.txt
nvcounter-val:	1
cert-pkg:	cert/ICVSBContent.crt
2026-07-05 17:36:43,266 - **** Creating Content Certificate ****
2026-07-05 17:36:43,269 - **** Certificate file (context) creation has been completed successfully ****
2026-07-05 17:36:43,399 - Content Certificate Generation Utility started (Logging to sb_content_cert.log)
2026-07-05 17:36:43,400 - Parsing config file: cert/cfg/ICVSBContent.cfg
2026-07-05 17:36:43,400 - Parsed config items:
cert-keypair:	cert/key/ICVSBContent.pem
cert-keypair-pwd:	cert/key/ICVSBContent.pwd
load-verify-scheme:	0
crypto-type:	0
aes-ce-id:	0
aes-enc-key:	cert/key/KCEICV.txt
images-table:	cert/Images.txt
nvcounter-val:	1
cert-pkg:	cert/ICVSBContent.crt
2026-07-05 17:36:43,400 - **** Creating Content Certificate ****
2026-07-05 17:36:43,402 - **** Certificate file (context) creation has been completed successfully ****
2026-07-05 17:36:43,559 - Content Certificate Generation Utility started (Logging to sb_content_cert.log)
2026-07-05 17:36:43,559 - Parsing config file: cert/cfg/ICVSBContent.cfg
2026-07-05 17:36:43,560 - Parsed config items:
cert-keypair:	cert/key/ICVSBContent.pem
cert-keypair-pwd:	cert/key/ICVSBContent.pwd
load-verify-scheme:	0
crypto-type:	0
aes-ce-id:	0
aes-enc-key:	cert/key/KCEICV.txt
images-table:	cert/Images.txt
nvcounter-val:	1
cert-pkg:	cert/ICVSBContent.crt
2026-07-05 17:36:43,560 - **** Creating Content Certificate ****
2026-07-05 17:36:43,563 - **** Certificate file (context) creation has been completed successfully ****
2026-07-05 17:36:43,686 - Content Certificate Generation Utility started (Logging to sb_content_cert.log)
2026-07-05 17:36:43,686 - Parsing config file: cert/cfg/ICVSBContent.cfg
2026-07-05 17:36:43,687 - Parsed config items:
cert-keypair:	cert/key/ICVSBContent.pem
cert-keypair-pwd:	cert/key/ICVSBContent.pwd
load-verify-scheme:	0
crypto-type:	0
aes-ce-id:	0
aes-enc-key:	cert/key/KCEICV.txt
images-table:	cert/Images.txt
nvcounter-val:	1
cert-pkg:	cert/ICVSBContent.crt
2026-07-05 17:36:43,687 - **** Creating Content Certificate ****
2026-07-05 17:36:43,689 - **** Certificate file (context) creation has been completed successfully ****
2026-07-05 17:36:44,465 - Content Certificate Generation Utility started (Logging to sb_content_cert.log)
2026-07-05 17:36:44,465 - Parsing config file: cert/cfg/ICVSBContent.cfg
2026-07-05 17:36:44,466 - Parsed config items:
cert-keypair:	cert/key/ICVSBContent.pem
cert-keypair-pwd:	cert/key/ICVSBContent.pwd
load-verify-scheme:	0
crypto-type:	0
aes-ce-id:	0
aes-enc-key:	cert/key/KCEICV.txt
images-table:	cert/Images.txt
nvcounter-val:	1
cert-pkg:	cert/ICVSBContent.crt
2026-07-05 17:36:44,466 - **** Creating Content Certificate ****
2026-07-05 17:36:44,468 - **** Certificate file (context) creation has been completed successfully ****
2026-07-05 17:36:44,597 - Content Certificate Generation Utility started (Logging to sb_content_cert.log)
2026-07-05 17:36:44,597 - Parsing config file: cert/cfg/ICVSBContent.cfg
2026-07-05 17:36:44,597 - Parsed config items:
cert-keypair:	cert/key/ICVSBContent.pem
cert-keypair-pwd:	cert/key/ICVSBContent.pwd
load-verify-scheme:	0
crypto-type:	0
aes-ce-id:	0
aes-enc-key:	cert/key/KCEICV.txt
images-table:	cert/Images.txt
nvcounter-val:	1
cert-pkg:	cert/ICVSBContent.crt
2026-07-05 17:36:44,597 - **** Creating Content Certificate ****
2026-07-05 17:36:44,600 - **** Certificate file (context) creation has been completed successfully ****
2026-07-05 17:47:54,136 - Content Certificate Generation Utility started (Logging to sb_content_cert.log)
2026-07-05 17:47:54,136 - Parsing config file: cert/cfg/ICVSBContent.cfg
2026-07-05 17:47:54,136 - Parsed config items:
cert-keypair:	cert/key/ICVSBContent.pem
cert-keypair-pwd:	cert/key/ICVSBContent.pwd
load-verify-scheme:	0
crypto-type:	0
aes-ce-id:	0
aes-enc-key:	cert/key/KCEICV.txt
images-table:	cert/Images.txt
nvcounter-val:	1
cert-pkg:	cert/ICVSBContent.crt
2026-07-05 17:47:54,136 - **** Creating Content Certificate ****
2026-07-05 17:47:54,139 - **** Certificate file (context) creation has been completed successfully ****
2026-07-05 17:47:54,261 - Content Certificate Generation Utility started (Logging to sb_content_cert.log)
2026-07-05 17:47:54,261 - Parsing config file: cert/cfg/ICVSBContent.cfg
2026-07-05 17:47:54,262 - Parsed config items:
cert-keypair:	cert/key/ICVSBContent.pem
cert-keypair-pwd:	cert/key/ICVSBContent.pwd
load-verify-scheme:	0
crypto-type:	0
aes-ce-id:	0
aes-enc-key:	cert/key/KCEICV.txt
images-table:	cert/Images.txt
nvcounter-val:	1
cert-pkg:	cert/ICVSBContent.crt
2026-07-05 17:47:54,262 - **** Creating Content Certificate ****
2026-07-05 17:47:54,264 - **** Certificate file (context) creation has been completed successfully ****
2026-07-05 17:47:54,410 - Content Certificate Generation Utility started (Logging to sb_content_cert.log)
2026-07-05 17:47:54,410 - Parsing config file: cert/cfg/ICVSBContent.cfg
2026-07-05 17:47:54,411 - Parsed config items:
cert-keypair:	cert/key/ICVSBContent.pem
cert-keypair-pwd:	cert/key/ICVSBContent.pwd
load-verify-scheme:	0
crypto-type:	0
aes-ce-id:	0
aes-enc-key:	cert/key/KCEICV.txt
images-table:	cert/Images.txt
nvcounter-val:	1
cert-pkg:	cert/ICVSBContent.crt
2026-07-05 17:47:54,411 - **** Creating Content Certificate ****
2026-07-05 17:47:54,414 - **** Certificate file (context) creation has been completed successfully ****
2026-07-05 17:47:54,540 - Content Certificate Generation Utility started (Logging to sb_content_cert.log)
2026-07-05 17:47:54,541 - Parsing config file: cert/cfg/ICVSBContent.cfg
2026-07-05 17:47:54,541 - Parsed config items:
cert-keypair:	cert/key/ICVSBContent.pem
cert-keypair-pwd:	cert/key/ICVSBContent.pwd
load-verify-scheme:	0
crypto-type:	0
aes-ce-id:	0
aes-enc-key:	cert/key/KCEICV.txt
images-table:	cert/Images.txt
nvcounter-val:	1
cert-pkg:	cert/ICVSBContent.crt
2026-07-05 17:47:54,541 - **** Creating Content Certificate ****
2026-07-05 17:47:54,543 - **** Certificate file (context) creation has been completed successfully ****
2026-07-05 17:47:55,292 - Content Certificate Generation Utility started (Logging to sb_content_cert.log)
2026-07-05 17:47:55,292 - Parsing config file: cert/cfg/ICVSBContent.cfg
2026-07-05 17:47:55,293 - Parsed config items:
cert-keypair:	cert/key/ICVSBContent.pem
cert-keypair-pwd:	cert/key/ICVSBContent.pwd
load-verify-scheme:	0
crypto-type:	0
aes-ce-id:	0
aes-enc-key:	cert/key/KCEICV.txt
images-table:	cert/Images.txt
nvcounter-val:	1
cert-pkg:	cert/ICVSBContent.crt
2026-07-05 17:47:55,293 - **** Creating Content Certificate ****
2026-07-05 17:47:55,298 - **** Certificate file (context) creation has been completed successfully ****
2026-07-05 17:47:55,428 - Content Certificate Generation Utility started (Logging to sb_content_cert.log)
2026-07-05 17:47:55,429 - Parsing config file: cert/cfg/ICVSBContent.cfg
2026-07-05 17:47:55,429 - Parsed config items:
cert-keypair:	cert/key/ICVSBContent.pem
cert-keypair-pwd:	cert/key/ICVSBContent.pwd
load-verify-scheme:	0
crypto-type:	0
aes-ce-id:	0
aes-enc-key:	cert/key/KCEICV.txt
images-table:	cert/Images.txt
nvcounter-val:	1
cert-pkg:	cert/ICVSBContent.crt
2026-07-05 17:47:55,429 - **** Creating Content Certificate ****
2026-07-05 17:47:55,431 - **** Certificate file (context) creation has been completed successfully ****
2026-07-05 17:52:43,639 - Content Certificate Generation Utility started (Logging to sb_content_cert.log)
2026-07-05 17:52:43,639 - Parsing config file: cert/cfg/ICVSBContent.cfg
2026-07-05 17:52:43,639 - Parsed config items:
cert-keypair:	cert/key/ICVSBContent.pem
cert-keypair-pwd:	cert/key/ICVSBContent.pwd
load-verify-scheme:	0
crypto-type:	0
aes-ce-id:	0
aes-enc-key:	cert/key/KCEICV.txt
images-table:	cert/Images.txt
nvcounter-val:	1
cert-pkg:	cert/ICVSBContent.crt
2026-07-05 17:52:43,639 - **** Creating Content Certificate ****
2026-07-05 17:52:43,642 - **** Certificate file (context) creation has been completed successfully ****
2026-07-05 17:52:43,766 - Content Certificate Generation Utility started (Logging to sb_content_cert.log)
2026-07-05 17:52:43,766 - Parsing config file: cert/cfg/ICVSBContent.cfg
2026-07-05 17:52:43,767 - Parsed config items:
cert-keypair:	cert/key/ICVSBContent.pem
cert-keypair-pwd:	cert/key/ICVSBContent.pwd
load-verify-scheme:	0
crypto-type:	0
aes-ce-id:	0
aes-enc-key:	cert/key/KCEICV.txt
images-table:	cert/Images.txt
nvcounter-val:	1
cert-pkg:	cert/ICVSBContent.crt
2026-07-05 17:52:43,767 - **** Creating Content Certificate ****
2026-07-05 17:52:43,769 - **** Certificate file (context) creation has been completed successfully ****
2026-07-05 17:52:43,922 - Content Certificate Generation Utility started (Logging to sb_content_cert.log)
2026-07-05 17:52:43,922 - Parsing config file: cert/cfg/ICVSBContent.cfg
2026-07-05 17:52:43,922 - Parsed config items:
cert-keypair:	cert/key/ICVSBContent.pem
cert-keypair-pwd:	cert/key/ICVSBContent.pwd
load-verify-scheme:	0
crypto-type:	0
aes-ce-id:	0
aes-enc-key:	cert/key/KCEICV.txt
images-table:	cert/Images.txt
nvcounter-val:	1
cert-pkg:	cert/ICVSBContent.crt
2026-07-05 17:52:43,922 - **** Creating Content Certificate ****
2026-07-05 17:52:43,925 - **** Certificate file (context) creation has been completed successfully ****
2026-07-05 17:52:44,051 - Content Certificate Generation Utility started (Logging to sb_content_cert.log)
2026-07-05 17:52:44,051 - Parsing config file: cert/cfg/ICVSBContent.cfg
2026-07-05 17:52:44,052 - Parsed config items:
cert-keypair:	cert/key/ICVSBContent.pem
cert-keypair-pwd:	cert/key/ICVSBContent.pwd
load-verify-scheme:	0
crypto-type:	0
aes-ce-id:	0
aes-enc-key:	cert/key/KCEICV.txt
images-table:	cert/Images.txt
nvcounter-val:	1
cert-pkg:	cert/ICVSBContent.crt
2026-07-05 17:52:44,052 - **** Creating Content Certificate ****
2026-07-05 17:52:44,054 - **** Certificate file (context) creation has been completed successfully ****
2026-07-05 17:52:44,852 - Content Certificate Generation Utility started (Logging to sb_content_cert.log)
2026-07-05 17:52:44,852 - Parsing config file: cert/cfg/ICVSBContent.cfg
2026-07-05 17:52:44,852 - Parsed config items:
cert-keypair:	cert/key/ICVSBContent.pem
cert-keypair-pwd:	cert/key/ICVSBContent.pwd
load-verify-scheme:	0
crypto-type:	0
aes-ce-id:	0
aes-enc-key:	cert/key/KCEICV.txt
images-table:	cert/Images.txt
nvcounter-val:	1
cert-pkg:	cert/ICVSBContent.crt
2026-07-05 17:52:44,852 - **** Creating Content Certificate ****
2026-07-05 17:52:44,854 - **** Certificate file (context) creation has been completed successfully ****
2026-07-05 17:52:44,986 - Content Certificate Generation Utility started (Logging to sb_content_cert.log)
2026-07-05 17:52:44,986 - Parsing config file: cert/cfg/ICVSBContent.cfg
2026-07-05 17:52:44,986 - Parsed config items:
cert-keypair:	cert/key/ICVSBContent.pem
cert-keypair-pwd:	cert/key/ICVSBContent.pwd
load-verify-scheme:	0
crypto-type:	0
aes-ce-id:	0
aes-enc-key:	cert/key/KCEICV.txt
images-table:	cert/Images.txt
nvcounter-val:	1
cert-pkg:	cert/ICVSBContent.crt
2026-07-05 17:52:44,986 - **** Creating Content Certificate ****
2026-07-05 17:52:44,989 - **** Certificate file (context) creation has been completed successfully ****
2026-07-05 17:56:48,398 - Content Certificate Generation Utility started (Logging to sb_content_cert.log)
2026-07-05 17:56:48,398 - Parsing config file: cert/cfg/ICVSBContent.cfg
2026-07-05 17:56:48,398 - Parsed config items:
cert-keypair:	cert/key/ICVSBContent.pem
cert-keypair-pwd:	cert/key/ICVSBContent.pwd
load-verify-scheme:	0
crypto-type:	0
aes-ce-id:	0
aes-enc-key:	cert/key/KCEICV.txt
images-table:	cert/Images.txt
nvcounter-val:	1
cert-pkg:	cert/ICVSBContent.crt
2026-07-05 17:56:48,399 - **** Creating Content Certificate ****
2026-07-05 17:56:48,401 - **** Certificate file (context) creation has been completed successfully ****
2026-07-05 17:56:48,530 - Content Certificate Generation Utility started (Logging to sb_content_cert.log)
2026-07-05 17:56:48,530 - Parsing config file: cert/cfg/ICVSBContent.cfg
2026-07-05 17:56:48,530 - Parsed config items:
cert-keypair:	cert/key/ICVSBContent.pem
cert-keypair-pwd:	cert/key/ICVSBContent.pwd
load-verify-scheme:	0
crypto-type:	0
aes-ce-id:	0
aes-enc-key:	cert/key/KCEICV.txt
images-table:	cert/Images.txt
nvcounter-val:	1
cert-pkg:	cert/ICVSBContent.crt
2026-07-05 17:56:48,530 - **** Creating Content Certificate ****
2026-07-05 17:56:48,533 - **** Certificate file (context) creation has been completed successfully ****
2026-07-05 17:56:48,688 - Content Certificate Generation Utility started (Logging to sb_content_cert.log)
2026-07-05 17:56:48,688 - Parsing config file: cert/cfg/ICVSBContent.cfg
2026-07-05 17:56:48,688 - Parsed config items:
cert-keypair:	cert/key/ICVSBContent.pem
cert-keypair-pwd:	cert/key/ICVSBContent.pwd
load-verify-scheme:	0
crypto-type:	0
aes-ce-id:	0
aes-enc-key:	cert/key/KCEICV.txt
images-table:	cert/Images.txt
nvcounter-val:	1
cert-pkg:	cert/ICVSBContent.crt
2026-07-05 17:56:48,689 - **** Creating Content Certificate ****
2026-07-05 17:56:48,691 - **** Certificate file (context) creation has been completed successfully ****
2026-07-05 17:56:48,819 - Content Certificate Generation Utility started (Logging to sb_content_cert.log)
2026-07-05 17:56:48,819 - Parsing config file: cert/cfg/ICVSBContent.cfg
2026-07-05 17:56:48,819 - Parsed config items:
cert-keypair:	cert/key/ICVSBContent.pem
cert-keypair-pwd:	cert/key/ICVSBContent.pwd
load-verify-scheme:	0
crypto-type:	0
aes-ce-id:	0
aes-enc-key:	cert/key/KCEICV.txt
images-table:	cert/Images.txt
nvcounter-val:	1
cert-pkg:	cert/ICVSBContent.crt
2026-07-05 17:56:48,819 - **** Creating Content Certificate ****
2026-07-05 17:56:48,822 - **** Certificate file (context) creation has been completed successfully ****
2026-07-05 17:56:49,620 - Content Certificate Generation Utility started (Logging to sb_content_cert.log)
2026-07-05 17:56:49,620 - Parsing config file: cert/cfg/ICVSBContent.cfg
2026-07-05 17:56:49,621 - Parsed config items:
cert-keypair:	cert/key/ICVSBContent.pem
cert-keypair-pwd:	cert/key/ICVSBContent.pwd
load-verify-scheme:	0
crypto-type:	0
aes-ce-id:	0
aes-enc-key:	cert/key/KCEICV.txt
images-table:	cert/Images.txt
nvcounter-val:	1
cert-pkg:	cert/ICVSBContent.crt
2026-07-05 17:56:49,621 - **** Creating Content Certificate ****
2026-07-05 17:56:49,623 - **** Certificate file (context) creation has been completed successfully ****
2026-07-05 17:56:49,754 - Content Certificate Generation Utility started (Logging to sb_content_cert.log)
2026-07-05 17:56:49,755 - Parsing config file: cert/cfg/ICVSBContent.cfg
2026-07-05 17:56:49,755 - Parsed config items:
cert-keypair:	cert/key/ICVSBContent.pem
cert-keypair-pwd:	cert/key/ICVSBContent.pwd
load-verify-scheme:	0
crypto-type:	0
aes-ce-id:	0
aes-enc-key:	cert/key/KCEICV.txt
images-table:	cert/Images.txt
nvcounter-val:	1
cert-pkg:	cert/ICVSBContent.crt
2026-07-05 17:56:49,755 - **** Creating Content Certificate ****
2026-07-05 17:56:49,758 - **** Certificate file (context) creation has been completed successfully ****
2026-07-05 18:07:13,408 - Content Certificate Generation Utility started (Logging to sb_content_cert.log)
2026-07-05 18:07:13,408 - Parsing config file: cert/cfg/ICVSBContent.cfg
2026-07-05 18:07:13,408 - Parsed config items:
cert-keypair:	cert/key/ICVSBContent.pem
cert-keypair-pwd:	cert/key/ICVSBContent.pwd
load-verify-scheme:	0
crypto-type:	0
aes-ce-id:	0
aes-enc-key:	cert/key/KCEICV.txt
images-table:	cert/Images.txt
nvcounter-val:	1
cert-pkg:	cert/ICVSBContent.crt
2026-07-05 18:07:13,408 - **** Creating Content Certificate ****
2026-07-05 18:07:13,411 - **** Certificate file (context) creation has been completed successfully ****
2026-07-05 18:07:13,536 - Content Certificate Generation Utility started (Logging to sb_content_cert.log)
2026-07-05 18:07:13,536 - Parsing config file: cert/cfg/ICVSBContent.cfg
2026-07-05 18:07:13,536 - Parsed config items:
cert-keypair:	cert/key/ICVSBContent.pem
cert-keypair-pwd:	cert/key/ICVSBContent.pwd
load-verify-scheme:	0
crypto-type:	0
aes-ce-id:	0
aes-enc-key:	cert/key/KCEICV.txt
images-table:	cert/Images.txt
nvcounter-val:	1
cert-pkg:	cert/ICVSBContent.crt
2026-07-05 18:07:13,536 - **** Creating Content Certificate ****
2026-07-05 18:07:13,538 - **** Certificate file (context) creation has been completed successfully ****
2026-07-05 18:07:13,687 - Content Certificate Generation Utility started (Logging to sb_content_cert.log)
2026-07-05 18:07:13,687 - Parsing config file: cert/cfg/ICVSBContent.cfg
2026-07-05 18:07:13,687 - Parsed config items:
cert-keypair:	cert/key/ICVSBContent.pem
cert-keypair-pwd:	cert/key/ICVSBContent.pwd
load-verify-scheme:	0
crypto-type:	0
aes-ce-id:	0
aes-enc-key:	cert/key/KCEICV.txt
images-table:	cert/Images.txt
nvcounter-val:	1
cert-pkg:	cert/ICVSBContent.crt
2026-07-05 18:07:13,688 - **** Creating Content Certificate ****
2026-07-05 18:07:13,690 - **** Certificate file (context) creation has been completed successfully ****
2026-07-05 18:07:13,818 - Content Certificate Generation Utility started (Logging to sb_content_cert.log)
2026-07-05 18:07:13,819 - Parsing config file: cert/cfg/ICVSBContent.cfg
2026-07-05 18:07:13,819 - Parsed config items:
cert-keypair:	cert/key/ICVSBContent.pem
cert-keypair-pwd:	cert/key/ICVSBContent.pwd
load-verify-scheme:	0
crypto-type:	0
aes-ce-id:	0
aes-enc-key:	cert/key/KCEICV.txt
images-table:	cert/Images.txt
nvcounter-val:	1
cert-pkg:	cert/ICVSBContent.crt
2026-07-05 18:07:13,819 - **** Creating Content Certificate ****
2026-07-05 18:07:13,821 - **** Certificate file (context) creation has been completed successfully ****
2026-07-05 18:07:14,575 - Content Certificate Generation Utility started (Logging to sb_content_cert.log)
2026-07-05 18:07:14,575 - Parsing config file: cert/cfg/ICVSBContent.cfg
2026-07-05 18:07:14,576 - Parsed config items:
cert-keypair:	cert/key/ICVSBContent.pem
cert-keypair-pwd:	cert/key/ICVSBContent.pwd
load-verify-scheme:	0
crypto-type:	0
aes-ce-id:	0
aes-enc-key:	cert/key/KCEICV.txt
images-table:	cert/Images.txt
nvcounter-val:	1
cert-pkg:	cert/ICVSBContent.crt
2026-07-05 18:07:14,576 - **** Creating Content Certificate ****
2026-07-05 18:07:14,578 - **** Certificate file (context) creation has been completed successfully ****
2026-07-05 18:07:14,709 - Content Certificate Generation Utility started (Logging to sb_content_cert.log)
2026-07-05 18:07:14,709 - Parsing config file: cert/cfg/ICVSBContent.cfg
2026-07-05 18:07:14,709 - Parsed config items:
cert-keypair:	cert/key/ICVSBContent.pem
cert-keypair-pwd:	cert/key/ICVSBContent.pwd
load-verify-scheme:	0
crypto-type:	0
aes-ce-id:	0
aes-enc-key:	cert/key/KCEICV.txt
images-table:	cert/Images.txt
nvcounter-val:	1
cert-pkg:	cert/ICVSBContent.crt
2026-07-05 18:07:14,710 - **** Creating Content Certificate ****
2026-07-05 18:07:14,712 - **** Certificate file (context) creation has been completed successfully ****
2026-07-05 22:43:42,148 - Content Certificate Generation Utility started (Logging to sb_content_cert.log)
2026-07-05 22:43:42,149 - Parsing config file: cert/cfg/ICVSBContent.cfg
2026-07-05 22:43:42,149 - Parsed config items:
cert-keypair:	cert/key/ICVSBContent.pem
cert-keypair-pwd:	cert/key/ICVSBContent.pwd
load-verify-scheme:	0
crypto-type:	0
aes-ce-id:	0
aes-enc-key:	cert/key/KCEICV.txt
images-table:	cert/Images.txt
nvcounter-val:	1
cert-pkg:	cert/ICVSBContent.crt
2026-07-05 22:43:42,149 - **** Creating Content Certificate ****
2026-07-05 22:43:42,151 - **** Certificate file (context) creation has been completed successfully ****
2026-07-05 22:43:42,283 - Content Certificate Generation Utility started (Logging to sb_content_cert.log)
2026-07-05 22:43:42,283 - Parsing config file: cert/cfg/ICVSBContent.cfg
2026-07-05 22:43:42,283 - Parsed config items:
cert-keypair:	cert/key/ICVSBContent.pem
cert-keypair-pwd:	cert/key/ICVSBContent.pwd
load-verify-scheme:	0
crypto-type:	0
aes-ce-id:	0
aes-enc-key:	cert/key/KCEICV.txt
images-table:	cert/Images.txt
nvcounter-val:	1
cert-pkg:	cert/ICVSBContent.crt
2026-07-05 22:43:42,283 - **** Creating Content Certificate ****
2026-07-05 22:43:42,286 - **** Certificate file (context) creation has been completed successfully ****
2026-07-05 22:43:42,441 - Content Certificate Generation Utility started (Logging to sb_content_cert.log)
2026-07-05 22:43:42,441 - Parsing config file: cert/cfg/ICVSBContent.cfg
2026-07-05 22:43:42,441 - Parsed config items:
cert-keypair:	cert/key/ICVSBContent.pem
cert-keypair-pwd:	cert/key/ICVSBContent.pwd
load-verify-scheme:	0
crypto-type:	0
aes-ce-id:	0
aes-enc-key:	cert/key/KCEICV.txt
images-table:	cert/Images.txt
nvcounter-val:	1
cert-pkg:	cert/ICVSBContent.crt
2026-07-05 22:43:42,441 - **** Creating Content Certificate ****
2026-07-05 22:43:42,444 - **** Certificate file (context) creation has been completed successfully ****
2026-07-05 22:43:42,580 - Content Certificate Generation Utility started (Logging to sb_content_cert.log)
2026-07-05 22:43:42,581 - Parsing config file: cert/cfg/ICVSBContent.cfg
2026-07-05 22:43:42,581 - Parsed config items:
cert-keypair:	cert/key/ICVSBContent.pem
cert-keypair-pwd:	cert/key/ICVSBContent.pwd
load-verify-scheme:	0
crypto-type:	0
aes-ce-id:	0
aes-enc-key:	cert/key/KCEICV.txt
images-table:	cert/Images.txt
nvcounter-val:	1
cert-pkg:	cert/ICVSBContent.crt
2026-07-05 22:43:42,581 - **** Creating Content Certificate ****
2026-07-05 22:43:42,583 - **** Certificate file (context) creation has been completed successfully ****
2026-07-05 22:43:43,421 - Content Certificate Generation Utility started (Logging to sb_content_cert.log)
2026-07-05 22:43:43,421 - Parsing config file: cert/cfg/ICVSBContent.cfg
2026-07-05 22:43:43,422 - Parsed config items:
cert-keypair:	cert/key/ICVSBContent.pem
cert-keypair-pwd:	cert/key/ICVSBContent.pwd
load-verify-scheme:	0
crypto-type:	0
aes-ce-id:	0
aes-enc-key:	cert/key/KCEICV.txt
images-table:	cert/Images.txt
nvcounter-val:	1
cert-pkg:	cert/ICVSBContent.crt
2026-07-05 22:43:43,422 - **** Creating Content Certificate ****
2026-07-05 22:43:43,424 - **** Certificate file (context) creation has been completed successfully ****
2026-07-05 22:43:43,563 - Content Certificate Generation Utility started (Logging to sb_content_cert.log)
2026-07-05 22:43:43,563 - Parsing config file: cert/cfg/ICVSBContent.cfg
2026-07-05 22:43:43,563 - Parsed config items:
cert-keypair:	cert/key/ICVSBContent.pem
cert-keypair-pwd:	cert/key/ICVSBContent.pwd
load-verify-scheme:	0
crypto-type:	0
aes-ce-id:	0
aes-enc-key:	cert/key/KCEICV.txt
images-table:	cert/Images.txt
nvcounter-val:	1
cert-pkg:	cert/ICVSBContent.crt
2026-07-05 22:43:43,563 - **** Creating Content Certificate ****
2026-07-05 22:43:43,565 - **** Certificate file (context) creation has been completed successfully ****
2026-07-05 23:07:02,302 - Content Certificate Generation Utility started (Logging to sb_content_cert.log)
2026-07-05 23:07:02,302 - Parsing config file: cert/cfg/ICVSBContent.cfg
2026-07-05 23:07:02,302 - Parsed config items:
cert-keypair:	cert/key/ICVSBContent.pem
cert-keypair-pwd:	cert/key/ICVSBContent.pwd
load-verify-scheme:	0
crypto-type:	0
aes-ce-id:	0
aes-enc-key:	cert/key/KCEICV.txt
images-table:	cert/Images.txt
nvcounter-val:	1
cert-pkg:	cert/ICVSBContent.crt
2026-07-05 23:07:02,302 - **** Creating Content Certificate ****
2026-07-05 23:07:02,304 - **** Certificate file (context) creation has been completed successfully ****
2026-07-05 23:07:02,433 - Content Certificate Generation Utility started (Logging to sb_content_cert.log)
2026-07-05 23:07:02,433 - Parsing config file: cert/cfg/ICVSBContent.cfg
2026-07-05 23:07:02,433 - Parsed config items:
cert-keypair:	cert/key/ICVSBContent.pem
cert-keypair-pwd:	cert/key/ICVSBContent.pwd
load-verify-scheme:	0
crypto-type:	0
aes-ce-id:	0
aes-enc-key:	cert/key/KCEICV.txt
images-table:	cert/Images.txt
nvcounter-val:	1
cert-pkg:	cert/ICVSBContent.crt
2026-07-05 23:07:02,433 - **** Creating Content Certificate ****
2026-07-05 23:07:02,435 - **** Certificate file (context) creation has been completed successfully ****
2026-07-05 23:07:02,586 - Content Certificate Generation Utility started (Logging to sb_content_cert.log)
2026-07-05 23:07:02,586 - Parsing config file: cert/cfg/ICVSBContent.cfg
2026-07-05 23:07:02,587 - Parsed config items:
cert-keypair:	cert/key/ICVSBContent.pem
cert-keypair-pwd:	cert/key/ICVSBContent.pwd
load-verify-scheme:	0
crypto-type:	0
aes-ce-id:	0
aes-enc-key:	cert/key/KCEICV.txt
images-table:	cert/Images.txt
nvcounter-val:	1
cert-pkg:	cert/ICVSBContent.crt
2026-07-05 23:07:02,587 - **** Creating Content Certificate ****
2026-07-05 23:07:02,590 - **** Certificate file (context) creation has been completed successfully ****
2026-07-05 23:07:02,716 - Content Certificate Generation Utility started (Logging to sb_content_cert.log)
2026-07-05 23:07:02,716 - Parsing config file: cert/cfg/ICVSBContent.cfg
2026-07-05 23:07:02,716 - Parsed config items:
cert-keypair:	cert/key/ICVSBContent.pem
cert-keypair-pwd:	cert/key/ICVSBContent.pwd
load-verify-scheme:	0
crypto-type:	0
aes-ce-id:	0
aes-enc-key:	cert/key/KCEICV.txt
images-table:	cert/Images.txt
nvcounter-val:	1
cert-pkg:	cert/ICVSBContent.crt
2026-07-05 23:07:02,716 - **** Creating Content Certificate ****
2026-07-05 23:07:02,719 - **** Certificate file (context) creation has been completed successfully ****
2026-07-05 23:07:03,505 - Content Certificate Generation Utility started (Logging to sb_content_cert.log)
2026-07-05 23:07:03,505 - Parsing config file: cert/cfg/ICVSBContent.cfg
2026-07-05 23:07:03,506 - Parsed config items:
cert-keypair:	cert/key/ICVSBContent.pem
cert-keypair-pwd:	cert/key/ICVSBContent.pwd
load-verify-scheme:	0
crypto-type:	0
aes-ce-id:	0
aes-enc-key:	cert/key/KCEICV.txt
images-table:	cert/Images.txt
nvcounter-val:	1
cert-pkg:	cert/ICVSBContent.crt
2026-07-05 23:07:03,506 - **** Creating Content Certificate ****
2026-07-05 23:07:03,508 - **** Certificate file (context) creation has been completed successfully ****
2026-07-05 23:07:03,632 - Content Certificate Generation Utility started (Logging to sb_content_cert.log)
2026-07-05 23:07:03,632 - Parsing config file: cert/cfg/ICVSBContent.cfg
2026-07-05 23:07:03,632 - Parsed config items:
cert-keypair:	cert/key/ICVSBContent.pem
cert-keypair-pwd:	cert/key/ICVSBContent.pwd
load-verify-scheme:	0
crypto-type:	0
aes-ce-id:	0
aes-enc-key:	cert/key/KCEICV.txt
images-table:	cert/Images.txt
nvcounter-val:	1
cert-pkg:	cert/ICVSBContent.crt
2026-07-05 23:07:03,632 - **** Creating Content Certificate ****
2026-07-05 23:07:03,635 - **** Certificate file (context) creation has been completed successfully ****
2026-07-06 09:54:15,379 - Content Certificate Generation Utility started (Logging to sb_content_cert.log)
2026-07-06 09:54:15,379 - Parsing config file: cert/cfg/ICVSBContent.cfg
2026-07-06 09:54:15,380 - Parsed config items:
cert-keypair:	cert/key/ICVSBContent.pem
cert-keypair-pwd:	cert/key/ICVSBContent.pwd
load-verify-scheme:	0
crypto-type:	0
aes-ce-id:	0
aes-enc-key:	cert/key/KCEICV.txt
images-table:	cert/Images.txt
nvcounter-val:	1
cert-pkg:	cert/ICVSBContent.crt
2026-07-06 09:54:15,380 - **** Creating Content Certificate ****
2026-07-06 09:54:15,384 - **** Certificate file (context) creation has been completed successfully ****
2026-07-06 09:54:15,510 - Content Certificate Generation Utility started (Logging to sb_content_cert.log)
2026-07-06 09:54:15,510 - Parsing config file: cert/cfg/ICVSBContent.cfg
2026-07-06 09:54:15,510 - Parsed config items:
cert-keypair:	cert/key/ICVSBContent.pem
cert-keypair-pwd:	cert/key/ICVSBContent.pwd
load-verify-scheme:	0
crypto-type:	0
aes-ce-id:	0
aes-enc-key:	cert/key/KCEICV.txt
images-table:	cert/Images.txt
nvcounter-val:	1
cert-pkg:	cert/ICVSBContent.crt
2026-07-06 09:54:15,510 - **** Creating Content Certificate ****
2026-07-06 09:54:15,512 - **** Certificate file (context) creation has been completed successfully ****
2026-07-06 09:54:15,665 - Content Certificate Generation Utility started (Logging to sb_content_cert.log)
2026-07-06 09:54:15,665 - Parsing config file: cert/cfg/ICVSBContent.cfg
2026-07-06 09:54:15,665 - Parsed config items:
cert-keypair:	cert/key/ICVSBContent.pem
cert-keypair-pwd:	cert/key/ICVSBContent.pwd
load-verify-scheme:	0
crypto-type:	0
aes-ce-id:	0
aes-enc-key:	cert/key/KCEICV.txt
images-table:	cert/Images.txt
nvcounter-val:	1
cert-pkg:	cert/ICVSBContent.crt
2026-07-06 09:54:15,665 - **** Creating Content Certificate ****
2026-07-06 09:54:15,668 - **** Certificate file (context) creation has been completed successfully ****
2026-07-06 09:54:15,793 - Content Certificate Generation Utility started (Logging to sb_content_cert.log)
2026-07-06 09:54:15,793 - Parsing config file: cert/cfg/ICVSBContent.cfg
2026-07-06 09:54:15,793 - Parsed config items:
cert-keypair:	cert/key/ICVSBContent.pem
cert-keypair-pwd:	cert/key/ICVSBContent.pwd
load-verify-scheme:	0
crypto-type:	0
aes-ce-id:	0
aes-enc-key:	cert/key/KCEICV.txt
images-table:	cert/Images.txt
nvcounter-val:	1
cert-pkg:	cert/ICVSBContent.crt
2026-07-06 09:54:15,793 - **** Creating Content Certificate ****
2026-07-06 09:54:15,795 - **** Certificate file (context) creation has been completed successfully ****
2026-07-06 09:54:16,556 - Content Certificate Generation Utility started (Logging to sb_content_cert.log)
2026-07-06 09:54:16,556 - Parsing config file: cert/cfg/ICVSBContent.cfg
2026-07-06 09:54:16,556 - Parsed config items:
cert-keypair:	cert/key/ICVSBContent.pem
cert-keypair-pwd:	cert/key/ICVSBContent.pwd
load-verify-scheme:	0
crypto-type:	0
aes-ce-id:	0
aes-enc-key:	cert/key/KCEICV.txt
images-table:	cert/Images.txt
nvcounter-val:	1
cert-pkg:	cert/ICVSBContent.crt
2026-07-06 09:54:16,556 - **** Creating Content Certificate ****
2026-07-06 09:54:16,558 - **** Certificate file (context) creation has been completed successfully ****
2026-07-06 09:54:16,684 - Content Certificate Generation Utility started (Logging to sb_content_cert.log)
2026-07-06 09:54:16,684 - Parsing config file: cert/cfg/ICVSBContent.cfg
2026-07-06 09:54:16,684 - Parsed config items:
cert-keypair:	cert/key/ICVSBContent.pem
cert-keypair-pwd:	cert/key/ICVSBContent.pwd
load-verify-scheme:	0
crypto-type:	0
aes-ce-id:	0
aes-enc-key:	cert/key/KCEICV.txt
images-table:	cert/Images.txt
nvcounter-val:	1
cert-pkg:	cert/ICVSBContent.crt
2026-07-06 09:54:16,684 - **** Creating Content Certificate ****
2026-07-06 09:54:16,686 - **** Certificate file (context) creation has been completed successfully ****
2026-07-06 12:22:00,674 - Content Certificate Generation Utility started (Logging to sb_content_cert.log)
2026-07-06 12:22:00,674 - Parsing config file: cert/cfg/ICVSBContent.cfg
2026-07-06 12:22:00,674 - Parsed config items:
cert-keypair:	cert/key/ICVSBContent.pem
cert-keypair-pwd:	cert/key/ICVSBContent.pwd
load-verify-scheme:	0
crypto-type:	0
aes-ce-id:	0
aes-enc-key:	cert/key/KCEICV.txt
images-table:	cert/Images.txt
nvcounter-val:	1
cert-pkg:	cert/ICVSBContent.crt
2026-07-06 12:22:00,675 - **** Creating Content Certificate ****
2026-07-06 12:22:00,677 - **** Certificate file (context) creation has been completed successfully ****
2026-07-06 12:22:00,797 - Content Certificate Generation Utility started (Logging to sb_content_cert.log)
2026-07-06 12:22:00,797 - Parsing config file: cert/cfg/ICVSBContent.cfg
2026-07-06 12:22:00,797 - Parsed config items:
cert-keypair:	cert/key/ICVSBContent.pem
cert-keypair-pwd:	cert/key/ICVSBContent.pwd
load-verify-scheme:	0
crypto-type:	0
aes-ce-id:	0
aes-enc-key:	cert/key/KCEICV.txt
images-table:	cert/Images.txt
nvcounter-val:	1
cert-pkg:	cert/ICVSBContent.crt
2026-07-06 12:22:00,797 - **** Creating Content Certificate ****
2026-07-06 12:22:00,800 - **** Certificate file (context) creation has been completed successfully ****
2026-07-06 12:22:00,948 - Content Certificate Generation Utility started (Logging to sb_content_cert.log)
2026-07-06 12:22:00,948 - Parsing config file: cert/cfg/ICVSBContent.cfg
2026-07-06 12:22:00,948 - Parsed config items:
cert-keypair:	cert/key/ICVSBContent.pem
cert-keypair-pwd:	cert/key/ICVSBContent.pwd
load-verify-scheme:	0
crypto-type:	0
aes-ce-id:	0
aes-enc-key:	cert/key/KCEICV.txt
images-table:	cert/Images.txt
nvcounter-val:	1
cert-pkg:	cert/ICVSBContent.crt
2026-07-06 12:22:00,948 - **** Creating Content Certificate ****
2026-07-06 12:22:00,951 - **** Certificate file (context) creation has been completed successfully ****
2026-07-06 12:22:01,075 - Content Certificate Generation Utility started (Logging to sb_content_cert.log)
2026-07-06 12:22:01,076 - Parsing config file: cert/cfg/ICVSBContent.cfg
2026-07-06 12:22:01,076 - Parsed config items:
cert-keypair:	cert/key/ICVSBContent.pem
cert-keypair-pwd:	cert/key/ICVSBContent.pwd
load-verify-scheme:	0
crypto-type:	0
aes-ce-id:	0
aes-enc-key:	cert/key/KCEICV.txt
images-table:	cert/Images.txt
nvcounter-val:	1
cert-pkg:	cert/ICVSBContent.crt
2026-07-06 12:22:01,076 - **** Creating Content Certificate ****
2026-07-06 12:22:01,078 - **** Certificate file (context) creation has been completed successfully ****
2026-07-06 12:22:01,847 - Content Certificate Generation Utility started (Logging to sb_content_cert.log)
2026-07-06 12:22:01,847 - Parsing config file: cert/cfg/ICVSBContent.cfg
2026-07-06 12:22:01,847 - Parsed config items:
cert-keypair:	cert/key/ICVSBContent.pem
cert-keypair-pwd:	cert/key/ICVSBContent.pwd
load-verify-scheme:	0
crypto-type:	0
aes-ce-id:	0
aes-enc-key:	cert/key/KCEICV.txt
images-table:	cert/Images.txt
nvcounter-val:	1
cert-pkg:	cert/ICVSBContent.crt
2026-07-06 12:22:01,847 - **** Creating Content Certificate ****
2026-07-06 12:22:01,850 - **** Certificate file (context) creation has been completed successfully ****
2026-07-06 12:22:01,977 - Content Certificate Generation Utility started (Logging to sb_content_cert.log)
2026-07-06 12:22:01,977 - Parsing config file: cert/cfg/ICVSBContent.cfg
2026-07-06 12:22:01,977 - Parsed config items:
cert-keypair:	cert/key/ICVSBContent.pem
cert-keypair-pwd:	cert/key/ICVSBContent.pwd
load-verify-scheme:	0
crypto-type:	0
aes-ce-id:	0
aes-enc-key:	cert/key/KCEICV.txt
images-table:	cert/Images.txt
nvcounter-val:	1
cert-pkg:	cert/ICVSBContent.crt
2026-07-06 12:22:01,977 - **** Creating Content Certificate ****
2026-07-06 12:22:01,979 - **** Certificate file (context) creation has been completed successfully ****
2026-07-06 12:28:58,314 - Content Certificate Generation Utility started (Logging to sb_content_cert.log)
2026-07-06 12:28:58,314 - Parsing config file: cert/cfg/ICVSBContent.cfg
2026-07-06 12:28:58,314 - Parsed config items:
cert-keypair:	cert/key/ICVSBContent.pem
cert-keypair-pwd:	cert/key/ICVSBContent.pwd
load-verify-scheme:	0
crypto-type:	0
aes-ce-id:	0
aes-enc-key:	cert/key/KCEICV.txt
images-table:	cert/Images.txt
nvcounter-val:	1
cert-pkg:	cert/ICVSBContent.crt
2026-07-06 12:28:58,314 - **** Creating Content Certificate ****
2026-07-06 12:28:58,317 - **** Certificate file (context) creation has been completed successfully ****
2026-07-06 12:28:58,454 - Content Certificate Generation Utility started (Logging to sb_content_cert.log)
2026-07-06 12:28:58,454 - Parsing config file: cert/cfg/ICVSBContent.cfg
2026-07-06 12:28:58,454 - Parsed config items:
cert-keypair:	cert/key/ICVSBContent.pem
cert-keypair-pwd:	cert/key/ICVSBContent.pwd
load-verify-scheme:	0
crypto-type:	0
aes-ce-id:	0
aes-enc-key:	cert/key/KCEICV.txt
images-table:	cert/Images.txt
nvcounter-val:	1
cert-pkg:	cert/ICVSBContent.crt
2026-07-06 12:28:58,454 - **** Creating Content Certificate ****
2026-07-06 12:28:58,457 - **** Certificate file (context) creation has been completed successfully ****
2026-07-06 12:28:58,613 - Content Certificate Generation Utility started (Logging to sb_content_cert.log)
2026-07-06 12:28:58,613 - Parsing config file: cert/cfg/ICVSBContent.cfg
2026-07-06 12:28:58,613 - Parsed config items:
cert-keypair:	cert/key/ICVSBContent.pem
cert-keypair-pwd:	cert/key/ICVSBContent.pwd
load-verify-scheme:	0
crypto-type:	0
aes-ce-id:	0
aes-enc-key:	cert/key/KCEICV.txt
images-table:	cert/Images.txt
nvcounter-val:	1
cert-pkg:	cert/ICVSBContent.crt
2026-07-06 12:28:58,614 - **** Creating Content Certificate ****
2026-07-06 12:28:58,617 - **** Certificate file (context) creation has been completed successfully ****
2026-07-06 12:28:58,751 - Content Certificate Generation Utility started (Logging to sb_content_cert.log)
2026-07-06 12:28:58,751 - Parsing config file: cert/cfg/ICVSBContent.cfg
2026-07-06 12:28:58,751 - Parsed config items:
cert-keypair:	cert/key/ICVSBContent.pem
cert-keypair-pwd:	cert/key/ICVSBContent.pwd
load-verify-scheme:	0
crypto-type:	0
aes-ce-id:	0
aes-enc-key:	cert/key/KCEICV.txt
images-table:	cert/Images.txt
nvcounter-val:	1
cert-pkg:	cert/ICVSBContent.crt
2026-07-06 12:28:58,751 - **** Creating Content Certificate ****
2026-07-06 12:28:58,754 - **** Certificate file (context) creation has been completed successfully ****
2026-07-06 12:28:59,575 - Content Certificate Generation Utility started (Logging to sb_content_cert.log)
2026-07-06 12:28:59,575 - Parsing config file: cert/cfg/ICVSBContent.cfg
2026-07-06 12:28:59,575 - Parsed config items:
cert-keypair:	cert/key/ICVSBContent.pem
cert-keypair-pwd:	cert/key/ICVSBContent.pwd
load-verify-scheme:	0
crypto-type:	0
aes-ce-id:	0
aes-enc-key:	cert/key/KCEICV.txt
images-table:	cert/Images.txt
nvcounter-val:	1
cert-pkg:	cert/ICVSBContent.crt
2026-07-06 12:28:59,576 - **** Creating Content Certificate ****
2026-07-06 12:28:59,578 - **** Certificate file (context) creation has been completed successfully ****
2026-07-06 12:28:59,716 - Content Certificate Generation Utility started (Logging to sb_content_cert.log)
2026-07-06 12:28:59,717 - Parsing config file: cert/cfg/ICVSBContent.cfg
2026-07-06 12:28:59,717 - Parsed config items:
cert-keypair:	cert/key/ICVSBContent.pem
cert-keypair-pwd:	cert/key/ICVSBContent.pwd
load-verify-scheme:	0
crypto-type:	0
aes-ce-id:	0
aes-enc-key:	cert/key/KCEICV.txt
images-table:	cert/Images.txt
nvcounter-val:	1
cert-pkg:	cert/ICVSBContent.crt
2026-07-06 12:28:59,717 - **** Creating Content Certificate ****
2026-07-06 12:28:59,719 - **** Certificate file (context) creation has been completed successfully ****
2026-07-06 13:21:37,489 - Content Certificate Generation Utility started (Logging to sb_content_cert.log)
2026-07-06 13:21:37,489 - Parsing config file: cert/cfg/ICVSBContent.cfg
2026-07-06 13:21:37,490 - Parsed config items:
cert-keypair:	cert/key/ICVSBContent.pem
cert-keypair-pwd:	cert/key/ICVSBContent.pwd
load-verify-scheme:	0
crypto-type:	0
aes-ce-id:	0
aes-enc-key:	cert/key/KCEICV.txt
images-table:	cert/Images.txt
nvcounter-val:	1
cert-pkg:	cert/ICVSBContent.crt
2026-07-06 13:21:37,490 - **** Creating Content Certificate ****
2026-07-06 13:21:37,492 - **** Certificate file (context) creation has been completed successfully ****
2026-07-06 13:21:37,619 - Content Certificate Generation Utility started (Logging to sb_content_cert.log)
2026-07-06 13:21:37,619 - Parsing config file: cert/cfg/ICVSBContent.cfg
2026-07-06 13:21:37,619 - Parsed config items:
cert-keypair:	cert/key/ICVSBContent.pem
cert-keypair-pwd:	cert/key/ICVSBContent.pwd
load-verify-scheme:	0
crypto-type:	0
aes-ce-id:	0
aes-enc-key:	cert/key/KCEICV.txt
images-table:	cert/Images.txt
nvcounter-val:	1
cert-pkg:	cert/ICVSBContent.crt
2026-07-06 13:21:37,619 - **** Creating Content Certificate ****
2026-07-06 13:21:37,622 - **** Certificate file (context) creation has been completed successfully ****
2026-07-06 13:21:37,774 - Content Certificate Generation Utility started (Logging to sb_content_cert.log)
2026-07-06 13:21:37,774 - Parsing config file: cert/cfg/ICVSBContent.cfg
2026-07-06 13:21:37,775 - Parsed config items:
cert-keypair:	cert/key/ICVSBContent.pem
cert-keypair-pwd:	cert/key/ICVSBContent.pwd
load-verify-scheme:	0
crypto-type:	0
aes-ce-id:	0
aes-enc-key:	cert/key/KCEICV.txt
images-table:	cert/Images.txt
nvcounter-val:	1
cert-pkg:	cert/ICVSBContent.crt
2026-07-06 13:21:37,775 - **** Creating Content Certificate ****
2026-07-06 13:21:37,777 - **** Certificate file (context) creation has been completed successfully ****
2026-07-06 13:21:37,900 - Content Certificate Generation Utility started (Logging to sb_content_cert.log)
2026-07-06 13:21:37,900 - Parsing config file: cert/cfg/ICVSBContent.cfg
2026-07-06 13:21:37,900 - Parsed config items:
cert-keypair:	cert/key/ICVSBContent.pem
cert-keypair-pwd:	cert/key/ICVSBContent.pwd
load-verify-scheme:	0
crypto-type:	0
aes-ce-id:	0
aes-enc-key:	cert/key/KCEICV.txt
images-table:	cert/Images.txt
nvcounter-val:	1
cert-pkg:	cert/ICVSBContent.crt
2026-07-06 13:21:37,900 - **** Creating Content Certificate ****
2026-07-06 13:21:37,903 - **** Certificate file (context) creation has been completed successfully ****
2026-07-06 13:21:38,690 - Content Certificate Generation Utility started (Logging to sb_content_cert.log)
2026-07-06 13:21:38,690 - Parsing config file: cert/cfg/ICVSBContent.cfg
2026-07-06 13:21:38,690 - Parsed config items:
cert-keypair:	cert/key/ICVSBContent.pem
cert-keypair-pwd:	cert/key/ICVSBContent.pwd
load-verify-scheme:	0
crypto-type:	0
aes-ce-id:	0
aes-enc-key:	cert/key/KCEICV.txt
images-table:	cert/Images.txt
nvcounter-val:	1
cert-pkg:	cert/ICVSBContent.crt
2026-07-06 13:21:38,690 - **** Creating Content Certificate ****
2026-07-06 13:21:38,693 - **** Certificate file (context) creation has been completed successfully ****
2026-07-06 13:21:38,820 - Content Certificate Generation Utility started (Logging to sb_content_cert.log)
2026-07-06 13:21:38,820 - Parsing config file: cert/cfg/ICVSBContent.cfg
2026-07-06 13:21:38,820 - Parsed config items:
cert-keypair:	cert/key/ICVSBContent.pem
cert-keypair-pwd:	cert/key/ICVSBContent.pwd
load-verify-scheme:	0
crypto-type:	0
aes-ce-id:	0
aes-enc-key:	cert/key/KCEICV.txt
images-table:	cert/Images.txt
nvcounter-val:	1
cert-pkg:	cert/ICVSBContent.crt
2026-07-06 13:21:38,820 - **** Creating Content Certificate ****
2026-07-06 13:21:38,822 - **** Certificate file (context) creation has been completed successfully ****
2026-07-07 16:16:08,970 - Content Certificate Generation Utility started (Logging to sb_content_cert.log)
2026-07-07 16:16:08,970 - Parsing config file: cert/cfg/ICVSBContent.cfg
2026-07-07 16:16:08,970 - Parsed config items:
cert-keypair:	cert/key/ICVSBContent.pem
cert-keypair-pwd:	cert/key/ICVSBContent.pwd
load-verify-scheme:	0
crypto-type:	0
aes-ce-id:	0
aes-enc-key:	cert/key/KCEICV.txt
images-table:	cert/Images.txt
nvcounter-val:	1
cert-pkg:	cert/ICVSBContent.crt
2026-07-07 16:16:08,970 - **** Creating Content Certificate ****
2026-07-07 16:16:08,973 - **** Certificate file (context) creation has been completed successfully ****
2026-07-07 16:16:09,093 - Content Certificate Generation Utility started (Logging to sb_content_cert.log)
2026-07-07 16:16:09,093 - Parsing config file: cert/cfg/ICVSBContent.cfg
2026-07-07 16:16:09,093 - Parsed config items:
cert-keypair:	cert/key/ICVSBContent.pem
cert-keypair-pwd:	cert/key/ICVSBContent.pwd
load-verify-scheme:	0
crypto-type:	0
aes-ce-id:	0
aes-enc-key:	cert/key/KCEICV.txt
images-table:	cert/Images.txt
nvcounter-val:	1
cert-pkg:	cert/ICVSBContent.crt
2026-07-07 16:16:09,093 - **** Creating Content Certificate ****
2026-07-07 16:16:09,096 - **** Certificate file (context) creation has been completed successfully ****
2026-07-07 16:16:09,247 - Content Certificate Generation Utility started (Logging to sb_content_cert.log)
2026-07-07 16:16:09,247 - Parsing config file: cert/cfg/ICVSBContent.cfg
2026-07-07 16:16:09,248 - Parsed config items:
cert-keypair:	cert/key/ICVSBContent.pem
cert-keypair-pwd:	cert/key/ICVSBContent.pwd
load-verify-scheme:	0
crypto-type:	0
aes-ce-id:	0
aes-enc-key:	cert/key/KCEICV.txt
images-table:	cert/Images.txt
nvcounter-val:	1
cert-pkg:	cert/ICVSBContent.crt
2026-07-07 16:16:09,248 - **** Creating Content Certificate ****
2026-07-07 16:16:09,251 - **** Certificate file (context) creation has been completed successfully ****
2026-07-07 16:16:09,376 - Content Certificate Generation Utility started (Logging to sb_content_cert.log)
2026-07-07 16:16:09,376 - Parsing config file: cert/cfg/ICVSBContent.cfg
2026-07-07 16:16:09,376 - Parsed config items:
cert-keypair:	cert/key/ICVSBContent.pem
cert-keypair-pwd:	cert/key/ICVSBContent.pwd
load-verify-scheme:	0
crypto-type:	0
aes-ce-id:	0
aes-enc-key:	cert/key/KCEICV.txt
images-table:	cert/Images.txt
nvcounter-val:	1
cert-pkg:	cert/ICVSBContent.crt
2026-07-07 16:16:09,376 - **** Creating Content Certificate ****
2026-07-07 16:16:09,379 - **** Certificate file (context) creation has been completed successfully ****
2026-07-07 16:16:10,115 - Content Certificate Generation Utility started (Logging to sb_content_cert.log)
2026-07-07 16:16:10,115 - Parsing config file: cert/cfg/ICVSBContent.cfg
2026-07-07 16:16:10,115 - Parsed config items:
cert-keypair:	cert/key/ICVSBContent.pem
cert-keypair-pwd:	cert/key/ICVSBContent.pwd
load-verify-scheme:	0
crypto-type:	0
aes-ce-id:	0
aes-enc-key:	cert/key/KCEICV.txt
images-table:	cert/Images.txt
nvcounter-val:	1
cert-pkg:	cert/ICVSBContent.crt
2026-07-07 16:16:10,115 - **** Creating Content Certificate ****
2026-07-07 16:16:10,118 - **** Certificate file (context) creation has been completed successfully ****
2026-07-07 16:16:10,242 - Content Certificate Generation Utility started (Logging to sb_content_cert.log)
2026-07-07 16:16:10,242 - Parsing config file: cert/cfg/ICVSBContent.cfg
2026-07-07 16:16:10,242 - Parsed config items:
cert-keypair:	cert/key/ICVSBContent.pem
cert-keypair-pwd:	cert/key/ICVSBContent.pwd
load-verify-scheme:	0
crypto-type:	0
aes-ce-id:	0
aes-enc-key:	cert/key/KCEICV.txt
images-table:	cert/Images.txt
nvcounter-val:	1
cert-pkg:	cert/ICVSBContent.crt
2026-07-07 16:16:10,242 - **** Creating Content Certificate ****
2026-07-07 16:16:10,244 - **** Certificate file (context) creation has been completed successfully ****
2026-07-08 22:18:23,112 - Content Certificate Generation Utility started (Logging to sb_content_cert.log)
2026-07-08 22:18:23,112 - Parsing config file: cert/cfg/ICVSBContent.cfg
2026-07-08 22:18:23,112 - Parsed config items:
cert-keypair:	cert/key/ICVSBContent.pem
cert-keypair-pwd:	cert/key/ICVSBContent.pwd
load-verify-scheme:	0
crypto-type:	0
aes-ce-id:	0
aes-enc-key:	cert/key/KCEICV.txt
images-table:	cert/Images.txt
nvcounter-val:	1
cert-pkg:	cert/ICVSBContent.crt
2026-07-08 22:18:23,112 - **** Creating Content Certificate ****
2026-07-08 22:18:23,115 - **** Certificate file (context) creation has been completed successfully ****
2026-07-08 22:18:23,243 - Content Certificate Generation Utility started (Logging to sb_content_cert.log)
2026-07-08 22:18:23,243 - Parsing config file: cert/cfg/ICVSBContent.cfg
2026-07-08 22:18:23,243 - Parsed config items:
cert-keypair:	cert/key/ICVSBContent.pem
cert-keypair-pwd:	cert/key/ICVSBContent.pwd
load-verify-scheme:	0
crypto-type:	0
aes-ce-id:	0
aes-enc-key:	cert/key/KCEICV.txt
images-table:	cert/Images.txt
nvcounter-val:	1
cert-pkg:	cert/ICVSBContent.crt
2026-07-08 22:18:23,244 - **** Creating Content Certificate ****
2026-07-08 22:18:23,246 - **** Certificate file (context) creation has been completed successfully ****
2026-07-08 22:18:23,400 - Content Certificate Generation Utility started (Logging to sb_content_cert.log)
2026-07-08 22:18:23,400 - Parsing config file: cert/cfg/ICVSBContent.cfg
2026-07-08 22:18:23,400 - Parsed config items:
cert-keypair:	cert/key/ICVSBContent.pem
cert-keypair-pwd:	cert/key/ICVSBContent.pwd
load-verify-scheme:	0
crypto-type:	0
aes-ce-id:	0
aes-enc-key:	cert/key/KCEICV.txt
images-table:	cert/Images.txt
nvcounter-val:	1
cert-pkg:	cert/ICVSBContent.crt
2026-07-08 22:18:23,400 - **** Creating Content Certificate ****
2026-07-08 22:18:23,403 - **** Certificate file (context) creation has been completed successfully ****
2026-07-08 22:18:23,530 - Content Certificate Generation Utility started (Logging to sb_content_cert.log)
2026-07-08 22:18:23,530 - Parsing config file: cert/cfg/ICVSBContent.cfg
2026-07-08 22:18:23,530 - Parsed config items:
cert-keypair:	cert/key/ICVSBContent.pem
cert-keypair-pwd:	cert/key/ICVSBContent.pwd
load-verify-scheme:	0
crypto-type:	0
aes-ce-id:	0
aes-enc-key:	cert/key/KCEICV.txt
images-table:	cert/Images.txt
nvcounter-val:	1
cert-pkg:	cert/ICVSBContent.crt
2026-07-08 22:18:23,530 - **** Creating Content Certificate ****
2026-07-08 22:18:23,532 - **** Certificate file (context) creation has been completed successfully ****
2026-07-08 22:18:24,277 - Content Certificate Generation Utility started (Logging to sb_content_cert.log)
2026-07-08 22:18:24,278 - Parsing config file: cert/cfg/ICVSBContent.cfg
2026-07-08 22:18:24,278 - Parsed config items:
cert-keypair:	cert/key/ICVSBContent.pem
cert-keypair-pwd:	cert/key/ICVSBContent.pwd
load-verify-scheme:	0
crypto-type:	0
aes-ce-id:	0
aes-enc-key:	cert/key/KCEICV.txt
images-table:	cert/Images.txt
nvcounter-val:	1
cert-pkg:	cert/ICVSBContent.crt
2026-07-08 22:18:24,278 - **** Creating Content Certificate ****
2026-07-08 22:18:24,280 - **** Certificate file (context) creation has been completed successfully ****
2026-07-08 22:18:24,406 - Content Certificate Generation Utility started (Logging to sb_content_cert.log)
2026-07-08 22:18:24,406 - Parsing config file: cert/cfg/ICVSBContent.cfg
2026-07-08 22:18:24,407 - Parsed config items:
cert-keypair:	cert/key/ICVSBContent.pem
cert-keypair-pwd:	cert/key/ICVSBContent.pwd
load-verify-scheme:	0
crypto-type:	0
aes-ce-id:	0
aes-enc-key:	cert/key/KCEICV.txt
images-table:	cert/Images.txt
nvcounter-val:	1
cert-pkg:	cert/ICVSBContent.crt
2026-07-08 22:18:24,407 - **** Creating Content Certificate ****
2026-07-08 22:18:24,409 - **** Certificate file (context) creation has been completed successfully ****
2026-07-08 22:22:15,983 - Content Certificate Generation Utility started (Logging to sb_content_cert.log)
2026-07-08 22:22:15,983 - Parsing config file: cert/cfg/ICVSBContent.cfg
2026-07-08 22:22:15,983 - Parsed config items:
cert-keypair:	cert/key/ICVSBContent.pem
cert-keypair-pwd:	cert/key/ICVSBContent.pwd
load-verify-scheme:	0
crypto-type:	0
aes-ce-id:	0
aes-enc-key:	cert/key/KCEICV.txt
images-table:	cert/Images.txt
nvcounter-val:	1
cert-pkg:	cert/ICVSBContent.crt
2026-07-08 22:22:15,983 - **** Creating Content Certificate ****
2026-07-08 22:22:15,985 - **** Certificate file (context) creation has been completed successfully ****
2026-07-08 22:22:16,108 - Content Certificate Generation Utility started (Logging to sb_content_cert.log)
2026-07-08 22:22:16,108 - Parsing config file: cert/cfg/ICVSBContent.cfg
2026-07-08 22:22:16,108 - Parsed config items:
cert-keypair:	cert/key/ICVSBContent.pem
cert-keypair-pwd:	cert/key/ICVSBContent.pwd
load-verify-scheme:	0
crypto-type:	0
aes-ce-id:	0
aes-enc-key:	cert/key/KCEICV.txt
images-table:	cert/Images.txt
nvcounter-val:	1
cert-pkg:	cert/ICVSBContent.crt
2026-07-08 22:22:16,108 - **** Creating Content Certificate ****
2026-07-08 22:22:16,111 - **** Certificate file (context) creation has been completed successfully ****
2026-07-08 22:22:16,254 - Content Certificate Generation Utility started (Logging to sb_content_cert.log)
2026-07-08 22:22:16,254 - Parsing config file: cert/cfg/ICVSBContent.cfg
2026-07-08 22:22:16,254 - Parsed config items:
cert-keypair:	cert/key/ICVSBContent.pem
cert-keypair-pwd:	cert/key/ICVSBContent.pwd
load-verify-scheme:	0
crypto-type:	0
aes-ce-id:	0
aes-enc-key:	cert/key/KCEICV.txt
images-table:	cert/Images.txt
nvcounter-val:	1
cert-pkg:	cert/ICVSBContent.crt
2026-07-08 22:22:16,254 - **** Creating Content Certificate ****
2026-07-08 22:22:16,257 - **** Certificate file (context) creation has been completed successfully ****
2026-07-08 22:22:16,385 - Content Certificate Generation Utility started (Logging to sb_content_cert.log)
2026-07-08 22:22:16,385 - Parsing config file: cert/cfg/ICVSBContent.cfg
2026-07-08 22:22:16,385 - Parsed config items:
cert-keypair:	cert/key/ICVSBContent.pem
cert-keypair-pwd:	cert/key/ICVSBContent.pwd
load-verify-scheme:	0
crypto-type:	0
aes-ce-id:	0
aes-enc-key:	cert/key/KCEICV.txt
images-table:	cert/Images.txt
nvcounter-val:	1
cert-pkg:	cert/ICVSBContent.crt
2026-07-08 22:22:16,385 - **** Creating Content Certificate ****
2026-07-08 22:22:16,387 - **** Certificate file (context) creation has been completed successfully ****
2026-07-08 22:22:16,784 - Content Certificate Generation Utility started (Logging to sb_content_cert.log)
2026-07-08 22:22:16,784 - Parsing config file: cert/cfg/ICVSBContent.cfg
2026-07-08 22:22:16,784 - Parsed config items:
cert-keypair:	cert/key/ICVSBContent.pem
cert-keypair-pwd:	cert/key/ICVSBContent.pwd
load-verify-scheme:	0
crypto-type:	0
aes-ce-id:	0
aes-enc-key:	cert/key/KCEICV.txt
images-table:	cert/Images.txt
nvcounter-val:	1
cert-pkg:	cert/ICVSBContent.crt
2026-07-08 22:22:16,784 - **** Creating Content Certificate ****
2026-07-08 22:22:16,787 - **** Certificate file (context) creation has been completed successfully ****
2026-07-08 22:22:16,914 - Content Certificate Generation Utility started (Logging to sb_content_cert.log)
2026-07-08 22:22:16,914 - Parsing config file: cert/cfg/ICVSBContent.cfg
2026-07-08 22:22:16,914 - Parsed config items:
cert-keypair:	cert/key/ICVSBContent.pem
cert-keypair-pwd:	cert/key/ICVSBContent.pwd
load-verify-scheme:	0
crypto-type:	0
aes-ce-id:	0
aes-enc-key:	cert/key/KCEICV.txt
images-table:	cert/Images.txt
nvcounter-val:	1
cert-pkg:	cert/ICVSBContent.crt
2026-07-08 22:22:16,914 - **** Creating Content Certificate ****
2026-07-08 22:22:16,917 - **** Certificate file (context) creation has been completed successfully ****
2026-07-09 17:51:54,175 - Content Certificate Generation Utility started (Logging to sb_content_cert.log)
2026-07-09 17:51:54,175 - Parsing config file: cert/cfg/ICVSBContent.cfg
2026-07-09 17:51:54,175 - Parsed config items:
cert-keypair:	cert/key/ICVSBContent.pem
cert-keypair-pwd:	cert/key/ICVSBContent.pwd
load-verify-scheme:	0
crypto-type:	0
aes-ce-id:	0
aes-enc-key:	cert/key/KCEICV.txt
images-table:	cert/Images.txt
nvcounter-val:	1
cert-pkg:	cert/ICVSBContent.crt
2026-07-09 17:51:54,175 - **** Creating Content Certificate ****
2026-07-09 17:51:54,178 - **** Certificate file (context) creation has been completed successfully ****
2026-07-09 17:51:54,309 - Content Certificate Generation Utility started (Logging to sb_content_cert.log)
2026-07-09 17:51:54,309 - Parsing config file: cert/cfg/ICVSBContent.cfg
2026-07-09 17:51:54,309 - Parsed config items:
cert-keypair:	cert/key/ICVSBContent.pem
cert-keypair-pwd:	cert/key/ICVSBContent.pwd
load-verify-scheme:	0
crypto-type:	0
aes-ce-id:	0
aes-enc-key:	cert/key/KCEICV.txt
images-table:	cert/Images.txt
nvcounter-val:	1
cert-pkg:	cert/ICVSBContent.crt
2026-07-09 17:51:54,309 - **** Creating Content Certificate ****
2026-07-09 17:51:54,312 - **** Certificate file (context) creation has been completed successfully ****
2026-07-09 17:51:54,454 - Content Certificate Generation Utility started (Logging to sb_content_cert.log)
2026-07-09 17:51:54,454 - Parsing config file: cert/cfg/ICVSBContent.cfg
2026-07-09 17:51:54,454 - Parsed config items:
cert-keypair:	cert/key/ICVSBContent.pem
cert-keypair-pwd:	cert/key/ICVSBContent.pwd
load-verify-scheme:	0
crypto-type:	0
aes-ce-id:	0
aes-enc-key:	cert/key/KCEICV.txt
images-table:	cert/Images.txt
nvcounter-val:	1
cert-pkg:	cert/ICVSBContent.crt
2026-07-09 17:51:54,454 - **** Creating Content Certificate ****
2026-07-09 17:51:54,457 - **** Certificate file (context) creation has been completed successfully ****
2026-07-09 17:51:54,590 - Content Certificate Generation Utility started (Logging to sb_content_cert.log)
2026-07-09 17:51:54,590 - Parsing config file: cert/cfg/ICVSBContent.cfg
2026-07-09 17:51:54,590 - Parsed config items:
cert-keypair:	cert/key/ICVSBContent.pem
cert-keypair-pwd:	cert/key/ICVSBContent.pwd
load-verify-scheme:	0
crypto-type:	0
aes-ce-id:	0
aes-enc-key:	cert/key/KCEICV.txt
images-table:	cert/Images.txt
nvcounter-val:	1
cert-pkg:	cert/ICVSBContent.crt
2026-07-09 17:51:54,590 - **** Creating Content Certificate ****
2026-07-09 17:51:54,593 - **** Certificate file (context) creation has been completed successfully ****
2026-07-09 17:51:55,003 - Content Certificate Generation Utility started (Logging to sb_content_cert.log)
2026-07-09 17:51:55,003 - Parsing config file: cert/cfg/ICVSBContent.cfg
2026-07-09 17:51:55,003 - Parsed config items:
cert-keypair:	cert/key/ICVSBContent.pem
cert-keypair-pwd:	cert/key/ICVSBContent.pwd
load-verify-scheme:	0
crypto-type:	0
aes-ce-id:	0
aes-enc-key:	cert/key/KCEICV.txt
images-table:	cert/Images.txt
nvcounter-val:	1
cert-pkg:	cert/ICVSBContent.crt
2026-07-09 17:51:55,003 - **** Creating Content Certificate ****
2026-07-09 17:51:55,006 - **** Certificate file (context) creation has been completed successfully ****
2026-07-09 17:51:55,144 - Content Certificate Generation Utility started (Logging to sb_content_cert.log)
2026-07-09 17:51:55,145 - Parsing config file: cert/cfg/ICVSBContent.cfg
2026-07-09 17:51:55,145 - Parsed config items:
cert-keypair:	cert/key/ICVSBContent.pem
cert-keypair-pwd:	cert/key/ICVSBContent.pwd
load-verify-scheme:	0
crypto-type:	0
aes-ce-id:	0
aes-enc-key:	cert/key/KCEICV.txt
images-table:	cert/Images.txt
nvcounter-val:	1
cert-pkg:	cert/ICVSBContent.crt
2026-07-09 17:51:55,145 - **** Creating Content Certificate ****
2026-07-09 17:51:55,147 - **** Certificate file (context) creation has been completed successfully ****
2026-07-09 17:59:28,126 - Content Certificate Generation Utility started (Logging to sb_content_cert.log)
2026-07-09 17:59:28,126 - Parsing config file: cert/cfg/ICVSBContent.cfg
2026-07-09 17:59:28,126 - Parsed config items:
cert-keypair:	cert/key/ICVSBContent.pem
cert-keypair-pwd:	cert/key/ICVSBContent.pwd
load-verify-scheme:	0
crypto-type:	0
aes-ce-id:	0
aes-enc-key:	cert/key/KCEICV.txt
images-table:	cert/Images.txt
nvcounter-val:	1
cert-pkg:	cert/ICVSBContent.crt
2026-07-09 17:59:28,126 - **** Creating Content Certificate ****
2026-07-09 17:59:28,129 - **** Certificate file (context) creation has been completed successfully ****
2026-07-09 17:59:28,257 - Content Certificate Generation Utility started (Logging to sb_content_cert.log)
2026-07-09 17:59:28,257 - Parsing config file: cert/cfg/ICVSBContent.cfg
2026-07-09 17:59:28,257 - Parsed config items:
cert-keypair:	cert/key/ICVSBContent.pem
cert-keypair-pwd:	cert/key/ICVSBContent.pwd
load-verify-scheme:	0
crypto-type:	0
aes-ce-id:	0
aes-enc-key:	cert/key/KCEICV.txt
images-table:	cert/Images.txt
nvcounter-val:	1
cert-pkg:	cert/ICVSBContent.crt
2026-07-09 17:59:28,257 - **** Creating Content Certificate ****
2026-07-09 17:59:28,260 - **** Certificate file (context) creation has been completed successfully ****
2026-07-09 17:59:28,411 - Content Certificate Generation Utility started (Logging to sb_content_cert.log)
2026-07-09 17:59:28,411 - Parsing config file: cert/cfg/ICVSBContent.cfg
2026-07-09 17:59:28,411 - Parsed config items:
cert-keypair:	cert/key/ICVSBContent.pem
cert-keypair-pwd:	cert/key/ICVSBContent.pwd
load-verify-scheme:	0
crypto-type:	0
aes-ce-id:	0
aes-enc-key:	cert/key/KCEICV.txt
images-table:	cert/Images.txt
nvcounter-val:	1
cert-pkg:	cert/ICVSBContent.crt
2026-07-09 17:59:28,411 - **** Creating Content Certificate ****
2026-07-09 17:59:28,414 - **** Certificate file (context) creation has been completed successfully ****
2026-07-09 17:59:28,535 - Content Certificate Generation Utility started (Logging to sb_content_cert.log)
2026-07-09 17:59:28,535 - Parsing config file: cert/cfg/ICVSBContent.cfg
2026-07-09 17:59:28,536 - Parsed config items:
cert-keypair:	cert/key/ICVSBContent.pem
cert-keypair-pwd:	cert/key/ICVSBContent.pwd
load-verify-scheme:	0
crypto-type:	0
aes-ce-id:	0
aes-enc-key:	cert/key/KCEICV.txt
images-table:	cert/Images.txt
nvcounter-val:	1
cert-pkg:	cert/ICVSBContent.crt
2026-07-09 17:59:28,536 - **** Creating Content Certificate ****
2026-07-09 17:59:28,538 - **** Certificate file (context) creation has been completed successfully ****
2026-07-09 17:59:28,955 - Content Certificate Generation Utility started (Logging to sb_content_cert.log)
2026-07-09 17:59:28,955 - Parsing config file: cert/cfg/ICVSBContent.cfg
2026-07-09 17:59:28,955 - Parsed config items:
cert-keypair:	cert/key/ICVSBContent.pem
cert-keypair-pwd:	cert/key/ICVSBContent.pwd
load-verify-scheme:	0
crypto-type:	0
aes-ce-id:	0
aes-enc-key:	cert/key/KCEICV.txt
images-table:	cert/Images.txt
nvcounter-val:	1
cert-pkg:	cert/ICVSBContent.crt
2026-07-09 17:59:28,955 - **** Creating Content Certificate ****
2026-07-09 17:59:28,958 - **** Certificate file (context) creation has been completed successfully ****
2026-07-09 17:59:29,096 - Content Certificate Generation Utility started (Logging to sb_content_cert.log)
2026-07-09 17:59:29,096 - Parsing config file: cert/cfg/ICVSBContent.cfg
2026-07-09 17:59:29,096 - Parsed config items:
cert-keypair:	cert/key/ICVSBContent.pem
cert-keypair-pwd:	cert/key/ICVSBContent.pwd
load-verify-scheme:	0
crypto-type:	0
aes-ce-id:	0
aes-enc-key:	cert/key/KCEICV.txt
images-table:	cert/Images.txt
nvcounter-val:	1
cert-pkg:	cert/ICVSBContent.crt
2026-07-09 17:59:29,096 - **** Creating Content Certificate ****
2026-07-09 17:59:29,099 - **** Certificate file (context) creation has been completed successfully ****
2026-07-09 18:04:08,640 - Content Certificate Generation Utility started (Logging to sb_content_cert.log)
2026-07-09 18:04:08,640 - Parsing config file: cert/cfg/ICVSBContent.cfg
2026-07-09 18:04:08,640 - Parsed config items:
cert-keypair:	cert/key/ICVSBContent.pem
cert-keypair-pwd:	cert/key/ICVSBContent.pwd
load-verify-scheme:	0
crypto-type:	0
aes-ce-id:	0
aes-enc-key:	cert/key/KCEICV.txt
images-table:	cert/Images.txt
nvcounter-val:	1
cert-pkg:	cert/ICVSBContent.crt
2026-07-09 18:04:08,640 - **** Creating Content Certificate ****
2026-07-09 18:04:08,643 - **** Certificate file (context) creation has been completed successfully ****
2026-07-09 18:04:08,768 - Content Certificate Generation Utility started (Logging to sb_content_cert.log)
2026-07-09 18:04:08,768 - Parsing config file: cert/cfg/ICVSBContent.cfg
2026-07-09 18:04:08,768 - Parsed config items:
cert-keypair:	cert/key/ICVSBContent.pem
cert-keypair-pwd:	cert/key/ICVSBContent.pwd
load-verify-scheme:	0
crypto-type:	0
aes-ce-id:	0
aes-enc-key:	cert/key/KCEICV.txt
images-table:	cert/Images.txt
nvcounter-val:	1
cert-pkg:	cert/ICVSBContent.crt
2026-07-09 18:04:08,769 - **** Creating Content Certificate ****
2026-07-09 18:04:08,771 - **** Certificate file (context) creation has been completed successfully ****
2026-07-09 18:04:08,918 - Content Certificate Generation Utility started (Logging to sb_content_cert.log)
2026-07-09 18:04:08,918 - Parsing config file: cert/cfg/ICVSBContent.cfg
2026-07-09 18:04:08,919 - Parsed config items:
cert-keypair:	cert/key/ICVSBContent.pem
cert-keypair-pwd:	cert/key/ICVSBContent.pwd
load-verify-scheme:	0
crypto-type:	0
aes-ce-id:	0
aes-enc-key:	cert/key/KCEICV.txt
images-table:	cert/Images.txt
nvcounter-val:	1
cert-pkg:	cert/ICVSBContent.crt
2026-07-09 18:04:08,919 - **** Creating Content Certificate ****
2026-07-09 18:04:08,921 - **** Certificate file (context) creation has been completed successfully ****
2026-07-09 18:04:09,048 - Content Certificate Generation Utility started (Logging to sb_content_cert.log)
2026-07-09 18:04:09,048 - Parsing config file: cert/cfg/ICVSBContent.cfg
2026-07-09 18:04:09,048 - Parsed config items:
cert-keypair:	cert/key/ICVSBContent.pem
cert-keypair-pwd:	cert/key/ICVSBContent.pwd
load-verify-scheme:	0
crypto-type:	0
aes-ce-id:	0
aes-enc-key:	cert/key/KCEICV.txt
images-table:	cert/Images.txt
nvcounter-val:	1
cert-pkg:	cert/ICVSBContent.crt
2026-07-09 18:04:09,048 - **** Creating Content Certificate ****
2026-07-09 18:04:09,051 - **** Certificate file (context) creation has been completed successfully ****
2026-07-09 18:04:09,469 - Content Certificate Generation Utility started (Logging to sb_content_cert.log)
2026-07-09 18:04:09,469 - Parsing config file: cert/cfg/ICVSBContent.cfg
2026-07-09 18:04:09,469 - Parsed config items:
cert-keypair:	cert/key/ICVSBContent.pem
cert-keypair-pwd:	cert/key/ICVSBContent.pwd
load-verify-scheme:	0
crypto-type:	0
aes-ce-id:	0
aes-enc-key:	cert/key/KCEICV.txt
images-table:	cert/Images.txt
nvcounter-val:	1
cert-pkg:	cert/ICVSBContent.crt
2026-07-09 18:04:09,470 - **** Creating Content Certificate ****
2026-07-09 18:04:09,472 - **** Certificate file (context) creation has been completed successfully ****
2026-07-09 18:04:09,603 - Content Certificate Generation Utility started (Logging to sb_content_cert.log)
2026-07-09 18:04:09,603 - Parsing config file: cert/cfg/ICVSBContent.cfg
2026-07-09 18:04:09,603 - Parsed config items:
cert-keypair:	cert/key/ICVSBContent.pem
cert-keypair-pwd:	cert/key/ICVSBContent.pwd
load-verify-scheme:	0
crypto-type:	0
aes-ce-id:	0
aes-enc-key:	cert/key/KCEICV.txt
images-table:	cert/Images.txt
nvcounter-val:	1
cert-pkg:	cert/ICVSBContent.crt
2026-07-09 18:04:09,604 - **** Creating Content Certificate ****
2026-07-09 18:04:09,606 - **** Certificate file (context) creation has been completed successfully ****
2026-07-10 11:18:44,790 - Content Certificate Generation Utility started (Logging to sb_content_cert.log)
2026-07-10 11:18:44,790 - Parsing config file: cert/cfg/ICVSBContent.cfg
2026-07-10 11:18:44,790 - Parsed config items:
cert-keypair:	cert/key/ICVSBContent.pem
cert-keypair-pwd:	cert/key/ICVSBContent.pwd
load-verify-scheme:	0
crypto-type:	0
aes-ce-id:	0
aes-enc-key:	cert/key/KCEICV.txt
images-table:	cert/Images.txt
nvcounter-val:	1
cert-pkg:	cert/ICVSBContent.crt
2026-07-10 11:18:44,790 - **** Creating Content Certificate ****
2026-07-10 11:18:44,792 - **** Certificate file (context) creation has been completed successfully ****
2026-07-10 11:18:44,915 - Content Certificate Generation Utility started (Logging to sb_content_cert.log)
2026-07-10 11:18:44,915 - Parsing config file: cert/cfg/ICVSBContent.cfg
2026-07-10 11:18:44,915 - Parsed config items:
cert-keypair:	cert/key/ICVSBContent.pem
cert-keypair-pwd:	cert/key/ICVSBContent.pwd
load-verify-scheme:	0
crypto-type:	0
aes-ce-id:	0
aes-enc-key:	cert/key/KCEICV.txt
images-table:	cert/Images.txt
nvcounter-val:	1
cert-pkg:	cert/ICVSBContent.crt
2026-07-10 11:18:44,916 - **** Creating Content Certificate ****
2026-07-10 11:18:44,918 - **** Certificate file (context) creation has been completed successfully ****
2026-07-10 11:18:45,064 - Content Certificate Generation Utility started (Logging to sb_content_cert.log)
2026-07-10 11:18:45,064 - Parsing config file: cert/cfg/ICVSBContent.cfg
2026-07-10 11:18:45,064 - Parsed config items:
cert-keypair:	cert/key/ICVSBContent.pem
cert-keypair-pwd:	cert/key/ICVSBContent.pwd
load-verify-scheme:	0
crypto-type:	0
aes-ce-id:	0
aes-enc-key:	cert/key/KCEICV.txt
images-table:	cert/Images.txt
nvcounter-val:	1
cert-pkg:	cert/ICVSBContent.crt
2026-07-10 11:18:45,064 - **** Creating Content Certificate ****
2026-07-10 11:18:45,066 - **** Certificate file (context) creation has been completed successfully ****
2026-07-10 11:18:45,188 - Content Certificate Generation Utility started (Logging to sb_content_cert.log)
2026-07-10 11:18:45,188 - Parsing config file: cert/cfg/ICVSBContent.cfg
2026-07-10 11:18:45,188 - Parsed config items:
cert-keypair:	cert/key/ICVSBContent.pem
cert-keypair-pwd:	cert/key/ICVSBContent.pwd
load-verify-scheme:	0
crypto-type:	0
aes-ce-id:	0
aes-enc-key:	cert/key/KCEICV.txt
images-table:	cert/Images.txt
nvcounter-val:	1
cert-pkg:	cert/ICVSBContent.crt
2026-07-10 11:18:45,188 - **** Creating Content Certificate ****
2026-07-10 11:18:45,191 - **** Certificate file (context) creation has been completed successfully ****
2026-07-10 11:18:45,658 - Content Certificate Generation Utility started (Logging to sb_content_cert.log)
2026-07-10 11:18:45,658 - Parsing config file: cert/cfg/ICVSBContent.cfg
2026-07-10 11:18:45,658 - Parsed config items:
cert-keypair:	cert/key/ICVSBContent.pem
cert-keypair-pwd:	cert/key/ICVSBContent.pwd
load-verify-scheme:	0
crypto-type:	0
aes-ce-id:	0
aes-enc-key:	cert/key/KCEICV.txt
images-table:	cert/Images.txt
nvcounter-val:	1
cert-pkg:	cert/ICVSBContent.crt
2026-07-10 11:18:45,658 - **** Creating Content Certificate ****
2026-07-10 11:18:45,660 - **** Certificate file (context) creation has been completed successfully ****
2026-07-10 11:18:45,788 - Content Certificate Generation Utility started (Logging to sb_content_cert.log)
2026-07-10 11:18:45,788 - Parsing config file: cert/cfg/ICVSBContent.cfg
2026-07-10 11:18:45,788 - Parsed config items:
cert-keypair:	cert/key/ICVSBContent.pem
cert-keypair-pwd:	cert/key/ICVSBContent.pwd
load-verify-scheme:	0
crypto-type:	0
aes-ce-id:	0
aes-enc-key:	cert/key/KCEICV.txt
images-table:	cert/Images.txt
nvcounter-val:	1
cert-pkg:	cert/ICVSBContent.crt
2026-07-10 11:18:45,788 - **** Creating Content Certificate ****
2026-07-10 11:18:45,791 - **** Certificate file (context) creation has been completed successfully ****
2026-07-10 14:36:05,551 - Content Certificate Generation Utility started (Logging to sb_content_cert.log)
2026-07-10 14:36:05,551 - Parsing config file: cert/cfg/ICVSBContent.cfg
2026-07-10 14:36:05,551 - Parsed config items:
cert-keypair:	cert/key/ICVSBContent.pem
cert-keypair-pwd:	cert/key/ICVSBContent.pwd
load-verify-scheme:	0
crypto-type:	0
aes-ce-id:	0
aes-enc-key:	cert/key/KCEICV.txt
images-table:	cert/Images.txt
nvcounter-val:	1
cert-pkg:	cert/ICVSBContent.crt
2026-07-10 14:36:05,551 - **** Creating Content Certificate ****
2026-07-10 14:36:05,554 - **** Certificate file (context) creation has been completed successfully ****
2026-07-10 14:36:05,684 - Content Certificate Generation Utility started (Logging to sb_content_cert.log)
2026-07-10 14:36:05,684 - Parsing config file: cert/cfg/ICVSBContent.cfg
2026-07-10 14:36:05,684 - Parsed config items:
cert-keypair:	cert/key/ICVSBContent.pem
cert-keypair-pwd:	cert/key/ICVSBContent.pwd
load-verify-scheme:	0
crypto-type:	0
aes-ce-id:	0
aes-enc-key:	cert/key/KCEICV.txt
images-table:	cert/Images.txt
nvcounter-val:	1
cert-pkg:	cert/ICVSBContent.crt
2026-07-10 14:36:05,685 - **** Creating Content Certificate ****
2026-07-10 14:36:05,687 - **** Certificate file (context) creation has been completed successfully ****
2026-07-10 14:36:05,839 - Content Certificate Generation Utility started (Logging to sb_content_cert.log)
2026-07-10 14:36:05,839 - Parsing config file: cert/cfg/ICVSBContent.cfg
2026-07-10 14:36:05,839 - Parsed config items:
cert-keypair:	cert/key/ICVSBContent.pem
cert-keypair-pwd:	cert/key/ICVSBContent.pwd
load-verify-scheme:	0
crypto-type:	0
aes-ce-id:	0
aes-enc-key:	cert/key/KCEICV.txt
images-table:	cert/Images.txt
nvcounter-val:	1
cert-pkg:	cert/ICVSBContent.crt
2026-07-10 14:36:05,839 - **** Creating Content Certificate ****
2026-07-10 14:36:05,842 - **** Certificate file (context) creation has been completed successfully ****
2026-07-10 14:36:05,970 - Content Certificate Generation Utility started (Logging to sb_content_cert.log)
2026-07-10 14:36:05,970 - Parsing config file: cert/cfg/ICVSBContent.cfg
2026-07-10 14:36:05,970 - Parsed config items:
cert-keypair:	cert/key/ICVSBContent.pem
cert-keypair-pwd:	cert/key/ICVSBContent.pwd
load-verify-scheme:	0
crypto-type:	0
aes-ce-id:	0
aes-enc-key:	cert/key/KCEICV.txt
images-table:	cert/Images.txt
nvcounter-val:	1
cert-pkg:	cert/ICVSBContent.crt
2026-07-10 14:36:05,970 - **** Creating Content Certificate ****
2026-07-10 14:36:05,973 - **** Certificate file (context) creation has been completed successfully ****
2026-07-10 14:36:06,394 - Content Certificate Generation Utility started (Logging to sb_content_cert.log)
2026-07-10 14:36:06,394 - Parsing config file: cert/cfg/ICVSBContent.cfg
2026-07-10 14:36:06,395 - Parsed config items:
cert-keypair:	cert/key/ICVSBContent.pem
cert-keypair-pwd:	cert/key/ICVSBContent.pwd
load-verify-scheme:	0
crypto-type:	0
aes-ce-id:	0
aes-enc-key:	cert/key/KCEICV.txt
images-table:	cert/Images.txt
nvcounter-val:	1
cert-pkg:	cert/ICVSBContent.crt
2026-07-10 14:36:06,395 - **** Creating Content Certificate ****
2026-07-10 14:36:06,397 - **** Certificate file (context) creation has been completed successfully ****
2026-07-10 14:36:06,522 - Content Certificate Generation Utility started (Logging to sb_content_cert.log)
2026-07-10 14:36:06,523 - Parsing config file: cert/cfg/ICVSBContent.cfg
2026-07-10 14:36:06,523 - Parsed config items:
cert-keypair:	cert/key/ICVSBContent.pem
cert-keypair-pwd:	cert/key/ICVSBContent.pwd
load-verify-scheme:	0
crypto-type:	0
aes-ce-id:	0
aes-enc-key:	cert/key/KCEICV.txt
images-table:	cert/Images.txt
nvcounter-val:	1
cert-pkg:	cert/ICVSBContent.crt
2026-07-10 14:36:06,523 - **** Creating Content Certificate ****
2026-07-10 14:36:06,525 - **** Certificate file (context) creation has been completed successfully ****
2026-07-10 21:11:47,500 - Content Certificate Generation Utility started (Logging to sb_content_cert.log)
2026-07-10 21:11:47,500 - Parsing config file: cert/cfg/ICVSBContent.cfg
2026-07-10 21:11:47,500 - Parsed config items:
cert-keypair:	cert/key/ICVSBContent.pem
cert-keypair-pwd:	cert/key/ICVSBContent.pwd
load-verify-scheme:	0
crypto-type:	0
aes-ce-id:	0
aes-enc-key:	cert/key/KCEICV.txt
images-table:	cert/Images.txt
nvcounter-val:	1
cert-pkg:	cert/ICVSBContent.crt
2026-07-10 21:11:47,500 - **** Creating Content Certificate ****
2026-07-10 21:11:47,503 - **** Certificate file (context) creation has been completed successfully ****
2026-07-10 21:11:47,633 - Content Certificate Generation Utility started (Logging to sb_content_cert.log)
2026-07-10 21:11:47,633 - Parsing config file: cert/cfg/ICVSBContent.cfg
2026-07-10 21:11:47,634 - Parsed config items:
cert-keypair:	cert/key/ICVSBContent.pem
cert-keypair-pwd:	cert/key/ICVSBContent.pwd
load-verify-scheme:	0
crypto-type:	0
aes-ce-id:	0
aes-enc-key:	cert/key/KCEICV.txt
images-table:	cert/Images.txt
nvcounter-val:	1
cert-pkg:	cert/ICVSBContent.crt
2026-07-10 21:11:47,634 - **** Creating Content Certificate ****
2026-07-10 21:11:47,636 - **** Certificate file (context) creation has been completed successfully ****
2026-07-10 21:11:47,786 - Content Certificate Generation Utility started (Logging to sb_content_cert.log)
2026-07-10 21:11:47,787 - Parsing config file: cert/cfg/ICVSBContent.cfg
2026-07-10 21:11:47,787 - Parsed config items:
cert-keypair:	cert/key/ICVSBContent.pem
cert-keypair-pwd:	cert/key/ICVSBContent.pwd
load-verify-scheme:	0
crypto-type:	0
aes-ce-id:	0
aes-enc-key:	cert/key/KCEICV.txt
images-table:	cert/Images.txt
nvcounter-val:	1
cert-pkg:	cert/ICVSBContent.crt
2026-07-10 21:11:47,787 - **** Creating Content Certificate ****
2026-07-10 21:11:47,789 - **** Certificate file (context) creation has been completed successfully ****
2026-07-10 21:11:47,917 - Content Certificate Generation Utility started (Logging to sb_content_cert.log)
2026-07-10 21:11:47,918 - Parsing config file: cert/cfg/ICVSBContent.cfg
2026-07-10 21:11:47,918 - Parsed config items:
cert-keypair:	cert/key/ICVSBContent.pem
cert-keypair-pwd:	cert/key/ICVSBContent.pwd
load-verify-scheme:	0
crypto-type:	0
aes-ce-id:	0
aes-enc-key:	cert/key/KCEICV.txt
images-table:	cert/Images.txt
nvcounter-val:	1
cert-pkg:	cert/ICVSBContent.crt
2026-07-10 21:11:47,918 - **** Creating Content Certificate ****
2026-07-10 21:11:47,920 - **** Certificate file (context) creation has been completed successfully ****
2026-07-10 21:11:48,361 - Content Certificate Generation Utility started (Logging to sb_content_cert.log)
2026-07-10 21:11:48,362 - Parsing config file: cert/cfg/ICVSBContent.cfg
2026-07-10 21:11:48,362 - Parsed config items:
cert-keypair:	cert/key/ICVSBContent.pem
cert-keypair-pwd:	cert/key/ICVSBContent.pwd
load-verify-scheme:	0
crypto-type:	0
aes-ce-id:	0
aes-enc-key:	cert/key/KCEICV.txt
images-table:	cert/Images.txt
nvcounter-val:	1
cert-pkg:	cert/ICVSBContent.crt
2026-07-10 21:11:48,362 - **** Creating Content Certificate ****
2026-07-10 21:11:48,364 - **** Certificate file (context) creation has been completed successfully ****
2026-07-10 21:11:48,494 - Content Certificate Generation Utility started (Logging to sb_content_cert.log)
2026-07-10 21:11:48,494 - Parsing config file: cert/cfg/ICVSBContent.cfg
2026-07-10 21:11:48,494 - Parsed config items:
cert-keypair:	cert/key/ICVSBContent.pem
cert-keypair-pwd:	cert/key/ICVSBContent.pwd
load-verify-scheme:	0
crypto-type:	0
aes-ce-id:	0
aes-enc-key:	cert/key/KCEICV.txt
images-table:	cert/Images.txt
nvcounter-val:	1
cert-pkg:	cert/ICVSBContent.crt
2026-07-10 21:11:48,494 - **** Creating Content Certificate ****
2026-07-10 21:11:48,497 - **** Certificate file (context) creation has been completed successfully ****
2026-07-10 22:42:42,958 - Content Certificate Generation Utility started (Logging to sb_content_cert.log)
2026-07-10 22:42:42,958 - Parsing config file: cert/cfg/ICVSBContent.cfg
2026-07-10 22:42:42,958 - Parsed config items:
cert-keypair:	cert/key/ICVSBContent.pem
cert-keypair-pwd:	cert/key/ICVSBContent.pwd
load-verify-scheme:	0
crypto-type:	0
aes-ce-id:	0
aes-enc-key:	cert/key/KCEICV.txt
images-table:	cert/Images.txt
nvcounter-val:	1
cert-pkg:	cert/ICVSBContent.crt
2026-07-10 22:42:42,959 - **** Creating Content Certificate ****
2026-07-10 22:42:42,961 - **** Certificate file (context) creation has been completed successfully ****
2026-07-10 22:42:43,086 - Content Certificate Generation Utility started (Logging to sb_content_cert.log)
2026-07-10 22:42:43,086 - Parsing config file: cert/cfg/ICVSBContent.cfg
2026-07-10 22:42:43,086 - Parsed config items:
cert-keypair:	cert/key/ICVSBContent.pem
cert-keypair-pwd:	cert/key/ICVSBContent.pwd
load-verify-scheme:	0
crypto-type:	0
aes-ce-id:	0
aes-enc-key:	cert/key/KCEICV.txt
images-table:	cert/Images.txt
nvcounter-val:	1
cert-pkg:	cert/ICVSBContent.crt
2026-07-10 22:42:43,086 - **** Creating Content Certificate ****
2026-07-10 22:42:43,089 - **** Certificate file (context) creation has been completed successfully ****
2026-07-10 22:42:43,241 - Content Certificate Generation Utility started (Logging to sb_content_cert.log)
2026-07-10 22:42:43,241 - Parsing config file: cert/cfg/ICVSBContent.cfg
2026-07-10 22:42:43,241 - Parsed config items:
cert-keypair:	cert/key/ICVSBContent.pem
cert-keypair-pwd:	cert/key/ICVSBContent.pwd
load-verify-scheme:	0
crypto-type:	0
aes-ce-id:	0
aes-enc-key:	cert/key/KCEICV.txt
images-table:	cert/Images.txt
nvcounter-val:	1
cert-pkg:	cert/ICVSBContent.crt
2026-07-10 22:42:43,241 - **** Creating Content Certificate ****
2026-07-10 22:42:43,244 - **** Certificate file (context) creation has been completed successfully ****
2026-07-10 22:42:43,371 - Content Certificate Generation Utility started (Logging to sb_content_cert.log)
2026-07-10 22:42:43,371 - Parsing config file: cert/cfg/ICVSBContent.cfg
2026-07-10 22:42:43,372 - Parsed config items:
cert-keypair:	cert/key/ICVSBContent.pem
cert-keypair-pwd:	cert/key/ICVSBContent.pwd
load-verify-scheme:	0
crypto-type:	0
aes-ce-id:	0
aes-enc-key:	cert/key/KCEICV.txt
images-table:	cert/Images.txt
nvcounter-val:	1
cert-pkg:	cert/ICVSBContent.crt
2026-07-10 22:42:43,372 - **** Creating Content Certificate ****
2026-07-10 22:42:43,374 - **** Certificate file (context) creation has been completed successfully ****
2026-07-10 22:42:43,847 - Content Certificate Generation Utility started (Logging to sb_content_cert.log)
2026-07-10 22:42:43,848 - Parsing config file: cert/cfg/ICVSBContent.cfg
2026-07-10 22:42:43,848 - Parsed config items:
cert-keypair:	cert/key/ICVSBContent.pem
cert-keypair-pwd:	cert/key/ICVSBContent.pwd
load-verify-scheme:	0
crypto-type:	0
aes-ce-id:	0
aes-enc-key:	cert/key/KCEICV.txt
images-table:	cert/Images.txt
nvcounter-val:	1
cert-pkg:	cert/ICVSBContent.crt
2026-07-10 22:42:43,848 - **** Creating Content Certificate ****
2026-07-10 22:42:43,852 - **** Certificate file (context) creation has been completed successfully ****
2026-07-10 22:42:43,993 - Content Certificate Generation Utility started (Logging to sb_content_cert.log)
2026-07-10 22:42:43,994 - Parsing config file: cert/cfg/ICVSBContent.cfg
2026-07-10 22:42:43,994 - Parsed config items:
cert-keypair:	cert/key/ICVSBContent.pem
cert-keypair-pwd:	cert/key/ICVSBContent.pwd
load-verify-scheme:	0
crypto-type:	0
aes-ce-id:	0
aes-enc-key:	cert/key/KCEICV.txt
images-table:	cert/Images.txt
nvcounter-val:	1
cert-pkg:	cert/ICVSBContent.crt
2026-07-10 22:42:43,994 - **** Creating Content Certificate ****
2026-07-10 22:42:43,996 - **** Certificate file (context) creation has been completed successfully ****
2026-07-11 21:21:03,476 - Content Certificate Generation Utility started (Logging to sb_content_cert.log)
2026-07-11 21:21:03,476 - Parsing config file: cert/cfg/ICVSBContent.cfg
2026-07-11 21:21:03,477 - Parsed config items:
cert-keypair:	cert/key/ICVSBContent.pem
cert-keypair-pwd:	cert/key/ICVSBContent.pwd
load-verify-scheme:	0
crypto-type:	0
aes-ce-id:	0
aes-enc-key:	cert/key/KCEICV.txt
images-table:	cert/Images.txt
nvcounter-val:	1
cert-pkg:	cert/ICVSBContent.crt
2026-07-11 21:21:03,477 - **** Creating Content Certificate ****
2026-07-11 21:21:03,479 - **** Certificate file (context) creation has been completed successfully ****
2026-07-11 21:21:03,604 - Content Certificate Generation Utility started (Logging to sb_content_cert.log)
2026-07-11 21:21:03,604 - Parsing config file: cert/cfg/ICVSBContent.cfg
2026-07-11 21:21:03,604 - Parsed config items:
cert-keypair:	cert/key/ICVSBContent.pem
cert-keypair-pwd:	cert/key/ICVSBContent.pwd
load-verify-scheme:	0
crypto-type:	0
aes-ce-id:	0
aes-enc-key:	cert/key/KCEICV.txt
images-table:	cert/Images.txt
nvcounter-val:	1
cert-pkg:	cert/ICVSBContent.crt
2026-07-11 21:21:03,604 - **** Creating Content Certificate ****
2026-07-11 21:21:03,606 - **** Certificate file (context) creation has been completed successfully ****
2026-07-11 21:21:03,755 - Content Certificate Generation Utility started (Logging to sb_content_cert.log)
2026-07-11 21:21:03,756 - Parsing config file: cert/cfg/ICVSBContent.cfg
2026-07-11 21:21:03,756 - Parsed config items:
cert-keypair:	cert/key/ICVSBContent.pem
cert-keypair-pwd:	cert/key/ICVSBContent.pwd
load-verify-scheme:	0
crypto-type:	0
aes-ce-id:	0
aes-enc-key:	cert/key/KCEICV.txt
images-table:	cert/Images.txt
nvcounter-val:	1
cert-pkg:	cert/ICVSBContent.crt
2026-07-11 21:21:03,756 - **** Creating Content Certificate ****
2026-07-11 21:21:03,759 - **** Certificate file (context) creation has been completed successfully ****
2026-07-11 21:21:03,880 - Content Certificate Generation Utility started (Logging to sb_content_cert.log)
2026-07-11 21:21:03,880 - Parsing config file: cert/cfg/ICVSBContent.cfg
2026-07-11 21:21:03,881 - Parsed config items:
cert-keypair:	cert/key/ICVSBContent.pem
cert-keypair-pwd:	cert/key/ICVSBContent.pwd
load-verify-scheme:	0
crypto-type:	0
aes-ce-id:	0
aes-enc-key:	cert/key/KCEICV.txt
images-table:	cert/Images.txt
nvcounter-val:	1
cert-pkg:	cert/ICVSBContent.crt
2026-07-11 21:21:03,881 - **** Creating Content Certificate ****
2026-07-11 21:21:03,883 - **** Certificate file (context) creation has been completed successfully ****
2026-07-11 21:21:04,667 - Content Certificate Generation Utility started (Logging to sb_content_cert.log)
2026-07-11 21:21:04,667 - Parsing config file: cert/cfg/ICVSBContent.cfg
2026-07-11 21:21:04,667 - Parsed config items:
cert-keypair:	cert/key/ICVSBContent.pem
cert-keypair-pwd:	cert/key/ICVSBContent.pwd
load-verify-scheme:	0
crypto-type:	0
aes-ce-id:	0
aes-enc-key:	cert/key/KCEICV.txt
images-table:	cert/Images.txt
nvcounter-val:	1
cert-pkg:	cert/ICVSBContent.crt
2026-07-11 21:21:04,667 - **** Creating Content Certificate ****
2026-07-11 21:21:04,669 - **** Certificate file (context) creation has been completed successfully ****
2026-07-11 21:21:04,798 - Content Certificate Generation Utility started (Logging to sb_content_cert.log)
2026-07-11 21:21:04,798 - Parsing config file: cert/cfg/ICVSBContent.cfg
2026-07-11 21:21:04,799 - Parsed config items:
cert-keypair:	cert/key/ICVSBContent.pem
cert-keypair-pwd:	cert/key/ICVSBContent.pwd
load-verify-scheme:	0
crypto-type:	0
aes-ce-id:	0
aes-enc-key:	cert/key/KCEICV.txt
images-table:	cert/Images.txt
nvcounter-val:	1
cert-pkg:	cert/ICVSBContent.crt
2026-07-11 21:21:04,799 - **** Creating Content Certificate ****
2026-07-11 21:21:04,803 - **** Certificate file (context) creation has been completed successfully ****
2026-07-11 21:21:08,626 - Content Certificate Generation Utility started (Logging to sb_content_cert.log)
2026-07-11 21:21:08,626 - Parsing config file: cert/cfg/ICVSBContent.cfg
2026-07-11 21:21:08,627 - Parsed config items:
cert-keypair:	cert/key/ICVSBContent.pem
cert-keypair-pwd:	cert/key/ICVSBContent.pwd
load-verify-scheme:	0
crypto-type:	0
aes-ce-id:	0
aes-enc-key:	cert/key/KCEICV.txt
images-table:	cert/Images.txt
nvcounter-val:	1
cert-pkg:	cert/ICVSBContent.crt
2026-07-11 21:21:08,627 - **** Creating Content Certificate ****
2026-07-11 21:21:08,629 - **** Certificate file (context) creation has been completed successfully ****
2026-07-11 21:21:08,754 - Content Certificate Generation Utility started (Logging to sb_content_cert.log)
2026-07-11 21:21:08,754 - Parsing config file: cert/cfg/ICVSBContent.cfg
2026-07-11 21:21:08,754 - Parsed config items:
cert-keypair:	cert/key/ICVSBContent.pem
cert-keypair-pwd:	cert/key/ICVSBContent.pwd
load-verify-scheme:	0
crypto-type:	0
aes-ce-id:	0
aes-enc-key:	cert/key/KCEICV.txt
images-table:	cert/Images.txt
nvcounter-val:	1
cert-pkg:	cert/ICVSBContent.crt
2026-07-11 21:21:08,754 - **** Creating Content Certificate ****
2026-07-11 21:21:08,756 - **** Certificate file (context) creation has been completed successfully ****
2026-07-11 21:21:08,906 - Content Certificate Generation Utility started (Logging to sb_content_cert.log)
2026-07-11 21:21:08,906 - Parsing config file: cert/cfg/ICVSBContent.cfg
2026-07-11 21:21:08,906 - Parsed config items:
cert-keypair:	cert/key/ICVSBContent.pem
cert-keypair-pwd:	cert/key/ICVSBContent.pwd
load-verify-scheme:	0
crypto-type:	0
aes-ce-id:	0
aes-enc-key:	cert/key/KCEICV.txt
images-table:	cert/Images.txt
nvcounter-val:	1
cert-pkg:	cert/ICVSBContent.crt
2026-07-11 21:21:08,906 - **** Creating Content Certificate ****
2026-07-11 21:21:08,909 - **** Certificate file (context) creation has been completed successfully ****
2026-07-11 21:21:09,033 - Content Certificate Generation Utility started (Logging to sb_content_cert.log)
2026-07-11 21:21:09,033 - Parsing config file: cert/cfg/ICVSBContent.cfg
2026-07-11 21:21:09,034 - Parsed config items:
cert-keypair:	cert/key/ICVSBContent.pem
cert-keypair-pwd:	cert/key/ICVSBContent.pwd
load-verify-scheme:	0
crypto-type:	0
aes-ce-id:	0
aes-enc-key:	cert/key/KCEICV.txt
images-table:	cert/Images.txt
nvcounter-val:	1
cert-pkg:	cert/ICVSBContent.crt
2026-07-11 21:21:09,034 - **** Creating Content Certificate ****
2026-07-11 21:21:09,036 - **** Certificate file (context) creation has been completed successfully ****
2026-07-11 21:21:09,765 - Content Certificate Generation Utility started (Logging to sb_content_cert.log)
2026-07-11 21:21:09,765 - Parsing config file: cert/cfg/ICVSBContent.cfg
2026-07-11 21:21:09,765 - Parsed config items:
cert-keypair:	cert/key/ICVSBContent.pem
cert-keypair-pwd:	cert/key/ICVSBContent.pwd
load-verify-scheme:	0
crypto-type:	0
aes-ce-id:	0
aes-enc-key:	cert/key/KCEICV.txt
images-table:	cert/Images.txt
nvcounter-val:	1
cert-pkg:	cert/ICVSBContent.crt
2026-07-11 21:21:09,765 - **** Creating Content Certificate ****
2026-07-11 21:21:09,768 - **** Certificate file (context) creation has been completed successfully ****
2026-07-11 21:21:09,899 - Content Certificate Generation Utility started (Logging to sb_content_cert.log)
2026-07-11 21:21:09,899 - Parsing config file: cert/cfg/ICVSBContent.cfg
2026-07-11 21:21:09,899 - Parsed config items:
cert-keypair:	cert/key/ICVSBContent.pem
cert-keypair-pwd:	cert/key/ICVSBContent.pwd
load-verify-scheme:	0
crypto-type:	0
aes-ce-id:	0
aes-enc-key:	cert/key/KCEICV.txt
images-table:	cert/Images.txt
nvcounter-val:	1
cert-pkg:	cert/ICVSBContent.crt
2026-07-11 21:21:09,899 - **** Creating Content Certificate ****
2026-07-11 21:21:09,902 - **** Certificate file (context) creation has been completed successfully ****
